2025-02-11 20:34:03,723 [Worker-8: Loading available Gradle versions] INFO  o.e.b.c.i.u.g.PublishedGradleVersions - Gradle version information cache is up-to-date. Trying to read.
2025-02-11 20:43:03,793 [ModalContext] INFO  o.e.m.c.i.e.AbstractTransferListenerAdapter - Downloading https://repo.maven.apache.org/maven2/org/apache/maven/archetypes/maven-archetype-quickstart/1.1/maven-archetype-quickstart-1.1.pom
2025-02-11 20:43:03,807 [ModalContext] INFO  o.e.m.c.i.e.AbstractTransferListenerAdapter - Downloaded https://repo.maven.apache.org/maven2/org/apache/maven/archetypes/maven-archetype-quickstart/1.1/maven-archetype-quickstart-1.1.pom
2025-02-11 20:43:03,840 [ModalContext] INFO  o.e.m.c.i.e.AbstractTransferListenerAdapter - Downloading https://repo.maven.apache.org/maven2/org/apache/maven/archetypes/maven-archetype-bundles/4/maven-archetype-bundles-4.pom
2025-02-11 20:43:03,848 [ModalContext] INFO  o.e.m.c.i.e.AbstractTransferListenerAdapter - Downloaded https://repo.maven.apache.org/maven2/org/apache/maven/archetypes/maven-archetype-bundles/4/maven-archetype-bundles-4.pom
2025-02-11 20:43:03,873 [ModalContext] INFO  o.e.m.c.i.e.AbstractTransferListenerAdapter - Downloading https://repo.maven.apache.org/maven2/org/apache/maven/archetype/maven-archetype/2.0-alpha-5/maven-archetype-2.0-alpha-5.pom
2025-02-11 20:43:03,878 [ModalContext] INFO  o.e.m.c.i.e.AbstractTransferListenerAdapter - Downloaded https://repo.maven.apache.org/maven2/org/apache/maven/archetype/maven-archetype/2.0-alpha-5/maven-archetype-2.0-alpha-5.pom
2025-02-11 20:43:03,898 [ModalContext] INFO  o.e.m.c.i.e.AbstractTransferListenerAdapter - Downloading https://repo.maven.apache.org/maven2/org/apache/maven/maven-parent/16/maven-parent-16.pom
2025-02-11 20:43:03,919 [ModalContext] INFO  o.e.m.c.i.e.AbstractTransferListenerAdapter - Downloaded https://repo.maven.apache.org/maven2/org/apache/maven/maven-parent/16/maven-parent-16.pom
2025-02-11 20:43:03,955 [ModalContext] INFO  o.e.m.c.i.e.AbstractTransferListenerAdapter - Downloading https://repo.maven.apache.org/maven2/org/apache/maven/archetypes/maven-archetype-quickstart/1.1/maven-archetype-quickstart-1.1.jar
2025-02-11 20:43:03,959 [ModalContext] INFO  o.e.m.c.i.e.AbstractTransferListenerAdapter - Downloaded https://repo.maven.apache.org/maven2/org/apache/maven/archetypes/maven-archetype-quickstart/1.1/maven-archetype-quickstart-1.1.jar
2025-02-11 20:44:23,686 [Worker-14: Launching mavenrun-f6196c8e-2c57-4ccc-a2f2-96e5282b139b] INFO  o.eclipse.m2e.core.internal.Bundles - getClasspathEntries(Bundle=org.eclipse.m2e.maven.runtime_3.9.900.20240824-1409 [640])
2025-02-11 20:44:23,687 [Worker-14: Launching mavenrun-f6196c8e-2c57-4ccc-a2f2-96e5282b139b] INFO  o.eclipse.m2e.core.internal.Bundles - 	Entry: C:\Users\akash\.p2\pool\plugins\org.eclipse.m2e.maven.runtime_3.9.900.20240824-1409
2025-02-11 20:44:23,687 [Worker-14: Launching mavenrun-f6196c8e-2c57-4ccc-a2f2-96e5282b139b] INFO  o.eclipse.m2e.core.internal.Bundles - 	Entry: C:\Users\akash\.p2\pool\plugins\org.eclipse.m2e.maven.runtime_3.9.900.20240824-1409\jars\aopalliance-1.0.jar
2025-02-11 20:44:23,687 [Worker-14: Launching mavenrun-f6196c8e-2c57-4ccc-a2f2-96e5282b139b] INFO  o.eclipse.m2e.core.internal.Bundles - 	Entry: C:\Users\akash\.p2\pool\plugins\org.eclipse.m2e.maven.runtime_3.9.900.20240824-1409\jars\guice-5.1.0.jar
2025-02-11 20:44:23,687 [Worker-14: Launching mavenrun-f6196c8e-2c57-4ccc-a2f2-96e5282b139b] INFO  o.eclipse.m2e.core.internal.Bundles - 	Entry: C:\Users\akash\.p2\pool\plugins\org.eclipse.m2e.maven.runtime_3.9.900.20240824-1409\jars\httpclient-4.5.14.jar
2025-02-11 20:44:23,687 [Worker-14: Launching mavenrun-f6196c8e-2c57-4ccc-a2f2-96e5282b139b] INFO  o.eclipse.m2e.core.internal.Bundles - 	Entry: C:\Users\akash\.p2\pool\plugins\org.eclipse.m2e.maven.runtime_3.9.900.20240824-1409\jars\httpcore-4.4.16.jar
2025-02-11 20:44:23,687 [Worker-14: Launching mavenrun-f6196c8e-2c57-4ccc-a2f2-96e5282b139b] INFO  o.eclipse.m2e.core.internal.Bundles - 	Entry: C:\Users\akash\.p2\pool\plugins\org.eclipse.m2e.maven.runtime_3.9.900.20240824-1409\jars\jansi-2.4.1.jar
2025-02-11 20:44:23,687 [Worker-14: Launching mavenrun-f6196c8e-2c57-4ccc-a2f2-96e5282b139b] INFO  o.eclipse.m2e.core.internal.Bundles - 	Entry: C:\Users\akash\.p2\pool\plugins\org.eclipse.m2e.maven.runtime_3.9.900.20240824-1409\jars\jcl-over-slf4j-1.7.36.jar
2025-02-11 20:44:23,687 [Worker-14: Launching mavenrun-f6196c8e-2c57-4ccc-a2f2-96e5282b139b] INFO  o.eclipse.m2e.core.internal.Bundles - 	Entry: C:\Users\akash\.p2\pool\plugins\org.eclipse.m2e.maven.runtime_3.9.900.20240824-1409\jars\maven-artifact-3.9.9.jar
2025-02-11 20:44:23,687 [Worker-14: Launching mavenrun-f6196c8e-2c57-4ccc-a2f2-96e5282b139b] INFO  o.eclipse.m2e.core.internal.Bundles - 	Entry: C:\Users\akash\.p2\pool\plugins\org.eclipse.m2e.maven.runtime_3.9.900.20240824-1409\jars\maven-builder-support-3.9.9.jar
2025-02-11 20:44:23,688 [Worker-14: Launching mavenrun-f6196c8e-2c57-4ccc-a2f2-96e5282b139b] INFO  o.eclipse.m2e.core.internal.Bundles - 	Entry: C:\Users\akash\.p2\pool\plugins\org.eclipse.m2e.maven.runtime_3.9.900.20240824-1409\jars\maven-compat-3.9.9.jar
2025-02-11 20:44:23,688 [Worker-14: Launching mavenrun-f6196c8e-2c57-4ccc-a2f2-96e5282b139b] INFO  o.eclipse.m2e.core.internal.Bundles - 	Entry: C:\Users\akash\.p2\pool\plugins\org.eclipse.m2e.maven.runtime_3.9.900.20240824-1409\jars\maven-core-3.9.9.jar
2025-02-11 20:44:23,688 [Worker-14: Launching mavenrun-f6196c8e-2c57-4ccc-a2f2-96e5282b139b] INFO  o.eclipse.m2e.core.internal.Bundles - 	Entry: C:\Users\akash\.p2\pool\plugins\org.eclipse.m2e.maven.runtime_3.9.900.20240824-1409\jars\maven-embedder-3.9.9.jar
2025-02-11 20:44:23,688 [Worker-14: Launching mavenrun-f6196c8e-2c57-4ccc-a2f2-96e5282b139b] INFO  o.eclipse.m2e.core.internal.Bundles - 	Entry: C:\Users\akash\.p2\pool\plugins\org.eclipse.m2e.maven.runtime_3.9.900.20240824-1409\jars\maven-model-3.9.9.jar
2025-02-11 20:44:23,688 [Worker-14: Launching mavenrun-f6196c8e-2c57-4ccc-a2f2-96e5282b139b] INFO  o.eclipse.m2e.core.internal.Bundles - 	Entry: C:\Users\akash\.p2\pool\plugins\org.eclipse.m2e.maven.runtime_3.9.900.20240824-1409\jars\maven-model-builder-3.9.9.jar
2025-02-11 20:44:23,688 [Worker-14: Launching mavenrun-f6196c8e-2c57-4ccc-a2f2-96e5282b139b] INFO  o.eclipse.m2e.core.internal.Bundles - 	Entry: C:\Users\akash\.p2\pool\plugins\org.eclipse.m2e.maven.runtime_3.9.900.20240824-1409\jars\maven-plugin-api-3.9.9.jar
2025-02-11 20:44:23,688 [Worker-14: Launching mavenrun-f6196c8e-2c57-4ccc-a2f2-96e5282b139b] INFO  o.eclipse.m2e.core.internal.Bundles - 	Entry: C:\Users\akash\.p2\pool\plugins\org.eclipse.m2e.maven.runtime_3.9.900.20240824-1409\jars\maven-repository-metadata-3.9.9.jar
2025-02-11 20:44:23,688 [Worker-14: Launching mavenrun-f6196c8e-2c57-4ccc-a2f2-96e5282b139b] INFO  o.eclipse.m2e.core.internal.Bundles - 	Entry: C:\Users\akash\.p2\pool\plugins\org.eclipse.m2e.maven.runtime_3.9.900.20240824-1409\jars\maven-resolver-api-1.9.22.jar
2025-02-11 20:44:23,688 [Worker-14: Launching mavenrun-f6196c8e-2c57-4ccc-a2f2-96e5282b139b] INFO  o.eclipse.m2e.core.internal.Bundles - 	Entry: C:\Users\akash\.p2\pool\plugins\org.eclipse.m2e.maven.runtime_3.9.900.20240824-1409\jars\maven-resolver-connector-basic-1.9.22.jar
2025-02-11 20:44:23,688 [Worker-14: Launching mavenrun-f6196c8e-2c57-4ccc-a2f2-96e5282b139b] INFO  o.eclipse.m2e.core.internal.Bundles - 	Entry: C:\Users\akash\.p2\pool\plugins\org.eclipse.m2e.maven.runtime_3.9.900.20240824-1409\jars\maven-resolver-impl-1.9.22.jar
2025-02-11 20:44:23,688 [Worker-14: Launching mavenrun-f6196c8e-2c57-4ccc-a2f2-96e5282b139b] INFO  o.eclipse.m2e.core.internal.Bundles - 	Entry: C:\Users\akash\.p2\pool\plugins\org.eclipse.m2e.maven.runtime_3.9.900.20240824-1409\jars\maven-resolver-named-locks-1.9.22.jar
2025-02-11 20:44:23,688 [Worker-14: Launching mavenrun-f6196c8e-2c57-4ccc-a2f2-96e5282b139b] INFO  o.eclipse.m2e.core.internal.Bundles - 	Entry: C:\Users\akash\.p2\pool\plugins\org.eclipse.m2e.maven.runtime_3.9.900.20240824-1409\jars\maven-resolver-provider-3.9.9.jar
2025-02-11 20:44:23,688 [Worker-14: Launching mavenrun-f6196c8e-2c57-4ccc-a2f2-96e5282b139b] INFO  o.eclipse.m2e.core.internal.Bundles - 	Entry: C:\Users\akash\.p2\pool\plugins\org.eclipse.m2e.maven.runtime_3.9.900.20240824-1409\jars\maven-resolver-spi-1.9.22.jar
2025-02-11 20:44:23,688 [Worker-14: Launching mavenrun-f6196c8e-2c57-4ccc-a2f2-96e5282b139b] INFO  o.eclipse.m2e.core.internal.Bundles - 	Entry: C:\Users\akash\.p2\pool\plugins\org.eclipse.m2e.maven.runtime_3.9.900.20240824-1409\jars\maven-resolver-transport-file-1.9.22.jar
2025-02-11 20:44:23,689 [Worker-14: Launching mavenrun-f6196c8e-2c57-4ccc-a2f2-96e5282b139b] INFO  o.eclipse.m2e.core.internal.Bundles - 	Entry: C:\Users\akash\.p2\pool\plugins\org.eclipse.m2e.maven.runtime_3.9.900.20240824-1409\jars\maven-resolver-transport-http-1.9.22.jar
2025-02-11 20:44:23,689 [Worker-14: Launching mavenrun-f6196c8e-2c57-4ccc-a2f2-96e5282b139b] INFO  o.eclipse.m2e.core.internal.Bundles - 	Entry: C:\Users\akash\.p2\pool\plugins\org.eclipse.m2e.maven.runtime_3.9.900.20240824-1409\jars\maven-resolver-transport-wagon-1.9.22.jar
2025-02-11 20:44:23,689 [Worker-14: Launching mavenrun-f6196c8e-2c57-4ccc-a2f2-96e5282b139b] INFO  o.eclipse.m2e.core.internal.Bundles - 	Entry: C:\Users\akash\.p2\pool\plugins\org.eclipse.m2e.maven.runtime_3.9.900.20240824-1409\jars\maven-resolver-util-1.9.22.jar
2025-02-11 20:44:23,689 [Worker-14: Launching mavenrun-f6196c8e-2c57-4ccc-a2f2-96e5282b139b] INFO  o.eclipse.m2e.core.internal.Bundles - 	Entry: C:\Users\akash\.p2\pool\plugins\org.eclipse.m2e.maven.runtime_3.9.900.20240824-1409\jars\maven-settings-3.9.9.jar
2025-02-11 20:44:23,689 [Worker-14: Launching mavenrun-f6196c8e-2c57-4ccc-a2f2-96e5282b139b] INFO  o.eclipse.m2e.core.internal.Bundles - 	Entry: C:\Users\akash\.p2\pool\plugins\org.eclipse.m2e.maven.runtime_3.9.900.20240824-1409\jars\maven-settings-builder-3.9.9.jar
2025-02-11 20:44:23,689 [Worker-14: Launching mavenrun-f6196c8e-2c57-4ccc-a2f2-96e5282b139b] INFO  o.eclipse.m2e.core.internal.Bundles - 	Entry: C:\Users\akash\.p2\pool\plugins\org.eclipse.m2e.maven.runtime_3.9.900.20240824-1409\jars\maven-shared-utils-3.4.2.jar
2025-02-11 20:44:23,689 [Worker-14: Launching mavenrun-f6196c8e-2c57-4ccc-a2f2-96e5282b139b] INFO  o.eclipse.m2e.core.internal.Bundles - 	Entry: C:\Users\akash\.p2\pool\plugins\org.eclipse.m2e.maven.runtime_3.9.900.20240824-1409\jars\org.eclipse.sisu.inject-0.9.0.M3.jar
2025-02-11 20:44:23,689 [Worker-14: Launching mavenrun-f6196c8e-2c57-4ccc-a2f2-96e5282b139b] INFO  o.eclipse.m2e.core.internal.Bundles - 	Entry: C:\Users\akash\.p2\pool\plugins\org.eclipse.m2e.maven.runtime_3.9.900.20240824-1409\jars\org.eclipse.sisu.plexus-0.9.0.M3.jar
2025-02-11 20:44:23,689 [Worker-14: Launching mavenrun-f6196c8e-2c57-4ccc-a2f2-96e5282b139b] INFO  o.eclipse.m2e.core.internal.Bundles - 	Entry: C:\Users\akash\.p2\pool\plugins\org.eclipse.m2e.maven.runtime_3.9.900.20240824-1409\jars\plexus-build-api-0.0.7.jar
2025-02-11 20:44:23,689 [Worker-14: Launching mavenrun-f6196c8e-2c57-4ccc-a2f2-96e5282b139b] INFO  o.eclipse.m2e.core.internal.Bundles - 	Entry: C:\Users\akash\.p2\pool\plugins\org.eclipse.m2e.maven.runtime_3.9.900.20240824-1409\jars\plexus-build-api-1.2.0.jar
2025-02-11 20:44:23,689 [Worker-14: Launching mavenrun-f6196c8e-2c57-4ccc-a2f2-96e5282b139b] INFO  o.eclipse.m2e.core.internal.Bundles - 	Entry: C:\Users\akash\.p2\pool\plugins\org.eclipse.m2e.maven.runtime_3.9.900.20240824-1409\jars\plexus-cipher-2.0.jar
2025-02-11 20:44:23,689 [Worker-14: Launching mavenrun-f6196c8e-2c57-4ccc-a2f2-96e5282b139b] INFO  o.eclipse.m2e.core.internal.Bundles - 	Entry: C:\Users\akash\.p2\pool\plugins\org.eclipse.m2e.maven.runtime_3.9.900.20240824-1409\jars\plexus-classworlds-2.8.0.jar
2025-02-11 20:44:23,689 [Worker-14: Launching mavenrun-f6196c8e-2c57-4ccc-a2f2-96e5282b139b] INFO  o.eclipse.m2e.core.internal.Bundles - 	Entry: C:\Users\akash\.p2\pool\plugins\org.eclipse.m2e.maven.runtime_3.9.900.20240824-1409\jars\plexus-component-annotations-2.1.0.jar
2025-02-11 20:44:23,689 [Worker-14: Launching mavenrun-f6196c8e-2c57-4ccc-a2f2-96e5282b139b] INFO  o.eclipse.m2e.core.internal.Bundles - 	Entry: C:\Users\akash\.p2\pool\plugins\org.eclipse.m2e.maven.runtime_3.9.900.20240824-1409\jars\plexus-interpolation-1.27.jar
2025-02-11 20:44:23,689 [Worker-14: Launching mavenrun-f6196c8e-2c57-4ccc-a2f2-96e5282b139b] INFO  o.eclipse.m2e.core.internal.Bundles - 	Entry: C:\Users\akash\.p2\pool\plugins\org.eclipse.m2e.maven.runtime_3.9.900.20240824-1409\jars\plexus-sec-dispatcher-2.0.jar
2025-02-11 20:44:23,690 [Worker-14: Launching mavenrun-f6196c8e-2c57-4ccc-a2f2-96e5282b139b] INFO  o.eclipse.m2e.core.internal.Bundles - 	Entry: C:\Users\akash\.p2\pool\plugins\org.eclipse.m2e.maven.runtime_3.9.900.20240824-1409\jars\plexus-utils-3.5.1.jar
2025-02-11 20:44:23,690 [Worker-14: Launching mavenrun-f6196c8e-2c57-4ccc-a2f2-96e5282b139b] INFO  o.eclipse.m2e.core.internal.Bundles - 	Entry: C:\Users\akash\.p2\pool\plugins\org.eclipse.m2e.maven.runtime_3.9.900.20240824-1409\jars\plexus-xml-3.0.1.jar
2025-02-11 20:44:23,690 [Worker-14: Launching mavenrun-f6196c8e-2c57-4ccc-a2f2-96e5282b139b] INFO  o.eclipse.m2e.core.internal.Bundles - 	Entry: C:\Users\akash\.p2\pool\plugins\org.eclipse.m2e.maven.runtime_3.9.900.20240824-1409\jars\wagon-file-3.5.3.jar
2025-02-11 20:44:23,690 [Worker-14: Launching mavenrun-f6196c8e-2c57-4ccc-a2f2-96e5282b139b] INFO  o.eclipse.m2e.core.internal.Bundles - 	Entry: C:\Users\akash\.p2\pool\plugins\org.eclipse.m2e.maven.runtime_3.9.900.20240824-1409\jars\wagon-http-3.5.3.jar
2025-02-11 20:44:23,690 [Worker-14: Launching mavenrun-f6196c8e-2c57-4ccc-a2f2-96e5282b139b] INFO  o.eclipse.m2e.core.internal.Bundles - 	Entry: C:\Users\akash\.p2\pool\plugins\org.eclipse.m2e.maven.runtime_3.9.900.20240824-1409\jars\wagon-http-shared-3.5.3.jar
2025-02-11 20:44:23,690 [Worker-14: Launching mavenrun-f6196c8e-2c57-4ccc-a2f2-96e5282b139b] INFO  o.eclipse.m2e.core.internal.Bundles - 	Entry: C:\Users\akash\.p2\pool\plugins\org.eclipse.m2e.maven.runtime_3.9.900.20240824-1409\jars\wagon-provider-api-3.5.3.jar
2025-02-11 20:44:23,691 [Worker-14: Launching mavenrun-f6196c8e-2c57-4ccc-a2f2-96e5282b139b] INFO  o.eclipse.m2e.core.internal.Bundles - getClasspathEntries(Bundle=com.google.guava_33.3.0.jre [16])
2025-02-11 20:44:23,691 [Worker-14: Launching mavenrun-f6196c8e-2c57-4ccc-a2f2-96e5282b139b] INFO  o.eclipse.m2e.core.internal.Bundles - 	Entry: C:\Users\akash\.p2\pool\plugins\com.google.guava_33.3.0.jre.jar
2025-02-11 20:44:23,691 [Worker-14: Launching mavenrun-f6196c8e-2c57-4ccc-a2f2-96e5282b139b] INFO  o.eclipse.m2e.core.internal.Bundles - getClasspathEntries(Bundle=slf4j.api_2.0.16 [1005])
2025-02-11 20:44:23,691 [Worker-14: Launching mavenrun-f6196c8e-2c57-4ccc-a2f2-96e5282b139b] INFO  o.eclipse.m2e.core.internal.Bundles - 	Entry: C:\Users\akash\.p2\pool\plugins\slf4j.api_2.0.16.jar
2025-02-11 20:44:23,691 [Worker-14: Launching mavenrun-f6196c8e-2c57-4ccc-a2f2-96e5282b139b] INFO  o.eclipse.m2e.core.internal.Bundles - getClasspathEntries(Bundle=jakarta.inject.jakarta.inject-api_1.0.5 [34])
2025-02-11 20:44:23,692 [Worker-14: Launching mavenrun-f6196c8e-2c57-4ccc-a2f2-96e5282b139b] INFO  o.eclipse.m2e.core.internal.Bundles - 	Entry: C:\Users\akash\.p2\pool\plugins\jakarta.inject.jakarta.inject-api_1.0.5.jar
2025-02-11 20:44:23,692 [Worker-14: Launching mavenrun-f6196c8e-2c57-4ccc-a2f2-96e5282b139b] INFO  o.eclipse.m2e.core.internal.Bundles - getClasspathEntries(Bundle=jakarta.annotation-api_1.3.5 [29])
2025-02-11 20:44:23,692 [Worker-14: Launching mavenrun-f6196c8e-2c57-4ccc-a2f2-96e5282b139b] INFO  o.eclipse.m2e.core.internal.Bundles - 	Entry: C:\Users\akash\.p2\pool\plugins\jakarta.annotation-api_1.3.5.jar
2025-02-11 20:44:23,692 [Worker-14: Launching mavenrun-f6196c8e-2c57-4ccc-a2f2-96e5282b139b] INFO  o.eclipse.m2e.core.internal.Bundles - getClasspathEntries(Bundle=org.apache.commons.cli_1.9.0 [78])
2025-02-11 20:44:23,692 [Worker-14: Launching mavenrun-f6196c8e-2c57-4ccc-a2f2-96e5282b139b] INFO  o.eclipse.m2e.core.internal.Bundles - 	Entry: C:\Users\akash\.p2\pool\plugins\org.apache.commons.cli_1.9.0.jar
2025-02-11 20:44:23,692 [Worker-14: Launching mavenrun-f6196c8e-2c57-4ccc-a2f2-96e5282b139b] INFO  o.eclipse.m2e.core.internal.Bundles - getClasspathEntries(Bundle=org.apache.commons.commons-codec_1.16.0 [81])
2025-02-11 20:44:23,692 [Worker-14: Launching mavenrun-f6196c8e-2c57-4ccc-a2f2-96e5282b139b] INFO  o.eclipse.m2e.core.internal.Bundles - 	Entry: C:\Users\akash\.p2\pool\plugins\org.apache.commons.commons-codec_1.16.0.jar
2025-02-11 20:44:23,692 [Worker-14: Launching mavenrun-f6196c8e-2c57-4ccc-a2f2-96e5282b139b] INFO  o.eclipse.m2e.core.internal.Bundles - getClasspathEntries(Bundle=com.google.guava.failureaccess_1.0.2 [17])
2025-02-11 20:44:23,692 [Worker-14: Launching mavenrun-f6196c8e-2c57-4ccc-a2f2-96e5282b139b] INFO  o.eclipse.m2e.core.internal.Bundles - 	Entry: C:\Users\akash\.p2\pool\plugins\com.google.guava.failureaccess_1.0.2.jar
2025-02-11 20:44:23,696 [Worker-14: Launching mavenrun-f6196c8e-2c57-4ccc-a2f2-96e5282b139b] INFO  o.e.m.i.launch.MavenLaunchDelegate - Run build in "C:\Users\akash\AppData\Local\Temp\m2e-archetypeGenerator3830706465662663671":
2025-02-11 20:44:23,699 [Worker-14: Launching mavenrun-f6196c8e-2c57-4ccc-a2f2-96e5282b139b] INFO  o.e.m.i.launch.MavenLaunchDelegate -  mvn  -DarchetypeGroupId=org.apache.maven.archetypes -DarchetypeArtifactId=maven-archetype-quickstart -DarchetypeVersion=1.1 -DgroupId=pwskills -DartifactId=HibernateProject -Dversion=1.0.FINAL -Dpackage=in.pwskills.akash.main -DoutputDirectory=D:\OctBatchMicroservices\mvnpractise -Dstyle.color=always -U archetype:generate
2025-02-11 20:45:38,471 [Worker-31: Creating maven-archetype-quickstart] INFO  o.e.m.c.i.p.ProjectConfigurationManager - Collecting project info '/pom.xml' D:\OctBatchMicroservices\mvnpractise\HibernateProject\pom.xml
2025-02-11 20:45:38,834 [Worker-31: Creating maven-archetype-quickstart] INFO  o.e.m.c.i.l.LifecycleMappingFactory - Using org.eclipse.m2e.jdt.JarLifecycleMapping lifecycle mapping for MavenProject: pwskills:HibernateProject:1.0.FINAL @ D:\OctBatchMicroservices\mvnpractise\HibernateProject\pom.xml.
2025-02-11 20:45:39,257 [Worker-31: Creating maven-archetype-quickstart] INFO  o.e.m.j.i.AbstractJavaProjectConfigurator - Adding source folder /HibernateProject/src/main/java
2025-02-11 20:45:39,258 [Worker-31: Creating maven-archetype-quickstart] INFO  o.e.m.j.i.AbstractJavaProjectConfigurator - Adding resource folder /HibernateProject/src/main/resources
2025-02-11 20:45:39,265 [Worker-31: Creating maven-archetype-quickstart] INFO  o.e.m.j.i.AbstractJavaProjectConfigurator - Adding source folder /HibernateProject/src/test/java
2025-02-11 20:45:39,266 [Worker-31: Creating maven-archetype-quickstart] INFO  o.e.m.j.i.AbstractJavaProjectConfigurator - Adding resource folder /HibernateProject/src/test/resources
2025-02-11 20:45:39,347 [Worker-31: Creating maven-archetype-quickstart] INFO  o.e.m.c.i.p.ProjectConfigurationManager - Imported and configured 1 project(s) in 0 sec
2025-02-11 20:45:39,906 [Worker-36: Building] INFO  o.a.m.s.f.DefaultMavenResourcesFiltering - skip non existing resourceDirectory D:\OctBatchMicroservices\mvnpractise\HibernateProject\src\main\resources
2025-02-11 20:45:39,908 [Worker-36: Building] INFO  o.a.m.s.f.DefaultMavenResourcesFiltering - skip non existing resourceDirectory D:\OctBatchMicroservices\mvnpractise\HibernateProject\src\test\resources
2025-02-11 20:54:01,554 [Worker-41: Building] INFO  o.e.m.c.i.l.LifecycleMappingFactory - Using org.eclipse.m2e.jdt.JarLifecycleMapping lifecycle mapping for MavenProject: pwskills:02-Maven-App:1.4 @ D:\02-Maven-App\pom.xml.
2025-02-11 20:54:01,574 [Worker-41: Building] WARN  o.a.m.s.f.DefaultMavenResourcesFiltering - Using platform encoding (UTF-8 actually) to copy filtered resources, i.e. build is platform dependent!
2025-02-11 20:54:01,575 [Worker-41: Building] INFO  o.a.m.s.f.DefaultMavenResourcesFiltering - skip non existing resourceDirectory D:\02-Maven-App\src\main\resources
2025-02-11 20:54:01,576 [Worker-41: Building] WARN  o.a.m.s.f.DefaultMavenResourcesFiltering - Using platform encoding (UTF-8 actually) to copy filtered resources, i.e. build is platform dependent!
2025-02-11 20:54:01,577 [Worker-41: Building] INFO  o.a.m.s.f.DefaultMavenResourcesFiltering - skip non existing resourceDirectory D:\02-Maven-App\src\test\resources
2025-02-11 20:54:01,774 [Worker-41: Building] WARN  o.a.m.s.f.DefaultMavenResourcesFiltering - Using platform encoding (UTF-8 actually) to copy filtered resources, i.e. build is platform dependent!
2025-02-11 20:54:01,774 [Worker-41: Building] INFO  o.a.m.s.f.DefaultMavenResourcesFiltering - skip non existing resourceDirectory D:\02-Maven-App\src\main\resources
2025-02-11 20:54:01,775 [Worker-41: Building] WARN  o.a.m.s.f.DefaultMavenResourcesFiltering - Using platform encoding (UTF-8 actually) to copy filtered resources, i.e. build is platform dependent!
2025-02-11 20:54:01,776 [Worker-41: Building] INFO  o.a.m.s.f.DefaultMavenResourcesFiltering - skip non existing resourceDirectory D:\02-Maven-App\src\test\resources
2025-02-11 20:54:02,372 [Worker-37: Updating Maven Dependencies] INFO  o.e.m.c.i.l.LifecycleMappingFactory - Using org.eclipse.m2e.jdt.JarLifecycleMapping lifecycle mapping for MavenProject: pwskills:02-Maven-App:1.4 @ D:\02-Maven-App\pom.xml.
2025-02-11 20:54:21,769 [Worker-43: Building] INFO  o.e.m.c.i.l.LifecycleMappingFactory - Using org.eclipse.m2e.jdt.JarLifecycleMapping lifecycle mapping for MavenProject: pwskills:HibernateProject:1.0.FINAL @ D:\OctBatchMicroservices\mvnpractise\HibernateProjectss\pom.xml.
2025-02-11 20:54:21,786 [Worker-43: Building] INFO  o.a.m.s.f.DefaultMavenResourcesFiltering - skip non existing resourceDirectory D:\OctBatchMicroservices\mvnpractise\HibernateProjectss\src\main\resources
2025-02-11 20:54:21,788 [Worker-43: Building] INFO  o.a.m.s.f.DefaultMavenResourcesFiltering - skip non existing resourceDirectory D:\OctBatchMicroservices\mvnpractise\HibernateProjectss\src\test\resources
2025-02-11 20:54:22,963 [Worker-42: Building] INFO  o.a.m.s.f.DefaultMavenResourcesFiltering - skip non existing resourceDirectory D:\OctBatchMicroservices\mvnpractise\HibernateProjectss\src\main\resources
2025-02-11 20:54:22,965 [Worker-42: Building] INFO  o.a.m.s.f.DefaultMavenResourcesFiltering - skip non existing resourceDirectory D:\OctBatchMicroservices\mvnpractise\HibernateProjectss\src\test\resources
2025-02-11 20:54:50,388 [Worker-36: Building] INFO  o.e.m.c.i.l.LifecycleMappingFactory - Using org.eclipse.m2e.jdt.JarLifecycleMapping lifecycle mapping for MavenProject: pwskills:HibernateProject:1.0.FINAL @ D:\HibernateProject\pom.xml.
2025-02-11 20:54:50,873 [Worker-36: Building] INFO  o.e.m.c.i.embedder.EclipseLogger - Using 'UTF-8' encoding to copy filtered resources.
2025-02-11 20:54:50,873 [Worker-36: Building] INFO  o.e.m.c.i.embedder.EclipseLogger - skip non existing resourceDirectory D:\HibernateProject\src\main\resources
2025-02-11 20:54:50,875 [Worker-36: Building] INFO  o.e.m.c.i.embedder.EclipseLogger - Using 'UTF-8' encoding to copy filtered resources.
2025-02-11 20:54:50,875 [Worker-36: Building] INFO  o.e.m.c.i.embedder.EclipseLogger - skip non existing resourceDirectory D:\HibernateProject\src\test\resources
2025-02-11 20:54:52,139 [Worker-44: Updating Maven Dependencies] INFO  o.e.m.c.i.l.LifecycleMappingFactory - Using org.eclipse.m2e.jdt.JarLifecycleMapping lifecycle mapping for MavenProject: pwskills:HibernateProject:1.0.FINAL @ D:\HibernateProject\pom.xml.
2025-02-11 20:54:52,215 [Worker-40: Building] INFO  o.e.m.c.i.embedder.EclipseLogger - Using 'UTF-8' encoding to copy filtered resources.
2025-02-11 20:54:52,215 [Worker-40: Building] INFO  o.e.m.c.i.embedder.EclipseLogger - skip non existing resourceDirectory D:\HibernateProject\src\main\resources
2025-02-11 20:54:52,218 [Worker-40: Building] INFO  o.e.m.c.i.embedder.EclipseLogger - Using 'UTF-8' encoding to copy filtered resources.
2025-02-11 20:54:52,218 [Worker-40: Building] INFO  o.e.m.c.i.embedder.EclipseLogger - skip non existing resourceDirectory D:\HibernateProject\src\test\resources
2025-02-11 20:54:52,257 [Worker-43: Download sources and javadoc] INFO  o.e.m.c.i.e.AbstractTransferListenerAdapter - Downloaded https://repo.maven.apache.org/maven2/antlr/antlr/2.7.7/antlr-2.7.7-javadoc.jar
2025-02-11 20:54:52,261 [Worker-43: Download sources and javadoc] ERROR o.e.m.j.internal.DownloadSourcesJob - Could not download javadoc for antlr:antlr:2.7.7
org.eclipse.core.runtime.CoreException: Could not resolve artifact antlr:antlr:jar:javadoc:2.7.7
	at org.eclipse.m2e.core.internal.embedder.MavenImpl.lambda$7(MavenImpl.java:540)
	at org.eclipse.m2e.core.internal.embedder.MavenExecutionContext.executeBare(MavenExecutionContext.java:458)
	at org.eclipse.m2e.core.internal.embedder.MavenExecutionContext.execute(MavenExecutionContext.java:292)
	at org.eclipse.m2e.core.internal.embedder.MavenExecutionContext.execute(MavenExecutionContext.java:278)
	at org.eclipse.m2e.core.internal.embedder.MavenImpl.resolve(MavenImpl.java:509)
	at org.eclipse.m2e.core.internal.embedder.MavenImpl.resolve(MavenImpl.java:494)
	at org.eclipse.m2e.jdt.internal.DownloadSourcesJob.download(DownloadSourcesJob.java:308)
	at org.eclipse.m2e.jdt.internal.DownloadSourcesJob.downloadAttachments(DownloadSourcesJob.java:294)
	at org.eclipse.m2e.jdt.internal.DownloadSourcesJob.downloadMaven(DownloadSourcesJob.java:252)
	at org.eclipse.m2e.jdt.internal.DownloadSourcesJob.downloadFilesAndPopulateToUpdate(DownloadSourcesJob.java:220)
	at org.eclipse.m2e.jdt.internal.DownloadSourcesJob.lambda$0(DownloadSourcesJob.java:149)
	at org.eclipse.m2e.core.internal.embedder.MavenExecutionContext.executeBare(MavenExecutionContext.java:458)
	at org.eclipse.m2e.core.internal.embedder.MavenExecutionContext.execute(MavenExecutionContext.java:339)
	at org.eclipse.m2e.core.internal.embedder.MavenExecutionContext.execute(MavenExecutionContext.java:278)
	at org.eclipse.m2e.core.embedder.IMaven.execute(IMaven.java:300)
	at org.eclipse.m2e.jdt.internal.DownloadSourcesJob.run(DownloadSourcesJob.java:149)
	at org.eclipse.core.internal.jobs.Worker.run(Worker.java:63)
2025-02-11 20:54:53,416 [Worker-44: Building] INFO  o.e.m.c.i.embedder.EclipseLogger - Using 'UTF-8' encoding to copy filtered resources.
2025-02-11 20:54:53,416 [Worker-44: Building] INFO  o.e.m.c.i.embedder.EclipseLogger - skip non existing resourceDirectory D:\HibernateProject\src\main\resources
2025-02-11 20:54:53,417 [Worker-44: Building] INFO  o.e.m.c.i.embedder.EclipseLogger - Using 'UTF-8' encoding to copy filtered resources.
2025-02-11 20:54:53,417 [Worker-44: Building] INFO  o.e.m.c.i.embedder.EclipseLogger - skip non existing resourceDirectory D:\HibernateProject\src\test\resources
2025-02-11 21:06:00,216 [Worker-49: Building] INFO  o.e.m.c.i.l.LifecycleMappingFactory - Using org.eclipse.m2e.jdt.JarLifecycleMapping lifecycle mapping for MavenProject: pwskills:HibernateProject:1.0.FINAL @ D:\HibernateProject\pom.xml.
2025-02-11 21:06:00,524 [Worker-49: Building] INFO  o.e.m.c.i.embedder.EclipseLogger - Using 'UTF-8' encoding to copy filtered resources.
2025-02-11 21:06:00,524 [Worker-49: Building] INFO  o.e.m.c.i.embedder.EclipseLogger - skip non existing resourceDirectory D:\HibernateProject\src\main\resources
2025-02-11 21:06:00,527 [Worker-49: Building] INFO  o.e.m.c.i.embedder.EclipseLogger - Using 'UTF-8' encoding to copy filtered resources.
2025-02-11 21:06:00,527 [Worker-49: Building] INFO  o.e.m.c.i.embedder.EclipseLogger - skip non existing resourceDirectory D:\HibernateProject\src\test\resources
2025-02-11 21:06:00,722 [Worker-47: Updating Maven Dependencies] INFO  o.e.m.c.i.l.LifecycleMappingFactory - Using org.eclipse.m2e.jdt.JarLifecycleMapping lifecycle mapping for MavenProject: pwskills:HibernateProject:1.0.FINAL @ D:\HibernateProject\pom.xml.
2025-02-11 21:06:01,719 [Worker-47: Building] INFO  o.e.m.c.i.embedder.EclipseLogger - Using 'UTF-8' encoding to copy filtered resources.
2025-02-11 21:06:01,719 [Worker-47: Building] INFO  o.e.m.c.i.embedder.EclipseLogger - skip non existing resourceDirectory D:\HibernateProject\src\main\resources
2025-02-11 21:06:01,720 [Worker-47: Building] INFO  o.e.m.c.i.embedder.EclipseLogger - Using 'UTF-8' encoding to copy filtered resources.
2025-02-11 21:06:01,720 [Worker-47: Building] INFO  o.e.m.c.i.embedder.EclipseLogger - skip non existing resourceDirectory D:\HibernateProject\src\test\resources
2025-02-11 21:20:01,529 [Worker-56: Launching LoadRecordApp] INFO  o.e.m.c.i.embedder.EclipseLogger - Using 'UTF-8' encoding to copy filtered resources.
2025-02-11 21:20:01,529 [Worker-56: Launching LoadRecordApp] INFO  o.e.m.c.i.embedder.EclipseLogger - skip non existing resourceDirectory D:\HibernateProject\src\main\resources
2025-02-11 21:20:01,531 [Worker-56: Launching LoadRecordApp] INFO  o.e.m.c.i.embedder.EclipseLogger - Using 'UTF-8' encoding to copy filtered resources.
2025-02-11 21:20:01,531 [Worker-56: Launching LoadRecordApp] INFO  o.e.m.c.i.embedder.EclipseLogger - skip non existing resourceDirectory D:\HibernateProject\src\test\resources
2025-02-11 21:29:38,928 [Worker-59: Launching Executing clean in D__HibernateProject] INFO  o.eclipse.m2e.core.internal.Bundles - getClasspathEntries(Bundle=org.eclipse.m2e.maven.runtime_3.9.900.20240824-1409 [640])
2025-02-11 21:29:38,932 [Worker-59: Launching Executing clean in D__HibernateProject] INFO  o.eclipse.m2e.core.internal.Bundles - 	Entry: C:\Users\akash\.p2\pool\plugins\org.eclipse.m2e.maven.runtime_3.9.900.20240824-1409
2025-02-11 21:29:38,934 [Worker-59: Launching Executing clean in D__HibernateProject] INFO  o.eclipse.m2e.core.internal.Bundles - 	Entry: C:\Users\akash\.p2\pool\plugins\org.eclipse.m2e.maven.runtime_3.9.900.20240824-1409\jars\aopalliance-1.0.jar
2025-02-11 21:29:38,934 [Worker-59: Launching Executing clean in D__HibernateProject] INFO  o.eclipse.m2e.core.internal.Bundles - 	Entry: C:\Users\akash\.p2\pool\plugins\org.eclipse.m2e.maven.runtime_3.9.900.20240824-1409\jars\guice-5.1.0.jar
2025-02-11 21:29:38,934 [Worker-59: Launching Executing clean in D__HibernateProject] INFO  o.eclipse.m2e.core.internal.Bundles - 	Entry: C:\Users\akash\.p2\pool\plugins\org.eclipse.m2e.maven.runtime_3.9.900.20240824-1409\jars\httpclient-4.5.14.jar
2025-02-11 21:29:38,934 [Worker-59: Launching Executing clean in D__HibernateProject] INFO  o.eclipse.m2e.core.internal.Bundles - 	Entry: C:\Users\akash\.p2\pool\plugins\org.eclipse.m2e.maven.runtime_3.9.900.20240824-1409\jars\httpcore-4.4.16.jar
2025-02-11 21:29:38,934 [Worker-59: Launching Executing clean in D__HibernateProject] INFO  o.eclipse.m2e.core.internal.Bundles - 	Entry: C:\Users\akash\.p2\pool\plugins\org.eclipse.m2e.maven.runtime_3.9.900.20240824-1409\jars\jansi-2.4.1.jar
2025-02-11 21:29:38,934 [Worker-59: Launching Executing clean in D__HibernateProject] INFO  o.eclipse.m2e.core.internal.Bundles - 	Entry: C:\Users\akash\.p2\pool\plugins\org.eclipse.m2e.maven.runtime_3.9.900.20240824-1409\jars\jcl-over-slf4j-1.7.36.jar
2025-02-11 21:29:38,935 [Worker-59: Launching Executing clean in D__HibernateProject] INFO  o.eclipse.m2e.core.internal.Bundles - 	Entry: C:\Users\akash\.p2\pool\plugins\org.eclipse.m2e.maven.runtime_3.9.900.20240824-1409\jars\maven-artifact-3.9.9.jar
2025-02-11 21:29:38,935 [Worker-59: Launching Executing clean in D__HibernateProject] INFO  o.eclipse.m2e.core.internal.Bundles - 	Entry: C:\Users\akash\.p2\pool\plugins\org.eclipse.m2e.maven.runtime_3.9.900.20240824-1409\jars\maven-builder-support-3.9.9.jar
2025-02-11 21:29:38,935 [Worker-59: Launching Executing clean in D__HibernateProject] INFO  o.eclipse.m2e.core.internal.Bundles - 	Entry: C:\Users\akash\.p2\pool\plugins\org.eclipse.m2e.maven.runtime_3.9.900.20240824-1409\jars\maven-compat-3.9.9.jar
2025-02-11 21:29:38,935 [Worker-59: Launching Executing clean in D__HibernateProject] INFO  o.eclipse.m2e.core.internal.Bundles - 	Entry: C:\Users\akash\.p2\pool\plugins\org.eclipse.m2e.maven.runtime_3.9.900.20240824-1409\jars\maven-core-3.9.9.jar
2025-02-11 21:29:38,935 [Worker-59: Launching Executing clean in D__HibernateProject] INFO  o.eclipse.m2e.core.internal.Bundles - 	Entry: C:\Users\akash\.p2\pool\plugins\org.eclipse.m2e.maven.runtime_3.9.900.20240824-1409\jars\maven-embedder-3.9.9.jar
2025-02-11 21:29:38,935 [Worker-59: Launching Executing clean in D__HibernateProject] INFO  o.eclipse.m2e.core.internal.Bundles - 	Entry: C:\Users\akash\.p2\pool\plugins\org.eclipse.m2e.maven.runtime_3.9.900.20240824-1409\jars\maven-model-3.9.9.jar
2025-02-11 21:29:38,935 [Worker-59: Launching Executing clean in D__HibernateProject] INFO  o.eclipse.m2e.core.internal.Bundles - 	Entry: C:\Users\akash\.p2\pool\plugins\org.eclipse.m2e.maven.runtime_3.9.900.20240824-1409\jars\maven-model-builder-3.9.9.jar
2025-02-11 21:29:38,935 [Worker-59: Launching Executing clean in D__HibernateProject] INFO  o.eclipse.m2e.core.internal.Bundles - 	Entry: C:\Users\akash\.p2\pool\plugins\org.eclipse.m2e.maven.runtime_3.9.900.20240824-1409\jars\maven-plugin-api-3.9.9.jar
2025-02-11 21:29:38,935 [Worker-59: Launching Executing clean in D__HibernateProject] INFO  o.eclipse.m2e.core.internal.Bundles - 	Entry: C:\Users\akash\.p2\pool\plugins\org.eclipse.m2e.maven.runtime_3.9.900.20240824-1409\jars\maven-repository-metadata-3.9.9.jar
2025-02-11 21:29:38,936 [Worker-59: Launching Executing clean in D__HibernateProject] INFO  o.eclipse.m2e.core.internal.Bundles - 	Entry: C:\Users\akash\.p2\pool\plugins\org.eclipse.m2e.maven.runtime_3.9.900.20240824-1409\jars\maven-resolver-api-1.9.22.jar
2025-02-11 21:29:38,936 [Worker-59: Launching Executing clean in D__HibernateProject] INFO  o.eclipse.m2e.core.internal.Bundles - 	Entry: C:\Users\akash\.p2\pool\plugins\org.eclipse.m2e.maven.runtime_3.9.900.20240824-1409\jars\maven-resolver-connector-basic-1.9.22.jar
2025-02-11 21:29:38,936 [Worker-59: Launching Executing clean in D__HibernateProject] INFO  o.eclipse.m2e.core.internal.Bundles - 	Entry: C:\Users\akash\.p2\pool\plugins\org.eclipse.m2e.maven.runtime_3.9.900.20240824-1409\jars\maven-resolver-impl-1.9.22.jar
2025-02-11 21:29:38,936 [Worker-59: Launching Executing clean in D__HibernateProject] INFO  o.eclipse.m2e.core.internal.Bundles - 	Entry: C:\Users\akash\.p2\pool\plugins\org.eclipse.m2e.maven.runtime_3.9.900.20240824-1409\jars\maven-resolver-named-locks-1.9.22.jar
2025-02-11 21:29:38,936 [Worker-59: Launching Executing clean in D__HibernateProject] INFO  o.eclipse.m2e.core.internal.Bundles - 	Entry: C:\Users\akash\.p2\pool\plugins\org.eclipse.m2e.maven.runtime_3.9.900.20240824-1409\jars\maven-resolver-provider-3.9.9.jar
2025-02-11 21:29:38,936 [Worker-59: Launching Executing clean in D__HibernateProject] INFO  o.eclipse.m2e.core.internal.Bundles - 	Entry: C:\Users\akash\.p2\pool\plugins\org.eclipse.m2e.maven.runtime_3.9.900.20240824-1409\jars\maven-resolver-spi-1.9.22.jar
2025-02-11 21:29:38,936 [Worker-59: Launching Executing clean in D__HibernateProject] INFO  o.eclipse.m2e.core.internal.Bundles - 	Entry: C:\Users\akash\.p2\pool\plugins\org.eclipse.m2e.maven.runtime_3.9.900.20240824-1409\jars\maven-resolver-transport-file-1.9.22.jar
2025-02-11 21:29:38,936 [Worker-59: Launching Executing clean in D__HibernateProject] INFO  o.eclipse.m2e.core.internal.Bundles - 	Entry: C:\Users\akash\.p2\pool\plugins\org.eclipse.m2e.maven.runtime_3.9.900.20240824-1409\jars\maven-resolver-transport-http-1.9.22.jar
2025-02-11 21:29:38,936 [Worker-59: Launching Executing clean in D__HibernateProject] INFO  o.eclipse.m2e.core.internal.Bundles - 	Entry: C:\Users\akash\.p2\pool\plugins\org.eclipse.m2e.maven.runtime_3.9.900.20240824-1409\jars\maven-resolver-transport-wagon-1.9.22.jar
2025-02-11 21:29:38,936 [Worker-59: Launching Executing clean in D__HibernateProject] INFO  o.eclipse.m2e.core.internal.Bundles - 	Entry: C:\Users\akash\.p2\pool\plugins\org.eclipse.m2e.maven.runtime_3.9.900.20240824-1409\jars\maven-resolver-util-1.9.22.jar
2025-02-11 21:29:38,936 [Worker-59: Launching Executing clean in D__HibernateProject] INFO  o.eclipse.m2e.core.internal.Bundles - 	Entry: C:\Users\akash\.p2\pool\plugins\org.eclipse.m2e.maven.runtime_3.9.900.20240824-1409\jars\maven-settings-3.9.9.jar
2025-02-11 21:29:38,937 [Worker-59: Launching Executing clean in D__HibernateProject] INFO  o.eclipse.m2e.core.internal.Bundles - 	Entry: C:\Users\akash\.p2\pool\plugins\org.eclipse.m2e.maven.runtime_3.9.900.20240824-1409\jars\maven-settings-builder-3.9.9.jar
2025-02-11 21:29:38,937 [Worker-59: Launching Executing clean in D__HibernateProject] INFO  o.eclipse.m2e.core.internal.Bundles - 	Entry: C:\Users\akash\.p2\pool\plugins\org.eclipse.m2e.maven.runtime_3.9.900.20240824-1409\jars\maven-shared-utils-3.4.2.jar
2025-02-11 21:29:38,937 [Worker-59: Launching Executing clean in D__HibernateProject] INFO  o.eclipse.m2e.core.internal.Bundles - 	Entry: C:\Users\akash\.p2\pool\plugins\org.eclipse.m2e.maven.runtime_3.9.900.20240824-1409\jars\org.eclipse.sisu.inject-0.9.0.M3.jar
2025-02-11 21:29:38,937 [Worker-59: Launching Executing clean in D__HibernateProject] INFO  o.eclipse.m2e.core.internal.Bundles - 	Entry: C:\Users\akash\.p2\pool\plugins\org.eclipse.m2e.maven.runtime_3.9.900.20240824-1409\jars\org.eclipse.sisu.plexus-0.9.0.M3.jar
2025-02-11 21:29:38,937 [Worker-59: Launching Executing clean in D__HibernateProject] INFO  o.eclipse.m2e.core.internal.Bundles - 	Entry: C:\Users\akash\.p2\pool\plugins\org.eclipse.m2e.maven.runtime_3.9.900.20240824-1409\jars\plexus-build-api-0.0.7.jar
2025-02-11 21:29:38,937 [Worker-59: Launching Executing clean in D__HibernateProject] INFO  o.eclipse.m2e.core.internal.Bundles - 	Entry: C:\Users\akash\.p2\pool\plugins\org.eclipse.m2e.maven.runtime_3.9.900.20240824-1409\jars\plexus-build-api-1.2.0.jar
2025-02-11 21:29:38,937 [Worker-59: Launching Executing clean in D__HibernateProject] INFO  o.eclipse.m2e.core.internal.Bundles - 	Entry: C:\Users\akash\.p2\pool\plugins\org.eclipse.m2e.maven.runtime_3.9.900.20240824-1409\jars\plexus-cipher-2.0.jar
2025-02-11 21:29:38,937 [Worker-59: Launching Executing clean in D__HibernateProject] INFO  o.eclipse.m2e.core.internal.Bundles - 	Entry: C:\Users\akash\.p2\pool\plugins\org.eclipse.m2e.maven.runtime_3.9.900.20240824-1409\jars\plexus-classworlds-2.8.0.jar
2025-02-11 21:29:38,937 [Worker-59: Launching Executing clean in D__HibernateProject] INFO  o.eclipse.m2e.core.internal.Bundles - 	Entry: C:\Users\akash\.p2\pool\plugins\org.eclipse.m2e.maven.runtime_3.9.900.20240824-1409\jars\plexus-component-annotations-2.1.0.jar
2025-02-11 21:29:38,938 [Worker-59: Launching Executing clean in D__HibernateProject] INFO  o.eclipse.m2e.core.internal.Bundles - 	Entry: C:\Users\akash\.p2\pool\plugins\org.eclipse.m2e.maven.runtime_3.9.900.20240824-1409\jars\plexus-interpolation-1.27.jar
2025-02-11 21:29:38,938 [Worker-59: Launching Executing clean in D__HibernateProject] INFO  o.eclipse.m2e.core.internal.Bundles - 	Entry: C:\Users\akash\.p2\pool\plugins\org.eclipse.m2e.maven.runtime_3.9.900.20240824-1409\jars\plexus-sec-dispatcher-2.0.jar
2025-02-11 21:29:38,938 [Worker-59: Launching Executing clean in D__HibernateProject] INFO  o.eclipse.m2e.core.internal.Bundles - 	Entry: C:\Users\akash\.p2\pool\plugins\org.eclipse.m2e.maven.runtime_3.9.900.20240824-1409\jars\plexus-utils-3.5.1.jar
2025-02-11 21:29:38,938 [Worker-59: Launching Executing clean in D__HibernateProject] INFO  o.eclipse.m2e.core.internal.Bundles - 	Entry: C:\Users\akash\.p2\pool\plugins\org.eclipse.m2e.maven.runtime_3.9.900.20240824-1409\jars\plexus-xml-3.0.1.jar
2025-02-11 21:29:38,938 [Worker-59: Launching Executing clean in D__HibernateProject] INFO  o.eclipse.m2e.core.internal.Bundles - 	Entry: C:\Users\akash\.p2\pool\plugins\org.eclipse.m2e.maven.runtime_3.9.900.20240824-1409\jars\wagon-file-3.5.3.jar
2025-02-11 21:29:38,938 [Worker-59: Launching Executing clean in D__HibernateProject] INFO  o.eclipse.m2e.core.internal.Bundles - 	Entry: C:\Users\akash\.p2\pool\plugins\org.eclipse.m2e.maven.runtime_3.9.900.20240824-1409\jars\wagon-http-3.5.3.jar
2025-02-11 21:29:38,938 [Worker-59: Launching Executing clean in D__HibernateProject] INFO  o.eclipse.m2e.core.internal.Bundles - 	Entry: C:\Users\akash\.p2\pool\plugins\org.eclipse.m2e.maven.runtime_3.9.900.20240824-1409\jars\wagon-http-shared-3.5.3.jar
2025-02-11 21:29:38,938 [Worker-59: Launching Executing clean in D__HibernateProject] INFO  o.eclipse.m2e.core.internal.Bundles - 	Entry: C:\Users\akash\.p2\pool\plugins\org.eclipse.m2e.maven.runtime_3.9.900.20240824-1409\jars\wagon-provider-api-3.5.3.jar
2025-02-11 21:29:38,939 [Worker-59: Launching Executing clean in D__HibernateProject] INFO  o.eclipse.m2e.core.internal.Bundles - getClasspathEntries(Bundle=com.google.guava_33.3.0.jre [16])
2025-02-11 21:29:38,939 [Worker-59: Launching Executing clean in D__HibernateProject] INFO  o.eclipse.m2e.core.internal.Bundles - 	Entry: C:\Users\akash\.p2\pool\plugins\com.google.guava_33.3.0.jre.jar
2025-02-11 21:29:38,939 [Worker-59: Launching Executing clean in D__HibernateProject] INFO  o.eclipse.m2e.core.internal.Bundles - getClasspathEntries(Bundle=slf4j.api_2.0.16 [1005])
2025-02-11 21:29:38,939 [Worker-59: Launching Executing clean in D__HibernateProject] INFO  o.eclipse.m2e.core.internal.Bundles - 	Entry: C:\Users\akash\.p2\pool\plugins\slf4j.api_2.0.16.jar
2025-02-11 21:29:38,939 [Worker-59: Launching Executing clean in D__HibernateProject] INFO  o.eclipse.m2e.core.internal.Bundles - getClasspathEntries(Bundle=jakarta.inject.jakarta.inject-api_1.0.5 [34])
2025-02-11 21:29:38,940 [Worker-59: Launching Executing clean in D__HibernateProject] INFO  o.eclipse.m2e.core.internal.Bundles - 	Entry: C:\Users\akash\.p2\pool\plugins\jakarta.inject.jakarta.inject-api_1.0.5.jar
2025-02-11 21:29:38,940 [Worker-59: Launching Executing clean in D__HibernateProject] INFO  o.eclipse.m2e.core.internal.Bundles - getClasspathEntries(Bundle=jakarta.annotation-api_1.3.5 [29])
2025-02-11 21:29:38,940 [Worker-59: Launching Executing clean in D__HibernateProject] INFO  o.eclipse.m2e.core.internal.Bundles - 	Entry: C:\Users\akash\.p2\pool\plugins\jakarta.annotation-api_1.3.5.jar
2025-02-11 21:29:38,940 [Worker-59: Launching Executing clean in D__HibernateProject] INFO  o.eclipse.m2e.core.internal.Bundles - getClasspathEntries(Bundle=org.apache.commons.cli_1.9.0 [78])
2025-02-11 21:29:38,940 [Worker-59: Launching Executing clean in D__HibernateProject] INFO  o.eclipse.m2e.core.internal.Bundles - 	Entry: C:\Users\akash\.p2\pool\plugins\org.apache.commons.cli_1.9.0.jar
2025-02-11 21:29:38,940 [Worker-59: Launching Executing clean in D__HibernateProject] INFO  o.eclipse.m2e.core.internal.Bundles - getClasspathEntries(Bundle=org.apache.commons.commons-codec_1.16.0 [81])
2025-02-11 21:29:38,940 [Worker-59: Launching Executing clean in D__HibernateProject] INFO  o.eclipse.m2e.core.internal.Bundles - 	Entry: C:\Users\akash\.p2\pool\plugins\org.apache.commons.commons-codec_1.16.0.jar
2025-02-11 21:29:38,940 [Worker-59: Launching Executing clean in D__HibernateProject] INFO  o.eclipse.m2e.core.internal.Bundles - getClasspathEntries(Bundle=com.google.guava.failureaccess_1.0.2 [17])
2025-02-11 21:29:38,941 [Worker-59: Launching Executing clean in D__HibernateProject] INFO  o.eclipse.m2e.core.internal.Bundles - 	Entry: C:\Users\akash\.p2\pool\plugins\com.google.guava.failureaccess_1.0.2.jar
2025-02-11 21:29:38,942 [Worker-59: Launching Executing clean in D__HibernateProject] INFO  o.e.m.i.launch.MavenLaunchDelegate - Run build in "D:\HibernateProject":
2025-02-11 21:29:38,942 [Worker-59: Launching Executing clean in D__HibernateProject] INFO  o.e.m.i.launch.MavenLaunchDelegate -  mvn  -B -Dstyle.color=always clean
2025-02-11 21:29:41,279 [Worker-48: Building] INFO  o.e.m.c.i.embedder.EclipseLogger - Using 'UTF-8' encoding to copy filtered resources.
2025-02-11 21:29:41,279 [Worker-48: Building] INFO  o.e.m.c.i.embedder.EclipseLogger - skip non existing resourceDirectory D:\HibernateProject\src\main\resources
2025-02-11 21:29:41,281 [Worker-48: Building] INFO  o.e.m.c.i.embedder.EclipseLogger - Using 'UTF-8' encoding to copy filtered resources.
2025-02-11 21:29:41,281 [Worker-48: Building] INFO  o.e.m.c.i.embedder.EclipseLogger - skip non existing resourceDirectory D:\HibernateProject\src\test\resources
2025-02-11 21:30:12,905 [Worker-48: Launching Executing clean in D__HibernateProject] INFO  o.eclipse.m2e.core.internal.Bundles - getClasspathEntries(Bundle=org.eclipse.m2e.maven.runtime_3.9.900.20240824-1409 [640])
2025-02-11 21:30:12,906 [Worker-48: Launching Executing clean in D__HibernateProject] INFO  o.eclipse.m2e.core.internal.Bundles - 	Entry: C:\Users\akash\.p2\pool\plugins\org.eclipse.m2e.maven.runtime_3.9.900.20240824-1409
2025-02-11 21:30:12,906 [Worker-48: Launching Executing clean in D__HibernateProject] INFO  o.eclipse.m2e.core.internal.Bundles - 	Entry: C:\Users\akash\.p2\pool\plugins\org.eclipse.m2e.maven.runtime_3.9.900.20240824-1409\jars\aopalliance-1.0.jar
2025-02-11 21:30:12,906 [Worker-48: Launching Executing clean in D__HibernateProject] INFO  o.eclipse.m2e.core.internal.Bundles - 	Entry: C:\Users\akash\.p2\pool\plugins\org.eclipse.m2e.maven.runtime_3.9.900.20240824-1409\jars\guice-5.1.0.jar
2025-02-11 21:30:12,906 [Worker-48: Launching Executing clean in D__HibernateProject] INFO  o.eclipse.m2e.core.internal.Bundles - 	Entry: C:\Users\akash\.p2\pool\plugins\org.eclipse.m2e.maven.runtime_3.9.900.20240824-1409\jars\httpclient-4.5.14.jar
2025-02-11 21:30:12,906 [Worker-48: Launching Executing clean in D__HibernateProject] INFO  o.eclipse.m2e.core.internal.Bundles - 	Entry: C:\Users\akash\.p2\pool\plugins\org.eclipse.m2e.maven.runtime_3.9.900.20240824-1409\jars\httpcore-4.4.16.jar
2025-02-11 21:30:12,906 [Worker-48: Launching Executing clean in D__HibernateProject] INFO  o.eclipse.m2e.core.internal.Bundles - 	Entry: C:\Users\akash\.p2\pool\plugins\org.eclipse.m2e.maven.runtime_3.9.900.20240824-1409\jars\jansi-2.4.1.jar
2025-02-11 21:30:12,906 [Worker-48: Launching Executing clean in D__HibernateProject] INFO  o.eclipse.m2e.core.internal.Bundles - 	Entry: C:\Users\akash\.p2\pool\plugins\org.eclipse.m2e.maven.runtime_3.9.900.20240824-1409\jars\jcl-over-slf4j-1.7.36.jar
2025-02-11 21:30:12,906 [Worker-48: Launching Executing clean in D__HibernateProject] INFO  o.eclipse.m2e.core.internal.Bundles - 	Entry: C:\Users\akash\.p2\pool\plugins\org.eclipse.m2e.maven.runtime_3.9.900.20240824-1409\jars\maven-artifact-3.9.9.jar
2025-02-11 21:30:12,906 [Worker-48: Launching Executing clean in D__HibernateProject] INFO  o.eclipse.m2e.core.internal.Bundles - 	Entry: C:\Users\akash\.p2\pool\plugins\org.eclipse.m2e.maven.runtime_3.9.900.20240824-1409\jars\maven-builder-support-3.9.9.jar
2025-02-11 21:30:12,906 [Worker-48: Launching Executing clean in D__HibernateProject] INFO  o.eclipse.m2e.core.internal.Bundles - 	Entry: C:\Users\akash\.p2\pool\plugins\org.eclipse.m2e.maven.runtime_3.9.900.20240824-1409\jars\maven-compat-3.9.9.jar
2025-02-11 21:30:12,906 [Worker-48: Launching Executing clean in D__HibernateProject] INFO  o.eclipse.m2e.core.internal.Bundles - 	Entry: C:\Users\akash\.p2\pool\plugins\org.eclipse.m2e.maven.runtime_3.9.900.20240824-1409\jars\maven-core-3.9.9.jar
2025-02-11 21:30:12,906 [Worker-48: Launching Executing clean in D__HibernateProject] INFO  o.eclipse.m2e.core.internal.Bundles - 	Entry: C:\Users\akash\.p2\pool\plugins\org.eclipse.m2e.maven.runtime_3.9.900.20240824-1409\jars\maven-embedder-3.9.9.jar
2025-02-11 21:30:12,906 [Worker-48: Launching Executing clean in D__HibernateProject] INFO  o.eclipse.m2e.core.internal.Bundles - 	Entry: C:\Users\akash\.p2\pool\plugins\org.eclipse.m2e.maven.runtime_3.9.900.20240824-1409\jars\maven-model-3.9.9.jar
2025-02-11 21:30:12,906 [Worker-48: Launching Executing clean in D__HibernateProject] INFO  o.eclipse.m2e.core.internal.Bundles - 	Entry: C:\Users\akash\.p2\pool\plugins\org.eclipse.m2e.maven.runtime_3.9.900.20240824-1409\jars\maven-model-builder-3.9.9.jar
2025-02-11 21:30:12,906 [Worker-48: Launching Executing clean in D__HibernateProject] INFO  o.eclipse.m2e.core.internal.Bundles - 	Entry: C:\Users\akash\.p2\pool\plugins\org.eclipse.m2e.maven.runtime_3.9.900.20240824-1409\jars\maven-plugin-api-3.9.9.jar
2025-02-11 21:30:12,906 [Worker-48: Launching Executing clean in D__HibernateProject] INFO  o.eclipse.m2e.core.internal.Bundles - 	Entry: C:\Users\akash\.p2\pool\plugins\org.eclipse.m2e.maven.runtime_3.9.900.20240824-1409\jars\maven-repository-metadata-3.9.9.jar
2025-02-11 21:30:12,906 [Worker-48: Launching Executing clean in D__HibernateProject] INFO  o.eclipse.m2e.core.internal.Bundles - 	Entry: C:\Users\akash\.p2\pool\plugins\org.eclipse.m2e.maven.runtime_3.9.900.20240824-1409\jars\maven-resolver-api-1.9.22.jar
2025-02-11 21:30:12,906 [Worker-48: Launching Executing clean in D__HibernateProject] INFO  o.eclipse.m2e.core.internal.Bundles - 	Entry: C:\Users\akash\.p2\pool\plugins\org.eclipse.m2e.maven.runtime_3.9.900.20240824-1409\jars\maven-resolver-connector-basic-1.9.22.jar
2025-02-11 21:30:12,906 [Worker-48: Launching Executing clean in D__HibernateProject] INFO  o.eclipse.m2e.core.internal.Bundles - 	Entry: C:\Users\akash\.p2\pool\plugins\org.eclipse.m2e.maven.runtime_3.9.900.20240824-1409\jars\maven-resolver-impl-1.9.22.jar
2025-02-11 21:30:12,906 [Worker-48: Launching Executing clean in D__HibernateProject] INFO  o.eclipse.m2e.core.internal.Bundles - 	Entry: C:\Users\akash\.p2\pool\plugins\org.eclipse.m2e.maven.runtime_3.9.900.20240824-1409\jars\maven-resolver-named-locks-1.9.22.jar
2025-02-11 21:30:12,907 [Worker-48: Launching Executing clean in D__HibernateProject] INFO  o.eclipse.m2e.core.internal.Bundles - 	Entry: C:\Users\akash\.p2\pool\plugins\org.eclipse.m2e.maven.runtime_3.9.900.20240824-1409\jars\maven-resolver-provider-3.9.9.jar
2025-02-11 21:30:12,907 [Worker-48: Launching Executing clean in D__HibernateProject] INFO  o.eclipse.m2e.core.internal.Bundles - 	Entry: C:\Users\akash\.p2\pool\plugins\org.eclipse.m2e.maven.runtime_3.9.900.20240824-1409\jars\maven-resolver-spi-1.9.22.jar
2025-02-11 21:30:12,907 [Worker-48: Launching Executing clean in D__HibernateProject] INFO  o.eclipse.m2e.core.internal.Bundles - 	Entry: C:\Users\akash\.p2\pool\plugins\org.eclipse.m2e.maven.runtime_3.9.900.20240824-1409\jars\maven-resolver-transport-file-1.9.22.jar
2025-02-11 21:30:12,907 [Worker-48: Launching Executing clean in D__HibernateProject] INFO  o.eclipse.m2e.core.internal.Bundles - 	Entry: C:\Users\akash\.p2\pool\plugins\org.eclipse.m2e.maven.runtime_3.9.900.20240824-1409\jars\maven-resolver-transport-http-1.9.22.jar
2025-02-11 21:30:12,907 [Worker-48: Launching Executing clean in D__HibernateProject] INFO  o.eclipse.m2e.core.internal.Bundles - 	Entry: C:\Users\akash\.p2\pool\plugins\org.eclipse.m2e.maven.runtime_3.9.900.20240824-1409\jars\maven-resolver-transport-wagon-1.9.22.jar
2025-02-11 21:30:12,907 [Worker-48: Launching Executing clean in D__HibernateProject] INFO  o.eclipse.m2e.core.internal.Bundles - 	Entry: C:\Users\akash\.p2\pool\plugins\org.eclipse.m2e.maven.runtime_3.9.900.20240824-1409\jars\maven-resolver-util-1.9.22.jar
2025-02-11 21:30:12,907 [Worker-48: Launching Executing clean in D__HibernateProject] INFO  o.eclipse.m2e.core.internal.Bundles - 	Entry: C:\Users\akash\.p2\pool\plugins\org.eclipse.m2e.maven.runtime_3.9.900.20240824-1409\jars\maven-settings-3.9.9.jar
2025-02-11 21:30:12,907 [Worker-48: Launching Executing clean in D__HibernateProject] INFO  o.eclipse.m2e.core.internal.Bundles - 	Entry: C:\Users\akash\.p2\pool\plugins\org.eclipse.m2e.maven.runtime_3.9.900.20240824-1409\jars\maven-settings-builder-3.9.9.jar
2025-02-11 21:30:12,908 [Worker-48: Launching Executing clean in D__HibernateProject] INFO  o.eclipse.m2e.core.internal.Bundles - 	Entry: C:\Users\akash\.p2\pool\plugins\org.eclipse.m2e.maven.runtime_3.9.900.20240824-1409\jars\maven-shared-utils-3.4.2.jar
2025-02-11 21:30:12,908 [Worker-48: Launching Executing clean in D__HibernateProject] INFO  o.eclipse.m2e.core.internal.Bundles - 	Entry: C:\Users\akash\.p2\pool\plugins\org.eclipse.m2e.maven.runtime_3.9.900.20240824-1409\jars\org.eclipse.sisu.inject-0.9.0.M3.jar
2025-02-11 21:30:12,908 [Worker-48: Launching Executing clean in D__HibernateProject] INFO  o.eclipse.m2e.core.internal.Bundles - 	Entry: C:\Users\akash\.p2\pool\plugins\org.eclipse.m2e.maven.runtime_3.9.900.20240824-1409\jars\org.eclipse.sisu.plexus-0.9.0.M3.jar
2025-02-11 21:30:12,908 [Worker-48: Launching Executing clean in D__HibernateProject] INFO  o.eclipse.m2e.core.internal.Bundles - 	Entry: C:\Users\akash\.p2\pool\plugins\org.eclipse.m2e.maven.runtime_3.9.900.20240824-1409\jars\plexus-build-api-0.0.7.jar
2025-02-11 21:30:12,908 [Worker-48: Launching Executing clean in D__HibernateProject] INFO  o.eclipse.m2e.core.internal.Bundles - 	Entry: C:\Users\akash\.p2\pool\plugins\org.eclipse.m2e.maven.runtime_3.9.900.20240824-1409\jars\plexus-build-api-1.2.0.jar
2025-02-11 21:30:12,908 [Worker-48: Launching Executing clean in D__HibernateProject] INFO  o.eclipse.m2e.core.internal.Bundles - 	Entry: C:\Users\akash\.p2\pool\plugins\org.eclipse.m2e.maven.runtime_3.9.900.20240824-1409\jars\plexus-cipher-2.0.jar
2025-02-11 21:30:12,908 [Worker-48: Launching Executing clean in D__HibernateProject] INFO  o.eclipse.m2e.core.internal.Bundles - 	Entry: C:\Users\akash\.p2\pool\plugins\org.eclipse.m2e.maven.runtime_3.9.900.20240824-1409\jars\plexus-classworlds-2.8.0.jar
2025-02-11 21:30:12,908 [Worker-48: Launching Executing clean in D__HibernateProject] INFO  o.eclipse.m2e.core.internal.Bundles - 	Entry: C:\Users\akash\.p2\pool\plugins\org.eclipse.m2e.maven.runtime_3.9.900.20240824-1409\jars\plexus-component-annotations-2.1.0.jar
2025-02-11 21:30:12,908 [Worker-48: Launching Executing clean in D__HibernateProject] INFO  o.eclipse.m2e.core.internal.Bundles - 	Entry: C:\Users\akash\.p2\pool\plugins\org.eclipse.m2e.maven.runtime_3.9.900.20240824-1409\jars\plexus-interpolation-1.27.jar
2025-02-11 21:30:12,908 [Worker-48: Launching Executing clean in D__HibernateProject] INFO  o.eclipse.m2e.core.internal.Bundles - 	Entry: C:\Users\akash\.p2\pool\plugins\org.eclipse.m2e.maven.runtime_3.9.900.20240824-1409\jars\plexus-sec-dispatcher-2.0.jar
2025-02-11 21:30:12,908 [Worker-48: Launching Executing clean in D__HibernateProject] INFO  o.eclipse.m2e.core.internal.Bundles - 	Entry: C:\Users\akash\.p2\pool\plugins\org.eclipse.m2e.maven.runtime_3.9.900.20240824-1409\jars\plexus-utils-3.5.1.jar
2025-02-11 21:30:12,908 [Worker-48: Launching Executing clean in D__HibernateProject] INFO  o.eclipse.m2e.core.internal.Bundles - 	Entry: C:\Users\akash\.p2\pool\plugins\org.eclipse.m2e.maven.runtime_3.9.900.20240824-1409\jars\plexus-xml-3.0.1.jar
2025-02-11 21:30:12,908 [Worker-48: Launching Executing clean in D__HibernateProject] INFO  o.eclipse.m2e.core.internal.Bundles - 	Entry: C:\Users\akash\.p2\pool\plugins\org.eclipse.m2e.maven.runtime_3.9.900.20240824-1409\jars\wagon-file-3.5.3.jar
2025-02-11 21:30:12,908 [Worker-48: Launching Executing clean in D__HibernateProject] INFO  o.eclipse.m2e.core.internal.Bundles - 	Entry: C:\Users\akash\.p2\pool\plugins\org.eclipse.m2e.maven.runtime_3.9.900.20240824-1409\jars\wagon-http-3.5.3.jar
2025-02-11 21:30:12,908 [Worker-48: Launching Executing clean in D__HibernateProject] INFO  o.eclipse.m2e.core.internal.Bundles - 	Entry: C:\Users\akash\.p2\pool\plugins\org.eclipse.m2e.maven.runtime_3.9.900.20240824-1409\jars\wagon-http-shared-3.5.3.jar
2025-02-11 21:30:12,908 [Worker-48: Launching Executing clean in D__HibernateProject] INFO  o.eclipse.m2e.core.internal.Bundles - 	Entry: C:\Users\akash\.p2\pool\plugins\org.eclipse.m2e.maven.runtime_3.9.900.20240824-1409\jars\wagon-provider-api-3.5.3.jar
2025-02-11 21:30:12,909 [Worker-48: Launching Executing clean in D__HibernateProject] INFO  o.eclipse.m2e.core.internal.Bundles - getClasspathEntries(Bundle=com.google.guava_33.3.0.jre [16])
2025-02-11 21:30:12,909 [Worker-48: Launching Executing clean in D__HibernateProject] INFO  o.eclipse.m2e.core.internal.Bundles - 	Entry: C:\Users\akash\.p2\pool\plugins\com.google.guava_33.3.0.jre.jar
2025-02-11 21:30:12,909 [Worker-48: Launching Executing clean in D__HibernateProject] INFO  o.eclipse.m2e.core.internal.Bundles - getClasspathEntries(Bundle=slf4j.api_2.0.16 [1005])
2025-02-11 21:30:12,910 [Worker-48: Launching Executing clean in D__HibernateProject] INFO  o.eclipse.m2e.core.internal.Bundles - 	Entry: C:\Users\akash\.p2\pool\plugins\slf4j.api_2.0.16.jar
2025-02-11 21:30:12,910 [Worker-48: Launching Executing clean in D__HibernateProject] INFO  o.eclipse.m2e.core.internal.Bundles - getClasspathEntries(Bundle=jakarta.inject.jakarta.inject-api_1.0.5 [34])
2025-02-11 21:30:12,910 [Worker-48: Launching Executing clean in D__HibernateProject] INFO  o.eclipse.m2e.core.internal.Bundles - 	Entry: C:\Users\akash\.p2\pool\plugins\jakarta.inject.jakarta.inject-api_1.0.5.jar
2025-02-11 21:30:12,910 [Worker-48: Launching Executing clean in D__HibernateProject] INFO  o.eclipse.m2e.core.internal.Bundles - getClasspathEntries(Bundle=jakarta.annotation-api_1.3.5 [29])
2025-02-11 21:30:12,910 [Worker-48: Launching Executing clean in D__HibernateProject] INFO  o.eclipse.m2e.core.internal.Bundles - 	Entry: C:\Users\akash\.p2\pool\plugins\jakarta.annotation-api_1.3.5.jar
2025-02-11 21:30:12,910 [Worker-48: Launching Executing clean in D__HibernateProject] INFO  o.eclipse.m2e.core.internal.Bundles - getClasspathEntries(Bundle=org.apache.commons.cli_1.9.0 [78])
2025-02-11 21:30:12,910 [Worker-48: Launching Executing clean in D__HibernateProject] INFO  o.eclipse.m2e.core.internal.Bundles - 	Entry: C:\Users\akash\.p2\pool\plugins\org.apache.commons.cli_1.9.0.jar
2025-02-11 21:30:12,910 [Worker-48: Launching Executing clean in D__HibernateProject] INFO  o.eclipse.m2e.core.internal.Bundles - getClasspathEntries(Bundle=org.apache.commons.commons-codec_1.16.0 [81])
2025-02-11 21:30:12,910 [Worker-48: Launching Executing clean in D__HibernateProject] INFO  o.eclipse.m2e.core.internal.Bundles - 	Entry: C:\Users\akash\.p2\pool\plugins\org.apache.commons.commons-codec_1.16.0.jar
2025-02-11 21:30:12,910 [Worker-48: Launching Executing clean in D__HibernateProject] INFO  o.eclipse.m2e.core.internal.Bundles - getClasspathEntries(Bundle=com.google.guava.failureaccess_1.0.2 [17])
2025-02-11 21:30:12,911 [Worker-48: Launching Executing clean in D__HibernateProject] INFO  o.eclipse.m2e.core.internal.Bundles - 	Entry: C:\Users\akash\.p2\pool\plugins\com.google.guava.failureaccess_1.0.2.jar
2025-02-11 21:30:12,911 [Worker-48: Launching Executing clean in D__HibernateProject] INFO  o.e.m.i.launch.MavenLaunchDelegate - Run build in "D:\HibernateProject":
2025-02-11 21:30:12,911 [Worker-48: Launching Executing clean in D__HibernateProject] INFO  o.e.m.i.launch.MavenLaunchDelegate -  mvn  -B -Dstyle.color=always clean
2025-02-11 21:30:14,628 [Worker-48: Building] INFO  o.e.m.c.i.embedder.EclipseLogger - Using 'UTF-8' encoding to copy filtered resources.
2025-02-11 21:30:14,628 [Worker-48: Building] INFO  o.e.m.c.i.embedder.EclipseLogger - skip non existing resourceDirectory D:\HibernateProject\src\main\resources
2025-02-11 21:30:14,630 [Worker-48: Building] INFO  o.e.m.c.i.embedder.EclipseLogger - Using 'UTF-8' encoding to copy filtered resources.
2025-02-11 21:30:14,630 [Worker-48: Building] INFO  o.e.m.c.i.embedder.EclipseLogger - skip non existing resourceDirectory D:\HibernateProject\src\test\resources
2025-02-11 21:38:15,653 [Worker-66: Building] INFO  o.e.m.c.i.l.LifecycleMappingFactory - Using org.eclipse.m2e.jdt.JarLifecycleMapping lifecycle mapping for MavenProject: pwskills:HibernateProject-01:1.0.FINAL @ D:\HibernateProject\pom.xml.
2025-02-11 21:38:15,910 [Worker-66: Building] INFO  o.e.m.c.i.embedder.EclipseLogger - Using 'UTF-8' encoding to copy filtered resources.
2025-02-11 21:38:15,910 [Worker-66: Building] INFO  o.e.m.c.i.embedder.EclipseLogger - skip non existing resourceDirectory D:\HibernateProject\src\main\resources
2025-02-11 21:38:15,911 [Worker-66: Building] INFO  o.e.m.c.i.embedder.EclipseLogger - Using 'UTF-8' encoding to copy filtered resources.
2025-02-11 21:38:15,911 [Worker-66: Building] INFO  o.e.m.c.i.embedder.EclipseLogger - skip non existing resourceDirectory D:\HibernateProject\src\test\resources
2025-02-11 21:38:17,234 [Worker-65: Building] INFO  o.e.m.c.i.embedder.EclipseLogger - Using 'UTF-8' encoding to copy filtered resources.
2025-02-11 21:38:17,234 [Worker-65: Building] INFO  o.e.m.c.i.embedder.EclipseLogger - skip non existing resourceDirectory D:\HibernateProject\src\main\resources
2025-02-11 21:38:17,236 [Worker-65: Building] INFO  o.e.m.c.i.embedder.EclipseLogger - Using 'UTF-8' encoding to copy filtered resources.
2025-02-11 21:38:17,236 [Worker-65: Building] INFO  o.e.m.c.i.embedder.EclipseLogger - skip non existing resourceDirectory D:\HibernateProject\src\test\resources
2025-02-11 21:38:29,935 [Worker-67: Building] INFO  o.e.m.c.i.l.LifecycleMappingFactory - Using org.eclipse.m2e.jdt.JarLifecycleMapping lifecycle mapping for MavenProject: pwskills:HibernateProject:1.0.FINAL @ D:\HibernateProject\pom.xml.
2025-02-11 21:38:30,026 [Worker-67: Building] INFO  o.e.m.c.i.embedder.EclipseLogger - Using 'UTF-8' encoding to copy filtered resources.
2025-02-11 21:38:30,026 [Worker-67: Building] INFO  o.e.m.c.i.embedder.EclipseLogger - skip non existing resourceDirectory D:\HibernateProject\src\main\resources
2025-02-11 21:38:30,028 [Worker-67: Building] INFO  o.e.m.c.i.embedder.EclipseLogger - Using 'UTF-8' encoding to copy filtered resources.
2025-02-11 21:38:30,028 [Worker-67: Building] INFO  o.e.m.c.i.embedder.EclipseLogger - skip non existing resourceDirectory D:\HibernateProject\src\test\resources
2025-02-11 21:39:19,924 [Worker-65: Building] INFO  o.e.m.c.i.l.LifecycleMappingFactory - Using org.eclipse.m2e.jdt.JarLifecycleMapping lifecycle mapping for MavenProject: pwskills:HibernateProject:1.0.FINAL @ D:\HibernateProject\pom.xml.
2025-02-11 21:39:20,037 [Worker-65: Building] INFO  o.e.m.c.i.embedder.EclipseLogger - Using 'UTF-8' encoding to copy filtered resources.
2025-02-11 21:39:20,039 [Worker-65: Building] INFO  o.e.m.c.i.embedder.EclipseLogger - skip non existing resourceDirectory D:\HibernateProject\src\main\resources
2025-02-11 21:39:20,039 [Worker-65: Building] INFO  o.e.m.c.i.embedder.EclipseLogger - Using 'UTF-8' encoding to copy filtered resources.
2025-02-11 21:39:20,039 [Worker-65: Building] INFO  o.e.m.c.i.embedder.EclipseLogger - skip non existing resourceDirectory D:\HibernateProject\src\test\resources
2025-02-11 21:39:20,426 [Worker-67: Updating Maven Dependencies] ERROR o.e.m.j.i.l.MavenLaunchConfigurationListener - Launch configuration LoadRecordApp references non-existing project HibernateProject-01.
org.eclipse.core.runtime.CoreException: Launch configuration LoadRecordApp references non-existing project HibernateProject-01.
	at org.eclipse.jdt.launching.JavaRuntime.abort(JavaRuntime.java:1870)
	at org.eclipse.jdt.launching.JavaRuntime.getJavaProject(JavaRuntime.java:1747)
	at org.eclipse.m2e.jdt.internal.launch.MavenLaunchConfigurationListener.updateLaunchConfiguration(MavenLaunchConfigurationListener.java:66)
	at org.eclipse.m2e.jdt.internal.launch.MavenLaunchConfigurationListener.launchConfigurationChanged(MavenLaunchConfigurationListener.java:52)
	at org.eclipse.debug.internal.core.LaunchManager$ConfigurationNotifier.run(LaunchManager.java:219)
	at org.eclipse.core.runtime.SafeRunner.run(SafeRunner.java:47)
	at org.eclipse.debug.internal.core.LaunchManager$ConfigurationNotifier.notify(LaunchManager.java:203)
	at org.eclipse.debug.internal.core.LaunchConfigurationWorkingCopy.setDirty(LaunchConfigurationWorkingCopy.java:527)
	at org.eclipse.debug.internal.core.LaunchConfigurationWorkingCopy.setAttribute(LaunchConfigurationWorkingCopy.java:415)
	at org.eclipse.m2e.jdt.internal.launch.MavenRuntimeClasspathProvider.disable(MavenRuntimeClasspathProvider.java:409)
	at org.eclipse.m2e.jdt.internal.launch.MavenRuntimeClasspathProvider.disable(MavenRuntimeClasspathProvider.java:435)
	at org.eclipse.m2e.jdt.internal.launch.MavenLaunchConfigurationListener.mavenProjectChanged(MavenLaunchConfigurationListener.java:137)
	at org.eclipse.m2e.core.internal.project.registry.ProjectRegistryManager.notifyProjectChangeListeners(ProjectRegistryManager.java:892)
	at org.eclipse.m2e.core.internal.project.registry.ProjectRegistryManager.applyMutableProjectRegistry(ProjectRegistryManager.java:1042)
	at org.eclipse.m2e.core.internal.project.registry.ProjectRegistryRefreshJob.lambda$0(ProjectRegistryRefreshJob.java:162)
	at org.eclipse.m2e.core.internal.embedder.MavenExecutionContext.executeBare(MavenExecutionContext.java:458)
	at org.eclipse.m2e.core.internal.embedder.MavenExecutionContext.execute(MavenExecutionContext.java:339)
	at org.eclipse.m2e.core.internal.embedder.MavenExecutionContext.execute(MavenExecutionContext.java:278)
	at org.eclipse.m2e.core.internal.project.registry.ProjectRegistryRefreshJob.run(ProjectRegistryRefreshJob.java:106)
	at org.eclipse.core.internal.jobs.Worker.run(Worker.java:63)
2025-02-11 21:39:20,427 [Worker-67: Updating Maven Dependencies] ERROR o.e.m.j.i.l.MavenLaunchConfigurationListener - Launch configuration LoadRecordApp references non-existing project HibernateProject-01.
org.eclipse.core.runtime.CoreException: Launch configuration LoadRecordApp references non-existing project HibernateProject-01.
	at org.eclipse.jdt.launching.JavaRuntime.abort(JavaRuntime.java:1870)
	at org.eclipse.jdt.launching.JavaRuntime.getJavaProject(JavaRuntime.java:1747)
	at org.eclipse.m2e.jdt.internal.launch.MavenLaunchConfigurationListener.updateLaunchConfiguration(MavenLaunchConfigurationListener.java:66)
	at org.eclipse.m2e.jdt.internal.launch.MavenLaunchConfigurationListener.launchConfigurationChanged(MavenLaunchConfigurationListener.java:52)
	at org.eclipse.debug.internal.core.LaunchManager$ConfigurationNotifier.run(LaunchManager.java:219)
	at org.eclipse.core.runtime.SafeRunner.run(SafeRunner.java:47)
	at org.eclipse.debug.internal.core.LaunchManager$ConfigurationNotifier.notify(LaunchManager.java:203)
	at org.eclipse.debug.internal.core.LaunchConfigurationWorkingCopy.setDirty(LaunchConfigurationWorkingCopy.java:527)
	at org.eclipse.debug.internal.core.LaunchConfigurationWorkingCopy.setAttribute(LaunchConfigurationWorkingCopy.java:415)
	at org.eclipse.m2e.jdt.internal.launch.MavenRuntimeClasspathProvider.disable(MavenRuntimeClasspathProvider.java:410)
	at org.eclipse.m2e.jdt.internal.launch.MavenRuntimeClasspathProvider.disable(MavenRuntimeClasspathProvider.java:435)
	at org.eclipse.m2e.jdt.internal.launch.MavenLaunchConfigurationListener.mavenProjectChanged(MavenLaunchConfigurationListener.java:137)
	at org.eclipse.m2e.core.internal.project.registry.ProjectRegistryManager.notifyProjectChangeListeners(ProjectRegistryManager.java:892)
	at org.eclipse.m2e.core.internal.project.registry.ProjectRegistryManager.applyMutableProjectRegistry(ProjectRegistryManager.java:1042)
	at org.eclipse.m2e.core.internal.project.registry.ProjectRegistryRefreshJob.lambda$0(ProjectRegistryRefreshJob.java:162)
	at org.eclipse.m2e.core.internal.embedder.MavenExecutionContext.executeBare(MavenExecutionContext.java:458)
	at org.eclipse.m2e.core.internal.embedder.MavenExecutionContext.execute(MavenExecutionContext.java:339)
	at org.eclipse.m2e.core.internal.embedder.MavenExecutionContext.execute(MavenExecutionContext.java:278)
	at org.eclipse.m2e.core.internal.project.registry.ProjectRegistryRefreshJob.run(ProjectRegistryRefreshJob.java:106)
	at org.eclipse.core.internal.jobs.Worker.run(Worker.java:63)
2025-02-11 21:39:20,434 [Worker-67: Updating Maven Dependencies] ERROR o.e.m.j.i.l.MavenLaunchConfigurationListener - Launch configuration LoadRecordApp references non-existing project HibernateProject-01.
org.eclipse.core.runtime.CoreException: Launch configuration LoadRecordApp references non-existing project HibernateProject-01.
	at org.eclipse.jdt.launching.JavaRuntime.abort(JavaRuntime.java:1870)
	at org.eclipse.jdt.launching.JavaRuntime.getJavaProject(JavaRuntime.java:1747)
	at org.eclipse.m2e.jdt.internal.launch.MavenLaunchConfigurationListener.updateLaunchConfiguration(MavenLaunchConfigurationListener.java:66)
	at org.eclipse.m2e.jdt.internal.launch.MavenLaunchConfigurationListener.launchConfigurationChanged(MavenLaunchConfigurationListener.java:52)
	at org.eclipse.debug.internal.core.LaunchManager$ConfigurationNotifier.run(LaunchManager.java:219)
	at org.eclipse.core.runtime.SafeRunner.run(SafeRunner.java:47)
	at org.eclipse.debug.internal.core.LaunchManager$ConfigurationNotifier.notify(LaunchManager.java:203)
	at org.eclipse.debug.internal.core.LaunchManager.launchConfigurationChanged(LaunchManager.java:1960)
	at org.eclipse.debug.internal.core.LaunchConfigurationWorkingCopy.writeNewFile(LaunchConfigurationWorkingCopy.java:380)
	at org.eclipse.debug.internal.core.LaunchConfigurationWorkingCopy.doSave0(LaunchConfigurationWorkingCopy.java:259)
	at org.eclipse.debug.internal.core.LaunchConfigurationWorkingCopy.doSave(LaunchConfigurationWorkingCopy.java:229)
	at org.eclipse.debug.internal.core.LaunchConfigurationWorkingCopy.doSave(LaunchConfigurationWorkingCopy.java:187)
	at org.eclipse.m2e.jdt.internal.launch.MavenRuntimeClasspathProvider.disable(MavenRuntimeClasspathProvider.java:411)
	at org.eclipse.m2e.jdt.internal.launch.MavenRuntimeClasspathProvider.disable(MavenRuntimeClasspathProvider.java:435)
	at org.eclipse.m2e.jdt.internal.launch.MavenLaunchConfigurationListener.mavenProjectChanged(MavenLaunchConfigurationListener.java:137)
	at org.eclipse.m2e.core.internal.project.registry.ProjectRegistryManager.notifyProjectChangeListeners(ProjectRegistryManager.java:892)
	at org.eclipse.m2e.core.internal.project.registry.ProjectRegistryManager.applyMutableProjectRegistry(ProjectRegistryManager.java:1042)
	at org.eclipse.m2e.core.internal.project.registry.ProjectRegistryRefreshJob.lambda$0(ProjectRegistryRefreshJob.java:162)
	at org.eclipse.m2e.core.internal.embedder.MavenExecutionContext.executeBare(MavenExecutionContext.java:458)
	at org.eclipse.m2e.core.internal.embedder.MavenExecutionContext.execute(MavenExecutionContext.java:339)
	at org.eclipse.m2e.core.internal.embedder.MavenExecutionContext.execute(MavenExecutionContext.java:278)
	at org.eclipse.m2e.core.internal.project.registry.ProjectRegistryRefreshJob.run(ProjectRegistryRefreshJob.java:106)
	at org.eclipse.core.internal.jobs.Worker.run(Worker.java:63)
2025-02-11 21:39:21,330 [Worker-68: Building] INFO  o.e.m.c.i.embedder.EclipseLogger - Using 'UTF-8' encoding to copy filtered resources.
2025-02-11 21:39:21,330 [Worker-68: Building] INFO  o.e.m.c.i.embedder.EclipseLogger - skip non existing resourceDirectory D:\HibernateProject\src\main\resources
2025-02-11 21:39:21,332 [Worker-68: Building] INFO  o.e.m.c.i.embedder.EclipseLogger - Using 'UTF-8' encoding to copy filtered resources.
2025-02-11 21:39:21,332 [Worker-68: Building] INFO  o.e.m.c.i.embedder.EclipseLogger - skip non existing resourceDirectory D:\HibernateProject\src\test\resources
2025-02-11 21:39:38,809 [Worker-70: Building] INFO  o.e.m.c.i.l.LifecycleMappingFactory - Using org.eclipse.m2e.jdt.JarLifecycleMapping lifecycle mapping for MavenProject: pwskills:HibernateProject:1.0.FINAL @ D:\OctBatchMicroservices\mvnpractise\HibernateProject-01\pom.xml.
2025-02-11 21:39:38,963 [Worker-70: Building] INFO  o.e.m.c.i.embedder.EclipseLogger - Using 'UTF-8' encoding to copy filtered resources.
2025-02-11 21:39:38,963 [Worker-70: Building] INFO  o.e.m.c.i.embedder.EclipseLogger - skip non existing resourceDirectory D:\OctBatchMicroservices\mvnpractise\HibernateProject-01\src\main\resources
2025-02-11 21:39:38,965 [Worker-70: Building] INFO  o.e.m.c.i.embedder.EclipseLogger - Using 'UTF-8' encoding to copy filtered resources.
2025-02-11 21:39:38,965 [Worker-70: Building] INFO  o.e.m.c.i.embedder.EclipseLogger - skip non existing resourceDirectory D:\OctBatchMicroservices\mvnpractise\HibernateProject-01\src\test\resources
2025-02-11 21:39:40,055 [Worker-67: Building] INFO  o.e.m.c.i.embedder.EclipseLogger - Using 'UTF-8' encoding to copy filtered resources.
2025-02-11 21:39:40,055 [Worker-67: Building] INFO  o.e.m.c.i.embedder.EclipseLogger - skip non existing resourceDirectory D:\OctBatchMicroservices\mvnpractise\HibernateProject-01\src\main\resources
2025-02-11 21:39:40,056 [Worker-67: Building] INFO  o.e.m.c.i.embedder.EclipseLogger - Using 'UTF-8' encoding to copy filtered resources.
2025-02-11 21:39:40,056 [Worker-67: Building] INFO  o.e.m.c.i.embedder.EclipseLogger - skip non existing resourceDirectory D:\OctBatchMicroservices\mvnpractise\HibernateProject-01\src\test\resources
2025-02-11 21:40:27,268 [Worker-48: Building] INFO  o.e.m.c.i.embedder.EclipseLogger - Using 'UTF-8' encoding to copy filtered resources.
2025-02-11 21:40:27,268 [Worker-48: Building] INFO  o.e.m.c.i.embedder.EclipseLogger - skip non existing resourceDirectory D:\OctBatchMicroservices\mvnpractise\HibernateProject-01\src\main\resources
2025-02-11 21:40:27,269 [Worker-48: Building] INFO  o.e.m.c.i.embedder.EclipseLogger - Using 'UTF-8' encoding to copy filtered resources.
2025-02-11 21:40:27,269 [Worker-48: Building] INFO  o.e.m.c.i.embedder.EclipseLogger - skip non existing resourceDirectory D:\OctBatchMicroservices\mvnpractise\HibernateProject-01\src\test\resources
2025-02-11 21:40:43,048 [Worker-67: Building] INFO  o.e.m.c.i.embedder.EclipseLogger - Using 'UTF-8' encoding to copy filtered resources.
2025-02-11 21:40:43,049 [Worker-67: Building] INFO  o.e.m.c.i.embedder.EclipseLogger - skip non existing resourceDirectory D:\OctBatchMicroservices\mvnpractise\HibernateProject-01\src\main\resources
2025-02-11 21:40:43,050 [Worker-67: Building] INFO  o.e.m.c.i.embedder.EclipseLogger - Using 'UTF-8' encoding to copy filtered resources.
2025-02-11 21:40:43,050 [Worker-67: Building] INFO  o.e.m.c.i.embedder.EclipseLogger - skip non existing resourceDirectory D:\OctBatchMicroservices\mvnpractise\HibernateProject-01\src\test\resources
2025-02-11 21:40:59,645 [Worker-67: Building] INFO  o.e.m.c.i.embedder.EclipseLogger - Using 'UTF-8' encoding to copy filtered resources.
2025-02-11 21:40:59,645 [Worker-67: Building] INFO  o.e.m.c.i.embedder.EclipseLogger - skip non existing resourceDirectory D:\OctBatchMicroservices\mvnpractise\HibernateProject-01\src\main\resources
2025-02-11 21:40:59,646 [Worker-67: Building] INFO  o.e.m.c.i.embedder.EclipseLogger - Using 'UTF-8' encoding to copy filtered resources.
2025-02-11 21:40:59,646 [Worker-67: Building] INFO  o.e.m.c.i.embedder.EclipseLogger - skip non existing resourceDirectory D:\OctBatchMicroservices\mvnpractise\HibernateProject-01\src\test\resources
2025-02-11 21:41:15,281 [Worker-65: Building] INFO  o.e.m.c.i.embedder.EclipseLogger - Using 'UTF-8' encoding to copy filtered resources.
2025-02-11 21:41:15,281 [Worker-65: Building] INFO  o.e.m.c.i.embedder.EclipseLogger - skip non existing resourceDirectory D:\OctBatchMicroservices\mvnpractise\HibernateProject-01\src\main\resources
2025-02-11 21:41:15,282 [Worker-65: Building] INFO  o.e.m.c.i.embedder.EclipseLogger - Using 'UTF-8' encoding to copy filtered resources.
2025-02-11 21:41:15,282 [Worker-65: Building] INFO  o.e.m.c.i.embedder.EclipseLogger - skip non existing resourceDirectory D:\OctBatchMicroservices\mvnpractise\HibernateProject-01\src\test\resources
2025-02-11 21:43:49,271 [Worker-69: Launching LoadRecordApp] INFO  o.e.m.c.i.l.LifecycleMappingFactory - Using org.eclipse.m2e.jdt.JarLifecycleMapping lifecycle mapping for MavenProject: pwskills:HibernateProject:1.0.FINAL @ D:\OctBatchMicroservices\mvnpractise\HibernateProject-01\pom.xml.
2025-02-11 21:43:49,346 [Worker-69: Launching LoadRecordApp] INFO  o.e.m.c.i.embedder.EclipseLogger - Using 'UTF-8' encoding to copy filtered resources.
2025-02-11 21:43:49,346 [Worker-69: Launching LoadRecordApp] INFO  o.e.m.c.i.embedder.EclipseLogger - skip non existing resourceDirectory D:\OctBatchMicroservices\mvnpractise\HibernateProject-01\src\main\resources
2025-02-11 21:43:49,347 [Worker-69: Launching LoadRecordApp] INFO  o.e.m.c.i.embedder.EclipseLogger - Using 'UTF-8' encoding to copy filtered resources.
2025-02-11 21:43:49,347 [Worker-69: Launching LoadRecordApp] INFO  o.e.m.c.i.embedder.EclipseLogger - skip non existing resourceDirectory D:\OctBatchMicroservices\mvnpractise\HibernateProject-01\src\test\resources
2025-02-11 21:47:03,638 [Worker-64: Building] INFO  o.e.m.c.i.embedder.EclipseLogger - Using 'UTF-8' encoding to copy filtered resources.
2025-02-11 21:47:03,638 [Worker-64: Building] INFO  o.e.m.c.i.embedder.EclipseLogger - skip non existing resourceDirectory D:\OctBatchMicroservices\mvnpractise\HibernateProject-01\src\main\resources
2025-02-11 21:47:03,640 [Worker-64: Building] INFO  o.e.m.c.i.embedder.EclipseLogger - Using 'UTF-8' encoding to copy filtered resources.
2025-02-11 21:47:03,640 [Worker-64: Building] INFO  o.e.m.c.i.embedder.EclipseLogger - skip non existing resourceDirectory D:\OctBatchMicroservices\mvnpractise\HibernateProject-01\src\test\resources
2025-02-11 21:48:01,197 [Worker-0: Loading available Gradle versions] INFO  o.e.b.c.i.u.g.PublishedGradleVersions - Gradle version information cache is up-to-date. Trying to read.
2025-02-11 21:48:09,349 [Worker-0: Building] INFO  o.e.m.c.i.embedder.EclipseLogger - Using 'UTF-8' encoding to copy filtered resources.
2025-02-11 21:48:09,349 [Worker-0: Building] INFO  o.e.m.c.i.embedder.EclipseLogger - skip non existing resourceDirectory D:\OctBatchMicroservices\mvnpractise\HibernateProject-01\src\main\resources
2025-02-11 21:48:09,353 [Worker-0: Building] INFO  o.e.m.c.i.embedder.EclipseLogger - Using 'UTF-8' encoding to copy filtered resources.
2025-02-11 21:48:09,353 [Worker-0: Building] INFO  o.e.m.c.i.embedder.EclipseLogger - skip non existing resourceDirectory D:\OctBatchMicroservices\mvnpractise\HibernateProject-01\src\test\resources
2025-02-11 21:49:24,124 [Worker-1: Launching hibernate.cfg.xml] INFO  o.e.m.c.i.embedder.EclipseLogger - Using 'UTF-8' encoding to copy filtered resources.
2025-02-11 21:49:24,124 [Worker-1: Launching hibernate.cfg.xml] INFO  o.e.m.c.i.embedder.EclipseLogger - skip non existing resourceDirectory D:\OctBatchMicroservices\mvnpractise\HibernateProject-01\src\main\resources
2025-02-11 21:49:24,127 [Worker-1: Launching hibernate.cfg.xml] INFO  o.e.m.c.i.embedder.EclipseLogger - Using 'UTF-8' encoding to copy filtered resources.
2025-02-11 21:49:24,127 [Worker-1: Launching hibernate.cfg.xml] INFO  o.e.m.c.i.embedder.EclipseLogger - skip non existing resourceDirectory D:\OctBatchMicroservices\mvnpractise\HibernateProject-01\src\test\resources
2025-02-11 21:49:25,304 [Worker-27: Building] INFO  o.e.m.c.i.embedder.EclipseLogger - Using 'UTF-8' encoding to copy filtered resources.
2025-02-11 21:49:25,304 [Worker-27: Building] INFO  o.e.m.c.i.embedder.EclipseLogger - skip non existing resourceDirectory D:\OctBatchMicroservices\mvnpractise\HibernateProject-01\src\main\resources
2025-02-11 21:49:25,306 [Worker-27: Building] INFO  o.e.m.c.i.embedder.EclipseLogger - Using 'UTF-8' encoding to copy filtered resources.
2025-02-11 21:49:25,306 [Worker-27: Building] INFO  o.e.m.c.i.embedder.EclipseLogger - skip non existing resourceDirectory D:\OctBatchMicroservices\mvnpractise\HibernateProject-01\src\test\resources
2025-02-11 21:50:20,730 [Worker-22: Building] INFO  o.e.m.c.i.embedder.EclipseLogger - Using 'UTF-8' encoding to copy filtered resources.
2025-02-11 21:50:20,730 [Worker-22: Building] INFO  o.e.m.c.i.embedder.EclipseLogger - skip non existing resourceDirectory D:\OctBatchMicroservices\mvnpractise\HibernateProject-01\src\main\resources
2025-02-11 21:50:20,732 [Worker-22: Building] INFO  o.e.m.c.i.embedder.EclipseLogger - Using 'UTF-8' encoding to copy filtered resources.
2025-02-11 21:50:20,732 [Worker-22: Building] INFO  o.e.m.c.i.embedder.EclipseLogger - skip non existing resourceDirectory D:\OctBatchMicroservices\mvnpractise\HibernateProject-01\src\test\resources
2025-02-11 21:50:48,193 [Worker-17: Building] INFO  o.e.m.c.i.embedder.EclipseLogger - Using 'UTF-8' encoding to copy filtered resources.
2025-02-11 21:50:48,193 [Worker-17: Building] INFO  o.e.m.c.i.embedder.EclipseLogger - skip non existing resourceDirectory D:\OctBatchMicroservices\mvnpractise\HibernateProject-01\src\main\resources
2025-02-11 21:50:48,196 [Worker-17: Building] INFO  o.e.m.c.i.embedder.EclipseLogger - Using 'UTF-8' encoding to copy filtered resources.
2025-02-11 21:50:48,196 [Worker-17: Building] INFO  o.e.m.c.i.embedder.EclipseLogger - skip non existing resourceDirectory D:\OctBatchMicroservices\mvnpractise\HibernateProject-01\src\test\resources
2025-02-11 21:51:06,649 [Worker-15: Updating Maven Dependencies] ERROR o.e.m.j.i.l.MavenLaunchConfigurationListener - Launch configuration LoadRecordApp references non-existing project HibernateProject-01.
org.eclipse.core.runtime.CoreException: Launch configuration LoadRecordApp references non-existing project HibernateProject-01.
	at org.eclipse.jdt.launching.JavaRuntime.abort(JavaRuntime.java:1870)
	at org.eclipse.jdt.launching.JavaRuntime.getJavaProject(JavaRuntime.java:1747)
	at org.eclipse.m2e.jdt.internal.launch.MavenLaunchConfigurationListener.updateLaunchConfiguration(MavenLaunchConfigurationListener.java:66)
	at org.eclipse.m2e.jdt.internal.launch.MavenLaunchConfigurationListener.launchConfigurationChanged(MavenLaunchConfigurationListener.java:52)
	at org.eclipse.debug.internal.core.LaunchManager$ConfigurationNotifier.run(LaunchManager.java:219)
	at org.eclipse.core.runtime.SafeRunner.run(SafeRunner.java:47)
	at org.eclipse.debug.internal.core.LaunchManager$ConfigurationNotifier.notify(LaunchManager.java:203)
	at org.eclipse.debug.internal.core.LaunchConfigurationWorkingCopy.setDirty(LaunchConfigurationWorkingCopy.java:527)
	at org.eclipse.debug.internal.core.LaunchConfigurationWorkingCopy.setAttribute(LaunchConfigurationWorkingCopy.java:415)
	at org.eclipse.m2e.jdt.internal.launch.MavenRuntimeClasspathProvider.disable(MavenRuntimeClasspathProvider.java:409)
	at org.eclipse.m2e.jdt.internal.launch.MavenRuntimeClasspathProvider.disable(MavenRuntimeClasspathProvider.java:435)
	at org.eclipse.m2e.jdt.internal.launch.MavenLaunchConfigurationListener.mavenProjectChanged(MavenLaunchConfigurationListener.java:137)
	at org.eclipse.m2e.core.internal.project.registry.ProjectRegistryManager.notifyProjectChangeListeners(ProjectRegistryManager.java:892)
	at org.eclipse.m2e.core.internal.project.registry.ProjectRegistryManager.applyMutableProjectRegistry(ProjectRegistryManager.java:1042)
	at org.eclipse.m2e.core.internal.project.registry.ProjectRegistryRefreshJob.lambda$0(ProjectRegistryRefreshJob.java:162)
	at org.eclipse.m2e.core.internal.embedder.MavenExecutionContext.executeBare(MavenExecutionContext.java:458)
	at org.eclipse.m2e.core.internal.embedder.MavenExecutionContext.execute(MavenExecutionContext.java:339)
	at org.eclipse.m2e.core.internal.embedder.MavenExecutionContext.execute(MavenExecutionContext.java:278)
	at org.eclipse.m2e.core.internal.project.registry.ProjectRegistryRefreshJob.run(ProjectRegistryRefreshJob.java:106)
	at org.eclipse.core.internal.jobs.Worker.run(Worker.java:63)
2025-02-11 21:51:06,652 [Worker-15: Updating Maven Dependencies] ERROR o.e.m.j.i.l.MavenLaunchConfigurationListener - Launch configuration LoadRecordApp references non-existing project HibernateProject-01.
org.eclipse.core.runtime.CoreException: Launch configuration LoadRecordApp references non-existing project HibernateProject-01.
	at org.eclipse.jdt.launching.JavaRuntime.abort(JavaRuntime.java:1870)
	at org.eclipse.jdt.launching.JavaRuntime.getJavaProject(JavaRuntime.java:1747)
	at org.eclipse.m2e.jdt.internal.launch.MavenLaunchConfigurationListener.updateLaunchConfiguration(MavenLaunchConfigurationListener.java:66)
	at org.eclipse.m2e.jdt.internal.launch.MavenLaunchConfigurationListener.launchConfigurationChanged(MavenLaunchConfigurationListener.java:52)
	at org.eclipse.debug.internal.core.LaunchManager$ConfigurationNotifier.run(LaunchManager.java:219)
	at org.eclipse.core.runtime.SafeRunner.run(SafeRunner.java:47)
	at org.eclipse.debug.internal.core.LaunchManager$ConfigurationNotifier.notify(LaunchManager.java:203)
	at org.eclipse.debug.internal.core.LaunchConfigurationWorkingCopy.setDirty(LaunchConfigurationWorkingCopy.java:527)
	at org.eclipse.debug.internal.core.LaunchConfigurationWorkingCopy.setAttribute(LaunchConfigurationWorkingCopy.java:415)
	at org.eclipse.m2e.jdt.internal.launch.MavenRuntimeClasspathProvider.disable(MavenRuntimeClasspathProvider.java:410)
	at org.eclipse.m2e.jdt.internal.launch.MavenRuntimeClasspathProvider.disable(MavenRuntimeClasspathProvider.java:435)
	at org.eclipse.m2e.jdt.internal.launch.MavenLaunchConfigurationListener.mavenProjectChanged(MavenLaunchConfigurationListener.java:137)
	at org.eclipse.m2e.core.internal.project.registry.ProjectRegistryManager.notifyProjectChangeListeners(ProjectRegistryManager.java:892)
	at org.eclipse.m2e.core.internal.project.registry.ProjectRegistryManager.applyMutableProjectRegistry(ProjectRegistryManager.java:1042)
	at org.eclipse.m2e.core.internal.project.registry.ProjectRegistryRefreshJob.lambda$0(ProjectRegistryRefreshJob.java:162)
	at org.eclipse.m2e.core.internal.embedder.MavenExecutionContext.executeBare(MavenExecutionContext.java:458)
	at org.eclipse.m2e.core.internal.embedder.MavenExecutionContext.execute(MavenExecutionContext.java:339)
	at org.eclipse.m2e.core.internal.embedder.MavenExecutionContext.execute(MavenExecutionContext.java:278)
	at org.eclipse.m2e.core.internal.project.registry.ProjectRegistryRefreshJob.run(ProjectRegistryRefreshJob.java:106)
	at org.eclipse.core.internal.jobs.Worker.run(Worker.java:63)
2025-02-11 21:51:06,663 [Worker-15: Updating Maven Dependencies] ERROR o.e.m.j.i.l.MavenLaunchConfigurationListener - Launch configuration LoadRecordApp references non-existing project HibernateProject-01.
org.eclipse.core.runtime.CoreException: Launch configuration LoadRecordApp references non-existing project HibernateProject-01.
	at org.eclipse.jdt.launching.JavaRuntime.abort(JavaRuntime.java:1870)
	at org.eclipse.jdt.launching.JavaRuntime.getJavaProject(JavaRuntime.java:1747)
	at org.eclipse.m2e.jdt.internal.launch.MavenLaunchConfigurationListener.updateLaunchConfiguration(MavenLaunchConfigurationListener.java:66)
	at org.eclipse.m2e.jdt.internal.launch.MavenLaunchConfigurationListener.launchConfigurationChanged(MavenLaunchConfigurationListener.java:52)
	at org.eclipse.debug.internal.core.LaunchManager$ConfigurationNotifier.run(LaunchManager.java:219)
	at org.eclipse.core.runtime.SafeRunner.run(SafeRunner.java:47)
	at org.eclipse.debug.internal.core.LaunchManager$ConfigurationNotifier.notify(LaunchManager.java:203)
	at org.eclipse.debug.internal.core.LaunchManager.launchConfigurationChanged(LaunchManager.java:1960)
	at org.eclipse.debug.internal.core.LaunchConfigurationWorkingCopy.writeNewFile(LaunchConfigurationWorkingCopy.java:380)
	at org.eclipse.debug.internal.core.LaunchConfigurationWorkingCopy.doSave0(LaunchConfigurationWorkingCopy.java:259)
	at org.eclipse.debug.internal.core.LaunchConfigurationWorkingCopy.doSave(LaunchConfigurationWorkingCopy.java:229)
	at org.eclipse.debug.internal.core.LaunchConfigurationWorkingCopy.doSave(LaunchConfigurationWorkingCopy.java:187)
	at org.eclipse.m2e.jdt.internal.launch.MavenRuntimeClasspathProvider.disable(MavenRuntimeClasspathProvider.java:411)
	at org.eclipse.m2e.jdt.internal.launch.MavenRuntimeClasspathProvider.disable(MavenRuntimeClasspathProvider.java:435)
	at org.eclipse.m2e.jdt.internal.launch.MavenLaunchConfigurationListener.mavenProjectChanged(MavenLaunchConfigurationListener.java:137)
	at org.eclipse.m2e.core.internal.project.registry.ProjectRegistryManager.notifyProjectChangeListeners(ProjectRegistryManager.java:892)
	at org.eclipse.m2e.core.internal.project.registry.ProjectRegistryManager.applyMutableProjectRegistry(ProjectRegistryManager.java:1042)
	at org.eclipse.m2e.core.internal.project.registry.ProjectRegistryRefreshJob.lambda$0(ProjectRegistryRefreshJob.java:162)
	at org.eclipse.m2e.core.internal.embedder.MavenExecutionContext.executeBare(MavenExecutionContext.java:458)
	at org.eclipse.m2e.core.internal.embedder.MavenExecutionContext.execute(MavenExecutionContext.java:339)
	at org.eclipse.m2e.core.internal.embedder.MavenExecutionContext.execute(MavenExecutionContext.java:278)
	at org.eclipse.m2e.core.internal.project.registry.ProjectRegistryRefreshJob.run(ProjectRegistryRefreshJob.java:106)
	at org.eclipse.core.internal.jobs.Worker.run(Worker.java:63)
2025-02-11 21:51:16,991 [Worker-22: Building] INFO  o.e.m.c.i.l.LifecycleMappingFactory - Using org.eclipse.m2e.jdt.JarLifecycleMapping lifecycle mapping for MavenProject: pwskills:HibernateProject:1.0.FINAL @ D:\OctBatchMicroservices\mvnpractise\HibernateProject-01\pom.xml.
2025-02-11 21:51:17,327 [Worker-22: Building] INFO  o.e.m.c.i.embedder.EclipseLogger - Using 'UTF-8' encoding to copy filtered resources.
2025-02-11 21:51:17,328 [Worker-22: Building] INFO  o.e.m.c.i.embedder.EclipseLogger - skip non existing resourceDirectory D:\OctBatchMicroservices\mvnpractise\HibernateProject-01\src\main\resources
2025-02-11 21:51:17,330 [Worker-22: Building] INFO  o.e.m.c.i.embedder.EclipseLogger - Using 'UTF-8' encoding to copy filtered resources.
2025-02-11 21:51:17,330 [Worker-22: Building] INFO  o.e.m.c.i.embedder.EclipseLogger - skip non existing resourceDirectory D:\OctBatchMicroservices\mvnpractise\HibernateProject-01\src\test\resources
2025-02-11 21:51:18,446 [Worker-5: Building] INFO  o.e.m.c.i.embedder.EclipseLogger - Using 'UTF-8' encoding to copy filtered resources.
2025-02-11 21:51:18,446 [Worker-5: Building] INFO  o.e.m.c.i.embedder.EclipseLogger - skip non existing resourceDirectory D:\OctBatchMicroservices\mvnpractise\HibernateProject-01\src\main\resources
2025-02-11 21:51:18,447 [Worker-5: Building] INFO  o.e.m.c.i.embedder.EclipseLogger - Using 'UTF-8' encoding to copy filtered resources.
2025-02-11 21:51:18,447 [Worker-5: Building] INFO  o.e.m.c.i.embedder.EclipseLogger - skip non existing resourceDirectory D:\OctBatchMicroservices\mvnpractise\HibernateProject-01\src\test\resources
2025-02-11 21:51:54,874 [Worker-1: Loading available Gradle versions] INFO  o.e.b.c.i.u.g.PublishedGradleVersions - Gradle version information cache is up-to-date. Trying to read.
2025-02-11 21:52:28,513 [Worker-15: Updating Maven Dependencies] ERROR o.e.m.j.i.l.MavenLaunchConfigurationListener - Launch configuration LoadRecordApp references non-existing project HibernateProject-01.
org.eclipse.core.runtime.CoreException: Launch configuration LoadRecordApp references non-existing project HibernateProject-01.
	at org.eclipse.jdt.launching.JavaRuntime.abort(JavaRuntime.java:1870)
	at org.eclipse.jdt.launching.JavaRuntime.getJavaProject(JavaRuntime.java:1747)
	at org.eclipse.m2e.jdt.internal.launch.MavenLaunchConfigurationListener.updateLaunchConfiguration(MavenLaunchConfigurationListener.java:66)
	at org.eclipse.m2e.jdt.internal.launch.MavenLaunchConfigurationListener.launchConfigurationChanged(MavenLaunchConfigurationListener.java:52)
	at org.eclipse.debug.internal.core.LaunchManager$ConfigurationNotifier.run(LaunchManager.java:219)
	at org.eclipse.core.runtime.SafeRunner.run(SafeRunner.java:47)
	at org.eclipse.debug.internal.core.LaunchManager$ConfigurationNotifier.notify(LaunchManager.java:203)
	at org.eclipse.debug.internal.core.LaunchConfigurationWorkingCopy.setDirty(LaunchConfigurationWorkingCopy.java:527)
	at org.eclipse.debug.internal.core.LaunchConfigurationWorkingCopy.setAttribute(LaunchConfigurationWorkingCopy.java:415)
	at org.eclipse.m2e.jdt.internal.launch.MavenRuntimeClasspathProvider.disable(MavenRuntimeClasspathProvider.java:409)
	at org.eclipse.m2e.jdt.internal.launch.MavenRuntimeClasspathProvider.disable(MavenRuntimeClasspathProvider.java:435)
	at org.eclipse.m2e.jdt.internal.launch.MavenLaunchConfigurationListener.mavenProjectChanged(MavenLaunchConfigurationListener.java:137)
	at org.eclipse.m2e.core.internal.project.registry.ProjectRegistryManager.notifyProjectChangeListeners(ProjectRegistryManager.java:892)
	at org.eclipse.m2e.core.internal.project.registry.ProjectRegistryManager.applyMutableProjectRegistry(ProjectRegistryManager.java:1042)
	at org.eclipse.m2e.core.internal.project.registry.ProjectRegistryRefreshJob.lambda$0(ProjectRegistryRefreshJob.java:162)
	at org.eclipse.m2e.core.internal.embedder.MavenExecutionContext.executeBare(MavenExecutionContext.java:458)
	at org.eclipse.m2e.core.internal.embedder.MavenExecutionContext.execute(MavenExecutionContext.java:339)
	at org.eclipse.m2e.core.internal.embedder.MavenExecutionContext.execute(MavenExecutionContext.java:278)
	at org.eclipse.m2e.core.internal.project.registry.ProjectRegistryRefreshJob.run(ProjectRegistryRefreshJob.java:106)
	at org.eclipse.core.internal.jobs.Worker.run(Worker.java:63)
2025-02-11 21:52:28,516 [Worker-15: Updating Maven Dependencies] ERROR o.e.m.j.i.l.MavenLaunchConfigurationListener - Launch configuration LoadRecordApp references non-existing project HibernateProject-01.
org.eclipse.core.runtime.CoreException: Launch configuration LoadRecordApp references non-existing project HibernateProject-01.
	at org.eclipse.jdt.launching.JavaRuntime.abort(JavaRuntime.java:1870)
	at org.eclipse.jdt.launching.JavaRuntime.getJavaProject(JavaRuntime.java:1747)
	at org.eclipse.m2e.jdt.internal.launch.MavenLaunchConfigurationListener.updateLaunchConfiguration(MavenLaunchConfigurationListener.java:66)
	at org.eclipse.m2e.jdt.internal.launch.MavenLaunchConfigurationListener.launchConfigurationChanged(MavenLaunchConfigurationListener.java:52)
	at org.eclipse.debug.internal.core.LaunchManager$ConfigurationNotifier.run(LaunchManager.java:219)
	at org.eclipse.core.runtime.SafeRunner.run(SafeRunner.java:47)
	at org.eclipse.debug.internal.core.LaunchManager$ConfigurationNotifier.notify(LaunchManager.java:203)
	at org.eclipse.debug.internal.core.LaunchConfigurationWorkingCopy.setDirty(LaunchConfigurationWorkingCopy.java:527)
	at org.eclipse.debug.internal.core.LaunchConfigurationWorkingCopy.setAttribute(LaunchConfigurationWorkingCopy.java:415)
	at org.eclipse.m2e.jdt.internal.launch.MavenRuntimeClasspathProvider.disable(MavenRuntimeClasspathProvider.java:410)
	at org.eclipse.m2e.jdt.internal.launch.MavenRuntimeClasspathProvider.disable(MavenRuntimeClasspathProvider.java:435)
	at org.eclipse.m2e.jdt.internal.launch.MavenLaunchConfigurationListener.mavenProjectChanged(MavenLaunchConfigurationListener.java:137)
	at org.eclipse.m2e.core.internal.project.registry.ProjectRegistryManager.notifyProjectChangeListeners(ProjectRegistryManager.java:892)
	at org.eclipse.m2e.core.internal.project.registry.ProjectRegistryManager.applyMutableProjectRegistry(ProjectRegistryManager.java:1042)
	at org.eclipse.m2e.core.internal.project.registry.ProjectRegistryRefreshJob.lambda$0(ProjectRegistryRefreshJob.java:162)
	at org.eclipse.m2e.core.internal.embedder.MavenExecutionContext.executeBare(MavenExecutionContext.java:458)
	at org.eclipse.m2e.core.internal.embedder.MavenExecutionContext.execute(MavenExecutionContext.java:339)
	at org.eclipse.m2e.core.internal.embedder.MavenExecutionContext.execute(MavenExecutionContext.java:278)
	at org.eclipse.m2e.core.internal.project.registry.ProjectRegistryRefreshJob.run(ProjectRegistryRefreshJob.java:106)
	at org.eclipse.core.internal.jobs.Worker.run(Worker.java:63)
2025-02-11 21:52:28,534 [Worker-15: Updating Maven Dependencies] ERROR o.e.m.j.i.l.MavenLaunchConfigurationListener - Launch configuration LoadRecordApp references non-existing project HibernateProject-01.
org.eclipse.core.runtime.CoreException: Launch configuration LoadRecordApp references non-existing project HibernateProject-01.
	at org.eclipse.jdt.launching.JavaRuntime.abort(JavaRuntime.java:1870)
	at org.eclipse.jdt.launching.JavaRuntime.getJavaProject(JavaRuntime.java:1747)
	at org.eclipse.m2e.jdt.internal.launch.MavenLaunchConfigurationListener.updateLaunchConfiguration(MavenLaunchConfigurationListener.java:66)
	at org.eclipse.m2e.jdt.internal.launch.MavenLaunchConfigurationListener.launchConfigurationChanged(MavenLaunchConfigurationListener.java:52)
	at org.eclipse.debug.internal.core.LaunchManager$ConfigurationNotifier.run(LaunchManager.java:219)
	at org.eclipse.core.runtime.SafeRunner.run(SafeRunner.java:47)
	at org.eclipse.debug.internal.core.LaunchManager$ConfigurationNotifier.notify(LaunchManager.java:203)
	at org.eclipse.debug.internal.core.LaunchManager.launchConfigurationChanged(LaunchManager.java:1960)
	at org.eclipse.debug.internal.core.LaunchConfigurationWorkingCopy.writeNewFile(LaunchConfigurationWorkingCopy.java:380)
	at org.eclipse.debug.internal.core.LaunchConfigurationWorkingCopy.doSave0(LaunchConfigurationWorkingCopy.java:259)
	at org.eclipse.debug.internal.core.LaunchConfigurationWorkingCopy.doSave(LaunchConfigurationWorkingCopy.java:229)
	at org.eclipse.debug.internal.core.LaunchConfigurationWorkingCopy.doSave(LaunchConfigurationWorkingCopy.java:187)
	at org.eclipse.m2e.jdt.internal.launch.MavenRuntimeClasspathProvider.disable(MavenRuntimeClasspathProvider.java:411)
	at org.eclipse.m2e.jdt.internal.launch.MavenRuntimeClasspathProvider.disable(MavenRuntimeClasspathProvider.java:435)
	at org.eclipse.m2e.jdt.internal.launch.MavenLaunchConfigurationListener.mavenProjectChanged(MavenLaunchConfigurationListener.java:137)
	at org.eclipse.m2e.core.internal.project.registry.ProjectRegistryManager.notifyProjectChangeListeners(ProjectRegistryManager.java:892)
	at org.eclipse.m2e.core.internal.project.registry.ProjectRegistryManager.applyMutableProjectRegistry(ProjectRegistryManager.java:1042)
	at org.eclipse.m2e.core.internal.project.registry.ProjectRegistryRefreshJob.lambda$0(ProjectRegistryRefreshJob.java:162)
	at org.eclipse.m2e.core.internal.embedder.MavenExecutionContext.executeBare(MavenExecutionContext.java:458)
	at org.eclipse.m2e.core.internal.embedder.MavenExecutionContext.execute(MavenExecutionContext.java:339)
	at org.eclipse.m2e.core.internal.embedder.MavenExecutionContext.execute(MavenExecutionContext.java:278)
	at org.eclipse.m2e.core.internal.project.registry.ProjectRegistryRefreshJob.run(ProjectRegistryRefreshJob.java:106)
	at org.eclipse.core.internal.jobs.Worker.run(Worker.java:63)
2025-02-11 21:53:10,689 [Worker-0: Building] INFO  o.e.m.c.i.l.LifecycleMappingFactory - Using org.eclipse.m2e.jdt.JarLifecycleMapping lifecycle mapping for MavenProject: pwskills:HibernateProject:1.0.FINAL @ D:\HibernateProject\pom.xml.
2025-02-11 21:53:11,210 [Worker-0: Building] INFO  o.e.m.c.i.embedder.EclipseLogger - Using 'UTF-8' encoding to copy filtered resources.
2025-02-11 21:53:11,210 [Worker-0: Building] INFO  o.e.m.c.i.embedder.EclipseLogger - skip non existing resourceDirectory D:\HibernateProject\src\main\resources
2025-02-11 21:53:11,213 [Worker-0: Building] INFO  o.e.m.c.i.embedder.EclipseLogger - Using 'UTF-8' encoding to copy filtered resources.
2025-02-11 21:53:11,213 [Worker-0: Building] INFO  o.e.m.c.i.embedder.EclipseLogger - skip non existing resourceDirectory D:\HibernateProject\src\test\resources
2025-02-11 21:53:12,199 [Worker-26: Updating Maven Dependencies] INFO  o.e.m.c.i.l.LifecycleMappingFactory - Using org.eclipse.m2e.jdt.JarLifecycleMapping lifecycle mapping for MavenProject: pwskills:HibernateProject:1.0.FINAL @ D:\HibernateProject\pom.xml.
2025-02-11 21:53:12,661 [Worker-20: Building] INFO  o.e.m.c.i.embedder.EclipseLogger - Using 'UTF-8' encoding to copy filtered resources.
2025-02-11 21:53:12,661 [Worker-20: Building] INFO  o.e.m.c.i.embedder.EclipseLogger - skip non existing resourceDirectory D:\HibernateProject\src\main\resources
2025-02-11 21:53:12,664 [Worker-20: Building] INFO  o.e.m.c.i.embedder.EclipseLogger - Using 'UTF-8' encoding to copy filtered resources.
2025-02-11 21:53:12,664 [Worker-20: Building] INFO  o.e.m.c.i.embedder.EclipseLogger - skip non existing resourceDirectory D:\HibernateProject\src\test\resources
2025-02-11 21:53:24,182 [Worker-5: Building] INFO  o.e.m.c.i.l.LifecycleMappingFactory - Using org.eclipse.m2e.jdt.JarLifecycleMapping lifecycle mapping for MavenProject: pwskills:HibernateProject:1.0.FINAL @ D:\OctBatchMicroservices\mvnpractise\HibernateProject-01\pom.xml.
2025-02-11 21:53:24,387 [Worker-5: Building] INFO  o.e.m.c.i.embedder.EclipseLogger - Using 'UTF-8' encoding to copy filtered resources.
2025-02-11 21:53:24,388 [Worker-5: Building] INFO  o.e.m.c.i.embedder.EclipseLogger - skip non existing resourceDirectory D:\OctBatchMicroservices\mvnpractise\HibernateProject-01\src\main\resources
2025-02-11 21:53:24,389 [Worker-5: Building] INFO  o.e.m.c.i.embedder.EclipseLogger - Using 'UTF-8' encoding to copy filtered resources.
2025-02-11 21:53:24,389 [Worker-5: Building] INFO  o.e.m.c.i.embedder.EclipseLogger - skip non existing resourceDirectory D:\OctBatchMicroservices\mvnpractise\HibernateProject-01\src\test\resources
2025-02-11 21:53:25,517 [Worker-14: Building] INFO  o.e.m.c.i.embedder.EclipseLogger - Using 'UTF-8' encoding to copy filtered resources.
2025-02-11 21:53:25,517 [Worker-14: Building] INFO  o.e.m.c.i.embedder.EclipseLogger - skip non existing resourceDirectory D:\OctBatchMicroservices\mvnpractise\HibernateProject-01\src\main\resources
2025-02-11 21:53:25,518 [Worker-14: Building] INFO  o.e.m.c.i.embedder.EclipseLogger - Using 'UTF-8' encoding to copy filtered resources.
2025-02-11 21:53:25,518 [Worker-14: Building] INFO  o.e.m.c.i.embedder.EclipseLogger - skip non existing resourceDirectory D:\OctBatchMicroservices\mvnpractise\HibernateProject-01\src\test\resources
2025-02-11 21:53:40,446 [Worker-26: Launching Executing clean in D__OctBatchMicroservices_mvnpractise_HibernateProject-01] INFO  o.eclipse.m2e.core.internal.Bundles - getClasspathEntries(Bundle=org.eclipse.m2e.maven.runtime_3.9.900.20240824-1409 [640])
2025-02-11 21:53:40,447 [Worker-26: Launching Executing clean in D__OctBatchMicroservices_mvnpractise_HibernateProject-01] INFO  o.eclipse.m2e.core.internal.Bundles - 	Entry: C:\Users\akash\.p2\pool\plugins\org.eclipse.m2e.maven.runtime_3.9.900.20240824-1409
2025-02-11 21:53:40,447 [Worker-26: Launching Executing clean in D__OctBatchMicroservices_mvnpractise_HibernateProject-01] INFO  o.eclipse.m2e.core.internal.Bundles - 	Entry: C:\Users\akash\.p2\pool\plugins\org.eclipse.m2e.maven.runtime_3.9.900.20240824-1409\jars\aopalliance-1.0.jar
2025-02-11 21:53:40,447 [Worker-26: Launching Executing clean in D__OctBatchMicroservices_mvnpractise_HibernateProject-01] INFO  o.eclipse.m2e.core.internal.Bundles - 	Entry: C:\Users\akash\.p2\pool\plugins\org.eclipse.m2e.maven.runtime_3.9.900.20240824-1409\jars\guice-5.1.0.jar
2025-02-11 21:53:40,448 [Worker-26: Launching Executing clean in D__OctBatchMicroservices_mvnpractise_HibernateProject-01] INFO  o.eclipse.m2e.core.internal.Bundles - 	Entry: C:\Users\akash\.p2\pool\plugins\org.eclipse.m2e.maven.runtime_3.9.900.20240824-1409\jars\httpclient-4.5.14.jar
2025-02-11 21:53:40,448 [Worker-26: Launching Executing clean in D__OctBatchMicroservices_mvnpractise_HibernateProject-01] INFO  o.eclipse.m2e.core.internal.Bundles - 	Entry: C:\Users\akash\.p2\pool\plugins\org.eclipse.m2e.maven.runtime_3.9.900.20240824-1409\jars\httpcore-4.4.16.jar
2025-02-11 21:53:40,448 [Worker-26: Launching Executing clean in D__OctBatchMicroservices_mvnpractise_HibernateProject-01] INFO  o.eclipse.m2e.core.internal.Bundles - 	Entry: C:\Users\akash\.p2\pool\plugins\org.eclipse.m2e.maven.runtime_3.9.900.20240824-1409\jars\jansi-2.4.1.jar
2025-02-11 21:53:40,448 [Worker-26: Launching Executing clean in D__OctBatchMicroservices_mvnpractise_HibernateProject-01] INFO  o.eclipse.m2e.core.internal.Bundles - 	Entry: C:\Users\akash\.p2\pool\plugins\org.eclipse.m2e.maven.runtime_3.9.900.20240824-1409\jars\jcl-over-slf4j-1.7.36.jar
2025-02-11 21:53:40,448 [Worker-26: Launching Executing clean in D__OctBatchMicroservices_mvnpractise_HibernateProject-01] INFO  o.eclipse.m2e.core.internal.Bundles - 	Entry: C:\Users\akash\.p2\pool\plugins\org.eclipse.m2e.maven.runtime_3.9.900.20240824-1409\jars\maven-artifact-3.9.9.jar
2025-02-11 21:53:40,448 [Worker-26: Launching Executing clean in D__OctBatchMicroservices_mvnpractise_HibernateProject-01] INFO  o.eclipse.m2e.core.internal.Bundles - 	Entry: C:\Users\akash\.p2\pool\plugins\org.eclipse.m2e.maven.runtime_3.9.900.20240824-1409\jars\maven-builder-support-3.9.9.jar
2025-02-11 21:53:40,448 [Worker-26: Launching Executing clean in D__OctBatchMicroservices_mvnpractise_HibernateProject-01] INFO  o.eclipse.m2e.core.internal.Bundles - 	Entry: C:\Users\akash\.p2\pool\plugins\org.eclipse.m2e.maven.runtime_3.9.900.20240824-1409\jars\maven-compat-3.9.9.jar
2025-02-11 21:53:40,448 [Worker-26: Launching Executing clean in D__OctBatchMicroservices_mvnpractise_HibernateProject-01] INFO  o.eclipse.m2e.core.internal.Bundles - 	Entry: C:\Users\akash\.p2\pool\plugins\org.eclipse.m2e.maven.runtime_3.9.900.20240824-1409\jars\maven-core-3.9.9.jar
2025-02-11 21:53:40,448 [Worker-26: Launching Executing clean in D__OctBatchMicroservices_mvnpractise_HibernateProject-01] INFO  o.eclipse.m2e.core.internal.Bundles - 	Entry: C:\Users\akash\.p2\pool\plugins\org.eclipse.m2e.maven.runtime_3.9.900.20240824-1409\jars\maven-embedder-3.9.9.jar
2025-02-11 21:53:40,448 [Worker-26: Launching Executing clean in D__OctBatchMicroservices_mvnpractise_HibernateProject-01] INFO  o.eclipse.m2e.core.internal.Bundles - 	Entry: C:\Users\akash\.p2\pool\plugins\org.eclipse.m2e.maven.runtime_3.9.900.20240824-1409\jars\maven-model-3.9.9.jar
2025-02-11 21:53:40,449 [Worker-26: Launching Executing clean in D__OctBatchMicroservices_mvnpractise_HibernateProject-01] INFO  o.eclipse.m2e.core.internal.Bundles - 	Entry: C:\Users\akash\.p2\pool\plugins\org.eclipse.m2e.maven.runtime_3.9.900.20240824-1409\jars\maven-model-builder-3.9.9.jar
2025-02-11 21:53:40,449 [Worker-26: Launching Executing clean in D__OctBatchMicroservices_mvnpractise_HibernateProject-01] INFO  o.eclipse.m2e.core.internal.Bundles - 	Entry: C:\Users\akash\.p2\pool\plugins\org.eclipse.m2e.maven.runtime_3.9.900.20240824-1409\jars\maven-plugin-api-3.9.9.jar
2025-02-11 21:53:40,449 [Worker-26: Launching Executing clean in D__OctBatchMicroservices_mvnpractise_HibernateProject-01] INFO  o.eclipse.m2e.core.internal.Bundles - 	Entry: C:\Users\akash\.p2\pool\plugins\org.eclipse.m2e.maven.runtime_3.9.900.20240824-1409\jars\maven-repository-metadata-3.9.9.jar
2025-02-11 21:53:40,449 [Worker-26: Launching Executing clean in D__OctBatchMicroservices_mvnpractise_HibernateProject-01] INFO  o.eclipse.m2e.core.internal.Bundles - 	Entry: C:\Users\akash\.p2\pool\plugins\org.eclipse.m2e.maven.runtime_3.9.900.20240824-1409\jars\maven-resolver-api-1.9.22.jar
2025-02-11 21:53:40,449 [Worker-26: Launching Executing clean in D__OctBatchMicroservices_mvnpractise_HibernateProject-01] INFO  o.eclipse.m2e.core.internal.Bundles - 	Entry: C:\Users\akash\.p2\pool\plugins\org.eclipse.m2e.maven.runtime_3.9.900.20240824-1409\jars\maven-resolver-connector-basic-1.9.22.jar
2025-02-11 21:53:40,449 [Worker-26: Launching Executing clean in D__OctBatchMicroservices_mvnpractise_HibernateProject-01] INFO  o.eclipse.m2e.core.internal.Bundles - 	Entry: C:\Users\akash\.p2\pool\plugins\org.eclipse.m2e.maven.runtime_3.9.900.20240824-1409\jars\maven-resolver-impl-1.9.22.jar
2025-02-11 21:53:40,449 [Worker-26: Launching Executing clean in D__OctBatchMicroservices_mvnpractise_HibernateProject-01] INFO  o.eclipse.m2e.core.internal.Bundles - 	Entry: C:\Users\akash\.p2\pool\plugins\org.eclipse.m2e.maven.runtime_3.9.900.20240824-1409\jars\maven-resolver-named-locks-1.9.22.jar
2025-02-11 21:53:40,449 [Worker-26: Launching Executing clean in D__OctBatchMicroservices_mvnpractise_HibernateProject-01] INFO  o.eclipse.m2e.core.internal.Bundles - 	Entry: C:\Users\akash\.p2\pool\plugins\org.eclipse.m2e.maven.runtime_3.9.900.20240824-1409\jars\maven-resolver-provider-3.9.9.jar
2025-02-11 21:53:40,449 [Worker-26: Launching Executing clean in D__OctBatchMicroservices_mvnpractise_HibernateProject-01] INFO  o.eclipse.m2e.core.internal.Bundles - 	Entry: C:\Users\akash\.p2\pool\plugins\org.eclipse.m2e.maven.runtime_3.9.900.20240824-1409\jars\maven-resolver-spi-1.9.22.jar
2025-02-11 21:53:40,449 [Worker-26: Launching Executing clean in D__OctBatchMicroservices_mvnpractise_HibernateProject-01] INFO  o.eclipse.m2e.core.internal.Bundles - 	Entry: C:\Users\akash\.p2\pool\plugins\org.eclipse.m2e.maven.runtime_3.9.900.20240824-1409\jars\maven-resolver-transport-file-1.9.22.jar
2025-02-11 21:53:40,450 [Worker-26: Launching Executing clean in D__OctBatchMicroservices_mvnpractise_HibernateProject-01] INFO  o.eclipse.m2e.core.internal.Bundles - 	Entry: C:\Users\akash\.p2\pool\plugins\org.eclipse.m2e.maven.runtime_3.9.900.20240824-1409\jars\maven-resolver-transport-http-1.9.22.jar
2025-02-11 21:53:40,450 [Worker-26: Launching Executing clean in D__OctBatchMicroservices_mvnpractise_HibernateProject-01] INFO  o.eclipse.m2e.core.internal.Bundles - 	Entry: C:\Users\akash\.p2\pool\plugins\org.eclipse.m2e.maven.runtime_3.9.900.20240824-1409\jars\maven-resolver-transport-wagon-1.9.22.jar
2025-02-11 21:53:40,450 [Worker-26: Launching Executing clean in D__OctBatchMicroservices_mvnpractise_HibernateProject-01] INFO  o.eclipse.m2e.core.internal.Bundles - 	Entry: C:\Users\akash\.p2\pool\plugins\org.eclipse.m2e.maven.runtime_3.9.900.20240824-1409\jars\maven-resolver-util-1.9.22.jar
2025-02-11 21:53:40,450 [Worker-26: Launching Executing clean in D__OctBatchMicroservices_mvnpractise_HibernateProject-01] INFO  o.eclipse.m2e.core.internal.Bundles - 	Entry: C:\Users\akash\.p2\pool\plugins\org.eclipse.m2e.maven.runtime_3.9.900.20240824-1409\jars\maven-settings-3.9.9.jar
2025-02-11 21:53:40,450 [Worker-26: Launching Executing clean in D__OctBatchMicroservices_mvnpractise_HibernateProject-01] INFO  o.eclipse.m2e.core.internal.Bundles - 	Entry: C:\Users\akash\.p2\pool\plugins\org.eclipse.m2e.maven.runtime_3.9.900.20240824-1409\jars\maven-settings-builder-3.9.9.jar
2025-02-11 21:53:40,450 [Worker-26: Launching Executing clean in D__OctBatchMicroservices_mvnpractise_HibernateProject-01] INFO  o.eclipse.m2e.core.internal.Bundles - 	Entry: C:\Users\akash\.p2\pool\plugins\org.eclipse.m2e.maven.runtime_3.9.900.20240824-1409\jars\maven-shared-utils-3.4.2.jar
2025-02-11 21:53:40,450 [Worker-26: Launching Executing clean in D__OctBatchMicroservices_mvnpractise_HibernateProject-01] INFO  o.eclipse.m2e.core.internal.Bundles - 	Entry: C:\Users\akash\.p2\pool\plugins\org.eclipse.m2e.maven.runtime_3.9.900.20240824-1409\jars\org.eclipse.sisu.inject-0.9.0.M3.jar
2025-02-11 21:53:40,450 [Worker-26: Launching Executing clean in D__OctBatchMicroservices_mvnpractise_HibernateProject-01] INFO  o.eclipse.m2e.core.internal.Bundles - 	Entry: C:\Users\akash\.p2\pool\plugins\org.eclipse.m2e.maven.runtime_3.9.900.20240824-1409\jars\org.eclipse.sisu.plexus-0.9.0.M3.jar
2025-02-11 21:53:40,450 [Worker-26: Launching Executing clean in D__OctBatchMicroservices_mvnpractise_HibernateProject-01] INFO  o.eclipse.m2e.core.internal.Bundles - 	Entry: C:\Users\akash\.p2\pool\plugins\org.eclipse.m2e.maven.runtime_3.9.900.20240824-1409\jars\plexus-build-api-0.0.7.jar
2025-02-11 21:53:40,450 [Worker-26: Launching Executing clean in D__OctBatchMicroservices_mvnpractise_HibernateProject-01] INFO  o.eclipse.m2e.core.internal.Bundles - 	Entry: C:\Users\akash\.p2\pool\plugins\org.eclipse.m2e.maven.runtime_3.9.900.20240824-1409\jars\plexus-build-api-1.2.0.jar
2025-02-11 21:53:40,450 [Worker-26: Launching Executing clean in D__OctBatchMicroservices_mvnpractise_HibernateProject-01] INFO  o.eclipse.m2e.core.internal.Bundles - 	Entry: C:\Users\akash\.p2\pool\plugins\org.eclipse.m2e.maven.runtime_3.9.900.20240824-1409\jars\plexus-cipher-2.0.jar
2025-02-11 21:53:40,450 [Worker-26: Launching Executing clean in D__OctBatchMicroservices_mvnpractise_HibernateProject-01] INFO  o.eclipse.m2e.core.internal.Bundles - 	Entry: C:\Users\akash\.p2\pool\plugins\org.eclipse.m2e.maven.runtime_3.9.900.20240824-1409\jars\plexus-classworlds-2.8.0.jar
2025-02-11 21:53:40,451 [Worker-26: Launching Executing clean in D__OctBatchMicroservices_mvnpractise_HibernateProject-01] INFO  o.eclipse.m2e.core.internal.Bundles - 	Entry: C:\Users\akash\.p2\pool\plugins\org.eclipse.m2e.maven.runtime_3.9.900.20240824-1409\jars\plexus-component-annotations-2.1.0.jar
2025-02-11 21:53:40,451 [Worker-26: Launching Executing clean in D__OctBatchMicroservices_mvnpractise_HibernateProject-01] INFO  o.eclipse.m2e.core.internal.Bundles - 	Entry: C:\Users\akash\.p2\pool\plugins\org.eclipse.m2e.maven.runtime_3.9.900.20240824-1409\jars\plexus-interpolation-1.27.jar
2025-02-11 21:53:40,451 [Worker-26: Launching Executing clean in D__OctBatchMicroservices_mvnpractise_HibernateProject-01] INFO  o.eclipse.m2e.core.internal.Bundles - 	Entry: C:\Users\akash\.p2\pool\plugins\org.eclipse.m2e.maven.runtime_3.9.900.20240824-1409\jars\plexus-sec-dispatcher-2.0.jar
2025-02-11 21:53:40,451 [Worker-26: Launching Executing clean in D__OctBatchMicroservices_mvnpractise_HibernateProject-01] INFO  o.eclipse.m2e.core.internal.Bundles - 	Entry: C:\Users\akash\.p2\pool\plugins\org.eclipse.m2e.maven.runtime_3.9.900.20240824-1409\jars\plexus-utils-3.5.1.jar
2025-02-11 21:53:40,451 [Worker-26: Launching Executing clean in D__OctBatchMicroservices_mvnpractise_HibernateProject-01] INFO  o.eclipse.m2e.core.internal.Bundles - 	Entry: C:\Users\akash\.p2\pool\plugins\org.eclipse.m2e.maven.runtime_3.9.900.20240824-1409\jars\plexus-xml-3.0.1.jar
2025-02-11 21:53:40,451 [Worker-26: Launching Executing clean in D__OctBatchMicroservices_mvnpractise_HibernateProject-01] INFO  o.eclipse.m2e.core.internal.Bundles - 	Entry: C:\Users\akash\.p2\pool\plugins\org.eclipse.m2e.maven.runtime_3.9.900.20240824-1409\jars\wagon-file-3.5.3.jar
2025-02-11 21:53:40,451 [Worker-26: Launching Executing clean in D__OctBatchMicroservices_mvnpractise_HibernateProject-01] INFO  o.eclipse.m2e.core.internal.Bundles - 	Entry: C:\Users\akash\.p2\pool\plugins\org.eclipse.m2e.maven.runtime_3.9.900.20240824-1409\jars\wagon-http-3.5.3.jar
2025-02-11 21:53:40,451 [Worker-26: Launching Executing clean in D__OctBatchMicroservices_mvnpractise_HibernateProject-01] INFO  o.eclipse.m2e.core.internal.Bundles - 	Entry: C:\Users\akash\.p2\pool\plugins\org.eclipse.m2e.maven.runtime_3.9.900.20240824-1409\jars\wagon-http-shared-3.5.3.jar
2025-02-11 21:53:40,451 [Worker-26: Launching Executing clean in D__OctBatchMicroservices_mvnpractise_HibernateProject-01] INFO  o.eclipse.m2e.core.internal.Bundles - 	Entry: C:\Users\akash\.p2\pool\plugins\org.eclipse.m2e.maven.runtime_3.9.900.20240824-1409\jars\wagon-provider-api-3.5.3.jar
2025-02-11 21:53:40,454 [Worker-26: Launching Executing clean in D__OctBatchMicroservices_mvnpractise_HibernateProject-01] INFO  o.eclipse.m2e.core.internal.Bundles - getClasspathEntries(Bundle=com.google.guava_33.3.0.jre [16])
2025-02-11 21:53:40,454 [Worker-26: Launching Executing clean in D__OctBatchMicroservices_mvnpractise_HibernateProject-01] INFO  o.eclipse.m2e.core.internal.Bundles - 	Entry: C:\Users\akash\.p2\pool\plugins\com.google.guava_33.3.0.jre.jar
2025-02-11 21:53:40,454 [Worker-26: Launching Executing clean in D__OctBatchMicroservices_mvnpractise_HibernateProject-01] INFO  o.eclipse.m2e.core.internal.Bundles - getClasspathEntries(Bundle=slf4j.api_2.0.16 [1005])
2025-02-11 21:53:40,455 [Worker-26: Launching Executing clean in D__OctBatchMicroservices_mvnpractise_HibernateProject-01] INFO  o.eclipse.m2e.core.internal.Bundles - 	Entry: C:\Users\akash\.p2\pool\plugins\slf4j.api_2.0.16.jar
2025-02-11 21:53:40,455 [Worker-26: Launching Executing clean in D__OctBatchMicroservices_mvnpractise_HibernateProject-01] INFO  o.eclipse.m2e.core.internal.Bundles - getClasspathEntries(Bundle=jakarta.inject.jakarta.inject-api_1.0.5 [34])
2025-02-11 21:53:40,455 [Worker-26: Launching Executing clean in D__OctBatchMicroservices_mvnpractise_HibernateProject-01] INFO  o.eclipse.m2e.core.internal.Bundles - 	Entry: C:\Users\akash\.p2\pool\plugins\jakarta.inject.jakarta.inject-api_1.0.5.jar
2025-02-11 21:53:40,455 [Worker-26: Launching Executing clean in D__OctBatchMicroservices_mvnpractise_HibernateProject-01] INFO  o.eclipse.m2e.core.internal.Bundles - getClasspathEntries(Bundle=jakarta.annotation-api_1.3.5 [29])
2025-02-11 21:53:40,455 [Worker-26: Launching Executing clean in D__OctBatchMicroservices_mvnpractise_HibernateProject-01] INFO  o.eclipse.m2e.core.internal.Bundles - 	Entry: C:\Users\akash\.p2\pool\plugins\jakarta.annotation-api_1.3.5.jar
2025-02-11 21:53:40,455 [Worker-26: Launching Executing clean in D__OctBatchMicroservices_mvnpractise_HibernateProject-01] INFO  o.eclipse.m2e.core.internal.Bundles - getClasspathEntries(Bundle=org.apache.commons.cli_1.9.0 [78])
2025-02-11 21:53:40,455 [Worker-26: Launching Executing clean in D__OctBatchMicroservices_mvnpractise_HibernateProject-01] INFO  o.eclipse.m2e.core.internal.Bundles - 	Entry: C:\Users\akash\.p2\pool\plugins\org.apache.commons.cli_1.9.0.jar
2025-02-11 21:53:40,455 [Worker-26: Launching Executing clean in D__OctBatchMicroservices_mvnpractise_HibernateProject-01] INFO  o.eclipse.m2e.core.internal.Bundles - getClasspathEntries(Bundle=org.apache.commons.commons-codec_1.16.0 [81])
2025-02-11 21:53:40,456 [Worker-26: Launching Executing clean in D__OctBatchMicroservices_mvnpractise_HibernateProject-01] INFO  o.eclipse.m2e.core.internal.Bundles - 	Entry: C:\Users\akash\.p2\pool\plugins\org.apache.commons.commons-codec_1.16.0.jar
2025-02-11 21:53:40,456 [Worker-26: Launching Executing clean in D__OctBatchMicroservices_mvnpractise_HibernateProject-01] INFO  o.eclipse.m2e.core.internal.Bundles - getClasspathEntries(Bundle=com.google.guava.failureaccess_1.0.2 [17])
2025-02-11 21:53:40,456 [Worker-26: Launching Executing clean in D__OctBatchMicroservices_mvnpractise_HibernateProject-01] INFO  o.eclipse.m2e.core.internal.Bundles - 	Entry: C:\Users\akash\.p2\pool\plugins\com.google.guava.failureaccess_1.0.2.jar
2025-02-11 21:53:40,480 [Worker-26: Launching Executing clean in D__OctBatchMicroservices_mvnpractise_HibernateProject-01] INFO  o.e.m.i.launch.MavenLaunchDelegate - Run build in "D:\OctBatchMicroservices\mvnpractise\HibernateProject-01":
2025-02-11 21:53:40,481 [Worker-26: Launching Executing clean in D__OctBatchMicroservices_mvnpractise_HibernateProject-01] INFO  o.e.m.i.launch.MavenLaunchDelegate -  mvn  -B -Dstyle.color=always clean
2025-02-11 21:53:42,280 [Worker-9: Building] INFO  o.e.m.c.i.embedder.EclipseLogger - Using 'UTF-8' encoding to copy filtered resources.
2025-02-11 21:53:42,280 [Worker-9: Building] INFO  o.e.m.c.i.embedder.EclipseLogger - skip non existing resourceDirectory D:\OctBatchMicroservices\mvnpractise\HibernateProject-01\src\main\resources
2025-02-11 21:53:42,283 [Worker-9: Building] INFO  o.e.m.c.i.embedder.EclipseLogger - Using 'UTF-8' encoding to copy filtered resources.
2025-02-11 21:53:42,283 [Worker-9: Building] INFO  o.e.m.c.i.embedder.EclipseLogger - skip non existing resourceDirectory D:\OctBatchMicroservices\mvnpractise\HibernateProject-01\src\test\resources
2025-02-11 21:54:11,894 [Worker-13: Updating Maven Dependencies] ERROR o.e.m.j.i.l.MavenLaunchConfigurationListener - Launch configuration LoadRecordApp references non-existing project HibernateProject-01.
org.eclipse.core.runtime.CoreException: Launch configuration LoadRecordApp references non-existing project HibernateProject-01.
	at org.eclipse.jdt.launching.JavaRuntime.abort(JavaRuntime.java:1870)
	at org.eclipse.jdt.launching.JavaRuntime.getJavaProject(JavaRuntime.java:1747)
	at org.eclipse.m2e.jdt.internal.launch.MavenLaunchConfigurationListener.updateLaunchConfiguration(MavenLaunchConfigurationListener.java:66)
	at org.eclipse.m2e.jdt.internal.launch.MavenLaunchConfigurationListener.launchConfigurationChanged(MavenLaunchConfigurationListener.java:52)
	at org.eclipse.debug.internal.core.LaunchManager$ConfigurationNotifier.run(LaunchManager.java:219)
	at org.eclipse.core.runtime.SafeRunner.run(SafeRunner.java:47)
	at org.eclipse.debug.internal.core.LaunchManager$ConfigurationNotifier.notify(LaunchManager.java:203)
	at org.eclipse.debug.internal.core.LaunchConfigurationWorkingCopy.setDirty(LaunchConfigurationWorkingCopy.java:527)
	at org.eclipse.debug.internal.core.LaunchConfigurationWorkingCopy.setAttribute(LaunchConfigurationWorkingCopy.java:415)
	at org.eclipse.m2e.jdt.internal.launch.MavenRuntimeClasspathProvider.disable(MavenRuntimeClasspathProvider.java:409)
	at org.eclipse.m2e.jdt.internal.launch.MavenRuntimeClasspathProvider.disable(MavenRuntimeClasspathProvider.java:435)
	at org.eclipse.m2e.jdt.internal.launch.MavenLaunchConfigurationListener.mavenProjectChanged(MavenLaunchConfigurationListener.java:137)
	at org.eclipse.m2e.core.internal.project.registry.ProjectRegistryManager.notifyProjectChangeListeners(ProjectRegistryManager.java:892)
	at org.eclipse.m2e.core.internal.project.registry.ProjectRegistryManager.applyMutableProjectRegistry(ProjectRegistryManager.java:1042)
	at org.eclipse.m2e.core.internal.project.registry.ProjectRegistryRefreshJob.lambda$0(ProjectRegistryRefreshJob.java:162)
	at org.eclipse.m2e.core.internal.embedder.MavenExecutionContext.executeBare(MavenExecutionContext.java:458)
	at org.eclipse.m2e.core.internal.embedder.MavenExecutionContext.execute(MavenExecutionContext.java:339)
	at org.eclipse.m2e.core.internal.embedder.MavenExecutionContext.execute(MavenExecutionContext.java:278)
	at org.eclipse.m2e.core.internal.project.registry.ProjectRegistryRefreshJob.run(ProjectRegistryRefreshJob.java:106)
	at org.eclipse.core.internal.jobs.Worker.run(Worker.java:63)
2025-02-11 21:54:11,898 [Worker-13: Updating Maven Dependencies] ERROR o.e.m.j.i.l.MavenLaunchConfigurationListener - Launch configuration LoadRecordApp references non-existing project HibernateProject-01.
org.eclipse.core.runtime.CoreException: Launch configuration LoadRecordApp references non-existing project HibernateProject-01.
	at org.eclipse.jdt.launching.JavaRuntime.abort(JavaRuntime.java:1870)
	at org.eclipse.jdt.launching.JavaRuntime.getJavaProject(JavaRuntime.java:1747)
	at org.eclipse.m2e.jdt.internal.launch.MavenLaunchConfigurationListener.updateLaunchConfiguration(MavenLaunchConfigurationListener.java:66)
	at org.eclipse.m2e.jdt.internal.launch.MavenLaunchConfigurationListener.launchConfigurationChanged(MavenLaunchConfigurationListener.java:52)
	at org.eclipse.debug.internal.core.LaunchManager$ConfigurationNotifier.run(LaunchManager.java:219)
	at org.eclipse.core.runtime.SafeRunner.run(SafeRunner.java:47)
	at org.eclipse.debug.internal.core.LaunchManager$ConfigurationNotifier.notify(LaunchManager.java:203)
	at org.eclipse.debug.internal.core.LaunchConfigurationWorkingCopy.setDirty(LaunchConfigurationWorkingCopy.java:527)
	at org.eclipse.debug.internal.core.LaunchConfigurationWorkingCopy.setAttribute(LaunchConfigurationWorkingCopy.java:415)
	at org.eclipse.m2e.jdt.internal.launch.MavenRuntimeClasspathProvider.disable(MavenRuntimeClasspathProvider.java:410)
	at org.eclipse.m2e.jdt.internal.launch.MavenRuntimeClasspathProvider.disable(MavenRuntimeClasspathProvider.java:435)
	at org.eclipse.m2e.jdt.internal.launch.MavenLaunchConfigurationListener.mavenProjectChanged(MavenLaunchConfigurationListener.java:137)
	at org.eclipse.m2e.core.internal.project.registry.ProjectRegistryManager.notifyProjectChangeListeners(ProjectRegistryManager.java:892)
	at org.eclipse.m2e.core.internal.project.registry.ProjectRegistryManager.applyMutableProjectRegistry(ProjectRegistryManager.java:1042)
	at org.eclipse.m2e.core.internal.project.registry.ProjectRegistryRefreshJob.lambda$0(ProjectRegistryRefreshJob.java:162)
	at org.eclipse.m2e.core.internal.embedder.MavenExecutionContext.executeBare(MavenExecutionContext.java:458)
	at org.eclipse.m2e.core.internal.embedder.MavenExecutionContext.execute(MavenExecutionContext.java:339)
	at org.eclipse.m2e.core.internal.embedder.MavenExecutionContext.execute(MavenExecutionContext.java:278)
	at org.eclipse.m2e.core.internal.project.registry.ProjectRegistryRefreshJob.run(ProjectRegistryRefreshJob.java:106)
	at org.eclipse.core.internal.jobs.Worker.run(Worker.java:63)
2025-02-11 21:54:11,905 [Worker-13: Updating Maven Dependencies] ERROR o.e.m.j.i.l.MavenLaunchConfigurationListener - Launch configuration LoadRecordApp references non-existing project HibernateProject-01.
org.eclipse.core.runtime.CoreException: Launch configuration LoadRecordApp references non-existing project HibernateProject-01.
	at org.eclipse.jdt.launching.JavaRuntime.abort(JavaRuntime.java:1870)
	at org.eclipse.jdt.launching.JavaRuntime.getJavaProject(JavaRuntime.java:1747)
	at org.eclipse.m2e.jdt.internal.launch.MavenLaunchConfigurationListener.updateLaunchConfiguration(MavenLaunchConfigurationListener.java:66)
	at org.eclipse.m2e.jdt.internal.launch.MavenLaunchConfigurationListener.launchConfigurationChanged(MavenLaunchConfigurationListener.java:52)
	at org.eclipse.debug.internal.core.LaunchManager$ConfigurationNotifier.run(LaunchManager.java:219)
	at org.eclipse.core.runtime.SafeRunner.run(SafeRunner.java:47)
	at org.eclipse.debug.internal.core.LaunchManager$ConfigurationNotifier.notify(LaunchManager.java:203)
	at org.eclipse.debug.internal.core.LaunchManager.launchConfigurationChanged(LaunchManager.java:1960)
	at org.eclipse.debug.internal.core.LaunchConfigurationWorkingCopy.writeNewFile(LaunchConfigurationWorkingCopy.java:380)
	at org.eclipse.debug.internal.core.LaunchConfigurationWorkingCopy.doSave0(LaunchConfigurationWorkingCopy.java:259)
	at org.eclipse.debug.internal.core.LaunchConfigurationWorkingCopy.doSave(LaunchConfigurationWorkingCopy.java:229)
	at org.eclipse.debug.internal.core.LaunchConfigurationWorkingCopy.doSave(LaunchConfigurationWorkingCopy.java:187)
	at org.eclipse.m2e.jdt.internal.launch.MavenRuntimeClasspathProvider.disable(MavenRuntimeClasspathProvider.java:411)
	at org.eclipse.m2e.jdt.internal.launch.MavenRuntimeClasspathProvider.disable(MavenRuntimeClasspathProvider.java:435)
	at org.eclipse.m2e.jdt.internal.launch.MavenLaunchConfigurationListener.mavenProjectChanged(MavenLaunchConfigurationListener.java:137)
	at org.eclipse.m2e.core.internal.project.registry.ProjectRegistryManager.notifyProjectChangeListeners(ProjectRegistryManager.java:892)
	at org.eclipse.m2e.core.internal.project.registry.ProjectRegistryManager.applyMutableProjectRegistry(ProjectRegistryManager.java:1042)
	at org.eclipse.m2e.core.internal.project.registry.ProjectRegistryRefreshJob.lambda$0(ProjectRegistryRefreshJob.java:162)
	at org.eclipse.m2e.core.internal.embedder.MavenExecutionContext.executeBare(MavenExecutionContext.java:458)
	at org.eclipse.m2e.core.internal.embedder.MavenExecutionContext.execute(MavenExecutionContext.java:339)
	at org.eclipse.m2e.core.internal.embedder.MavenExecutionContext.execute(MavenExecutionContext.java:278)
	at org.eclipse.m2e.core.internal.project.registry.ProjectRegistryRefreshJob.run(ProjectRegistryRefreshJob.java:106)
	at org.eclipse.core.internal.jobs.Worker.run(Worker.java:63)
2025-02-11 21:54:28,143 [Worker-5: Building] INFO  o.e.m.c.i.l.LifecycleMappingFactory - Using org.eclipse.m2e.jdt.JarLifecycleMapping lifecycle mapping for MavenProject: pwskills:HibernateProject:1.0.FINAL @ D:\OctBatchMicroservices\mvnpractise\HibernateProject-1\pom.xml.
2025-02-11 21:54:28,245 [Worker-5: Building] INFO  o.e.m.c.i.embedder.EclipseLogger - Using 'UTF-8' encoding to copy filtered resources.
2025-02-11 21:54:28,246 [Worker-5: Building] INFO  o.e.m.c.i.embedder.EclipseLogger - skip non existing resourceDirectory D:\OctBatchMicroservices\mvnpractise\HibernateProject-1\src\main\resources
2025-02-11 21:54:28,247 [Worker-5: Building] INFO  o.e.m.c.i.embedder.EclipseLogger - Using 'UTF-8' encoding to copy filtered resources.
2025-02-11 21:54:28,247 [Worker-5: Building] INFO  o.e.m.c.i.embedder.EclipseLogger - skip non existing resourceDirectory D:\OctBatchMicroservices\mvnpractise\HibernateProject-1\src\test\resources
2025-02-11 21:54:29,401 [Worker-23: Building] INFO  o.e.m.c.i.embedder.EclipseLogger - Using 'UTF-8' encoding to copy filtered resources.
2025-02-11 21:54:29,401 [Worker-23: Building] INFO  o.e.m.c.i.embedder.EclipseLogger - skip non existing resourceDirectory D:\OctBatchMicroservices\mvnpractise\HibernateProject-1\src\main\resources
2025-02-11 21:54:29,402 [Worker-23: Building] INFO  o.e.m.c.i.embedder.EclipseLogger - Using 'UTF-8' encoding to copy filtered resources.
2025-02-11 21:54:29,402 [Worker-23: Building] INFO  o.e.m.c.i.embedder.EclipseLogger - skip non existing resourceDirectory D:\OctBatchMicroservices\mvnpractise\HibernateProject-1\src\test\resources
2025-02-11 21:56:51,712 [Worker-20: Update Maven projects configuration] INFO  o.e.m.c.i.p.ProjectConfigurationManager - Update started
2025-02-11 21:56:51,930 [Worker-20: Update Maven projects configuration] INFO  o.e.m.c.i.l.LifecycleMappingFactory - Using org.eclipse.m2e.jdt.JarLifecycleMapping lifecycle mapping for MavenProject: pwskills:01-Maven-App:1.4 @ D:\01-Maven-App\pom.xml.
2025-02-11 21:56:52,269 [Worker-20: Update Maven projects configuration] INFO  o.e.m.j.i.AbstractJavaProjectConfigurator - Adding source folder /01-Maven-App/src/main/java
2025-02-11 21:56:52,270 [Worker-20: Update Maven projects configuration] INFO  o.e.m.j.i.AbstractJavaProjectConfigurator - Adding resource folder /01-Maven-App/src/main/resources
2025-02-11 21:56:52,271 [Worker-20: Update Maven projects configuration] INFO  o.e.m.j.i.AbstractJavaProjectConfigurator - Adding source folder /01-Maven-App/src/test/java
2025-02-11 21:56:52,271 [Worker-20: Update Maven projects configuration] INFO  o.e.m.j.i.AbstractJavaProjectConfigurator - Adding resource folder /01-Maven-App/src/test/resources
2025-02-11 21:56:52,346 [Worker-20: Update Maven projects configuration] INFO  o.e.m.c.i.p.ProjectConfigurationManager - Update completed for 1 poms: local refresh takes 0.00 sec, refresh facades takes 0.00 sec, update config takes 0.00 sec 
2025-02-11 21:56:52,483 [Worker-5: Building] WARN  o.a.m.s.f.DefaultMavenResourcesFiltering - Using platform encoding (UTF-8 actually) to copy filtered resources, i.e. build is platform dependent!
2025-02-11 21:56:52,483 [Worker-5: Building] INFO  o.a.m.s.f.DefaultMavenResourcesFiltering - skip non existing resourceDirectory D:\01-Maven-App\src\main\resources
2025-02-11 21:56:52,485 [Worker-5: Building] WARN  o.a.m.s.f.DefaultMavenResourcesFiltering - Using platform encoding (UTF-8 actually) to copy filtered resources, i.e. build is platform dependent!
2025-02-11 21:56:52,487 [Worker-5: Building] INFO  o.a.m.s.f.DefaultMavenResourcesFiltering - skip non existing resourceDirectory D:\01-Maven-App\src\test\resources
2025-02-11 21:57:06,880 [Worker-1: Building] INFO  o.e.m.c.i.l.LifecycleMappingFactory - Using org.eclipse.m2e.jdt.JarLifecycleMapping lifecycle mapping for MavenProject: pwskills:02-Maven-App:1.4 @ D:\02-Maven-App\pom.xml.
2025-02-11 21:57:06,897 [Worker-1: Building] WARN  o.a.m.s.f.DefaultMavenResourcesFiltering - Using platform encoding (UTF-8 actually) to copy filtered resources, i.e. build is platform dependent!
2025-02-11 21:57:06,898 [Worker-1: Building] INFO  o.a.m.s.f.DefaultMavenResourcesFiltering - skip non existing resourceDirectory D:\02-Maven-App\src\main\resources
2025-02-11 21:57:06,899 [Worker-1: Building] WARN  o.a.m.s.f.DefaultMavenResourcesFiltering - Using platform encoding (UTF-8 actually) to copy filtered resources, i.e. build is platform dependent!
2025-02-11 21:57:06,899 [Worker-1: Building] INFO  o.a.m.s.f.DefaultMavenResourcesFiltering - skip non existing resourceDirectory D:\02-Maven-App\src\test\resources
2025-02-11 21:57:07,110 [Worker-29: Building] WARN  o.a.m.s.f.DefaultMavenResourcesFiltering - Using platform encoding (UTF-8 actually) to copy filtered resources, i.e. build is platform dependent!
2025-02-11 21:57:07,111 [Worker-29: Building] INFO  o.a.m.s.f.DefaultMavenResourcesFiltering - skip non existing resourceDirectory D:\02-Maven-App\src\main\resources
2025-02-11 21:57:07,112 [Worker-29: Building] WARN  o.a.m.s.f.DefaultMavenResourcesFiltering - Using platform encoding (UTF-8 actually) to copy filtered resources, i.e. build is platform dependent!
2025-02-11 21:57:07,113 [Worker-29: Building] INFO  o.a.m.s.f.DefaultMavenResourcesFiltering - skip non existing resourceDirectory D:\02-Maven-App\src\test\resources
2025-02-11 21:57:07,747 [Worker-1: Updating Maven Dependencies] INFO  o.e.m.c.i.l.LifecycleMappingFactory - Using org.eclipse.m2e.jdt.JarLifecycleMapping lifecycle mapping for MavenProject: pwskills:02-Maven-App:1.4 @ D:\02-Maven-App\pom.xml.
2025-02-11 21:57:18,461 [Worker-5: Building] INFO  o.e.m.c.i.l.LifecycleMappingFactory - Using org.eclipse.m2e.jdt.JarLifecycleMapping lifecycle mapping for MavenProject: pwskills:03-JDBC-Maven-App:1.0 @ D:\03-JDBC-Maven-App\pom.xml.
2025-02-11 21:57:18,479 [Worker-5: Building] INFO  o.e.m.c.i.p.WorkspaceClassifierResolverManager - Resolving P/02-Maven-App: pwskills:02-Maven-App:1.4 with classifier  to /02-Maven-App/target/classes
2025-02-11 21:57:18,494 [Worker-5: Building] WARN  o.a.m.s.f.DefaultMavenResourcesFiltering - Using platform encoding (UTF-8 actually) to copy filtered resources, i.e. build is platform dependent!
2025-02-11 21:57:18,495 [Worker-5: Building] INFO  o.a.m.s.f.DefaultMavenResourcesFiltering - skip non existing resourceDirectory D:\03-JDBC-Maven-App\src\main\resources
2025-02-11 21:57:18,496 [Worker-5: Building] WARN  o.a.m.s.f.DefaultMavenResourcesFiltering - Using platform encoding (UTF-8 actually) to copy filtered resources, i.e. build is platform dependent!
2025-02-11 21:57:18,497 [Worker-5: Building] INFO  o.a.m.s.f.DefaultMavenResourcesFiltering - skip non existing resourceDirectory D:\03-JDBC-Maven-App\src\test\resources
2025-02-11 21:57:18,754 [Worker-5: Building] WARN  o.a.m.s.f.DefaultMavenResourcesFiltering - Using platform encoding (UTF-8 actually) to copy filtered resources, i.e. build is platform dependent!
2025-02-11 21:57:18,755 [Worker-5: Building] INFO  o.a.m.s.f.DefaultMavenResourcesFiltering - skip non existing resourceDirectory D:\03-JDBC-Maven-App\src\main\resources
2025-02-11 21:57:18,756 [Worker-5: Building] WARN  o.a.m.s.f.DefaultMavenResourcesFiltering - Using platform encoding (UTF-8 actually) to copy filtered resources, i.e. build is platform dependent!
2025-02-11 21:57:18,757 [Worker-5: Building] INFO  o.a.m.s.f.DefaultMavenResourcesFiltering - skip non existing resourceDirectory D:\03-JDBC-Maven-App\src\test\resources
2025-02-11 21:57:19,295 [Worker-27: Updating Maven Dependencies] INFO  o.e.m.c.i.l.LifecycleMappingFactory - Using org.eclipse.m2e.jdt.JarLifecycleMapping lifecycle mapping for MavenProject: pwskills:03-JDBC-Maven-App:1.0 @ D:\03-JDBC-Maven-App\pom.xml.
2025-02-11 21:57:19,316 [Worker-27: Updating Maven Dependencies] INFO  o.e.m.c.i.p.WorkspaceClassifierResolverManager - Resolving P/02-Maven-App: pwskills:02-Maven-App:1.4 with classifier  to /02-Maven-App/target/classes
2025-02-11 21:57:30,639 [Worker-29: Building] INFO  o.e.m.c.i.l.LifecycleMappingFactory - Using org.maven.ide.eclipse.wtp.WarLifecycleMapping lifecycle mapping for MavenProject: pwskills:04-Maven-webApp:1.0 @ D:\04-Maven-webApp\pom.xml.
2025-02-11 21:57:31,080 [Worker-29: Building] WARN  o.a.m.s.f.DefaultMavenResourcesFiltering - Using platform encoding (UTF-8 actually) to copy filtered resources, i.e. build is platform dependent!
2025-02-11 21:57:31,083 [Worker-29: Building] INFO  o.a.m.s.f.DefaultMavenResourcesFiltering - Copying 0 resource from src\main\resources to target\classes
2025-02-11 21:57:31,084 [Worker-29: Building] WARN  o.a.m.s.f.DefaultMavenResourcesFiltering - Using platform encoding (UTF-8 actually) to copy filtered resources, i.e. build is platform dependent!
2025-02-11 21:57:31,085 [Worker-29: Building] INFO  o.a.m.s.f.DefaultMavenResourcesFiltering - skip non existing resourceDirectory D:\04-Maven-webApp\src\test\resources
2025-02-11 21:57:31,252 [Worker-20: Updating Maven Dependencies] INFO  o.e.m.c.i.l.LifecycleMappingFactory - Using org.maven.ide.eclipse.wtp.WarLifecycleMapping lifecycle mapping for MavenProject: pwskills:04-Maven-webApp:1.0 @ D:\04-Maven-webApp\pom.xml.
2025-02-11 21:57:58,419 [Worker-1: Building] INFO  o.e.m.c.i.l.LifecycleMappingFactory - Using org.eclipse.m2e.jdt.JarLifecycleMapping lifecycle mapping for MavenProject: pwskills:01-Maven-App:1.4 @ D:\OctBatchMicroservices\mvnpractise\Maven-App-01\pom.xml.
2025-02-11 21:57:58,441 [Worker-1: Building] WARN  o.a.m.s.f.DefaultMavenResourcesFiltering - Using platform encoding (UTF-8 actually) to copy filtered resources, i.e. build is platform dependent!
2025-02-11 21:57:58,442 [Worker-1: Building] INFO  o.a.m.s.f.DefaultMavenResourcesFiltering - skip non existing resourceDirectory D:\OctBatchMicroservices\mvnpractise\Maven-App-01\src\main\resources
2025-02-11 21:57:58,443 [Worker-1: Building] WARN  o.a.m.s.f.DefaultMavenResourcesFiltering - Using platform encoding (UTF-8 actually) to copy filtered resources, i.e. build is platform dependent!
2025-02-11 21:57:58,444 [Worker-1: Building] INFO  o.a.m.s.f.DefaultMavenResourcesFiltering - skip non existing resourceDirectory D:\OctBatchMicroservices\mvnpractise\Maven-App-01\src\test\resources
2025-02-11 21:57:59,691 [Worker-5: Building] WARN  o.a.m.s.f.DefaultMavenResourcesFiltering - Using platform encoding (UTF-8 actually) to copy filtered resources, i.e. build is platform dependent!
2025-02-11 21:57:59,691 [Worker-5: Building] INFO  o.a.m.s.f.DefaultMavenResourcesFiltering - skip non existing resourceDirectory D:\OctBatchMicroservices\mvnpractise\Maven-App-01\src\main\resources
2025-02-11 21:57:59,693 [Worker-5: Building] WARN  o.a.m.s.f.DefaultMavenResourcesFiltering - Using platform encoding (UTF-8 actually) to copy filtered resources, i.e. build is platform dependent!
2025-02-11 21:57:59,693 [Worker-5: Building] INFO  o.a.m.s.f.DefaultMavenResourcesFiltering - skip non existing resourceDirectory D:\OctBatchMicroservices\mvnpractise\Maven-App-01\src\test\resources
2025-02-11 21:58:45,266 [Worker-20: Building] INFO  o.e.m.c.i.l.LifecycleMappingFactory - Using org.eclipse.m2e.jdt.JarLifecycleMapping lifecycle mapping for MavenProject: pwskills:02-Maven-App:1.4 @ D:\OctBatchMicroservices\mvnpractise\Maven-App-02\pom.xml.
2025-02-11 21:58:45,301 [Worker-20: Building] INFO  o.e.m.c.i.l.LifecycleMappingFactory - Using org.eclipse.m2e.jdt.JarLifecycleMapping lifecycle mapping for MavenProject: pwskills:03-JDBC-Maven-App:1.0 @ D:\03-JDBC-Maven-App\pom.xml.
2025-02-11 21:58:45,319 [Worker-20: Building] INFO  o.e.m.c.i.p.WorkspaceClassifierResolverManager - Resolving P/02-Maven-App: pwskills:02-Maven-App:1.4 with classifier  to /02-Maven-App/target/classes
2025-02-11 21:58:45,340 [Worker-20: Building] WARN  o.a.m.s.f.DefaultMavenResourcesFiltering - Using platform encoding (UTF-8 actually) to copy filtered resources, i.e. build is platform dependent!
2025-02-11 21:58:45,341 [Worker-20: Building] INFO  o.a.m.s.f.DefaultMavenResourcesFiltering - skip non existing resourceDirectory D:\OctBatchMicroservices\mvnpractise\Maven-App-02\src\main\resources
2025-02-11 21:58:45,342 [Worker-20: Building] WARN  o.a.m.s.f.DefaultMavenResourcesFiltering - Using platform encoding (UTF-8 actually) to copy filtered resources, i.e. build is platform dependent!
2025-02-11 21:58:45,343 [Worker-20: Building] INFO  o.a.m.s.f.DefaultMavenResourcesFiltering - skip non existing resourceDirectory D:\OctBatchMicroservices\mvnpractise\Maven-App-02\src\test\resources
2025-02-11 21:58:46,546 [Worker-30: Building] WARN  o.a.m.s.f.DefaultMavenResourcesFiltering - Using platform encoding (UTF-8 actually) to copy filtered resources, i.e. build is platform dependent!
2025-02-11 21:58:46,547 [Worker-30: Building] INFO  o.a.m.s.f.DefaultMavenResourcesFiltering - skip non existing resourceDirectory D:\OctBatchMicroservices\mvnpractise\Maven-App-02\src\main\resources
2025-02-11 21:58:46,548 [Worker-30: Building] WARN  o.a.m.s.f.DefaultMavenResourcesFiltering - Using platform encoding (UTF-8 actually) to copy filtered resources, i.e. build is platform dependent!
2025-02-11 21:58:46,548 [Worker-30: Building] INFO  o.a.m.s.f.DefaultMavenResourcesFiltering - skip non existing resourceDirectory D:\OctBatchMicroservices\mvnpractise\Maven-App-02\src\test\resources
2025-02-11 21:58:53,442 [Worker-13: Updating Maven Dependencies] INFO  o.e.m.c.i.l.LifecycleMappingFactory - Using org.eclipse.m2e.jdt.JarLifecycleMapping lifecycle mapping for MavenProject: pwskills:03-JDBC-Maven-App:1.0 @ D:\03-JDBC-Maven-App\pom.xml.
2025-02-11 21:58:53,470 [Worker-13: Updating Maven Dependencies] INFO  o.e.m.c.i.p.WorkspaceClassifierResolverManager - Resolving P/Maven-App-02: pwskills:02-Maven-App:1.4 with classifier  to /Maven-App-02/target/classes
2025-02-11 21:58:53,844 [Worker-30: Building] WARN  o.a.m.s.f.DefaultMavenResourcesFiltering - Using platform encoding (UTF-8 actually) to copy filtered resources, i.e. build is platform dependent!
2025-02-11 21:58:53,845 [Worker-30: Building] INFO  o.a.m.s.f.DefaultMavenResourcesFiltering - skip non existing resourceDirectory D:\03-JDBC-Maven-App\src\main\resources
2025-02-11 21:58:53,846 [Worker-30: Building] WARN  o.a.m.s.f.DefaultMavenResourcesFiltering - Using platform encoding (UTF-8 actually) to copy filtered resources, i.e. build is platform dependent!
2025-02-11 21:58:53,846 [Worker-30: Building] INFO  o.a.m.s.f.DefaultMavenResourcesFiltering - skip non existing resourceDirectory D:\03-JDBC-Maven-App\src\test\resources
2025-02-11 21:59:09,733 [Worker-1: Building] INFO  o.e.m.c.i.l.LifecycleMappingFactory - Using org.eclipse.m2e.jdt.JarLifecycleMapping lifecycle mapping for MavenProject: pwskills:03-JDBC-Maven-App:1.0 @ D:\OctBatchMicroservices\mvnpractise\JDBC-Maven-App-03\pom.xml.
2025-02-11 21:59:09,749 [Worker-1: Building] INFO  o.e.m.c.i.p.WorkspaceClassifierResolverManager - Resolving P/Maven-App-02: pwskills:02-Maven-App:1.4 with classifier  to /Maven-App-02/target/classes
2025-02-11 21:59:09,771 [Worker-1: Building] WARN  o.a.m.s.f.DefaultMavenResourcesFiltering - Using platform encoding (UTF-8 actually) to copy filtered resources, i.e. build is platform dependent!
2025-02-11 21:59:09,772 [Worker-1: Building] INFO  o.a.m.s.f.DefaultMavenResourcesFiltering - skip non existing resourceDirectory D:\OctBatchMicroservices\mvnpractise\JDBC-Maven-App-03\src\main\resources
2025-02-11 21:59:09,773 [Worker-1: Building] WARN  o.a.m.s.f.DefaultMavenResourcesFiltering - Using platform encoding (UTF-8 actually) to copy filtered resources, i.e. build is platform dependent!
2025-02-11 21:59:09,774 [Worker-1: Building] INFO  o.a.m.s.f.DefaultMavenResourcesFiltering - skip non existing resourceDirectory D:\OctBatchMicroservices\mvnpractise\JDBC-Maven-App-03\src\test\resources
2025-02-11 21:59:10,975 [Worker-27: Building] WARN  o.a.m.s.f.DefaultMavenResourcesFiltering - Using platform encoding (UTF-8 actually) to copy filtered resources, i.e. build is platform dependent!
2025-02-11 21:59:10,975 [Worker-27: Building] INFO  o.a.m.s.f.DefaultMavenResourcesFiltering - skip non existing resourceDirectory D:\OctBatchMicroservices\mvnpractise\JDBC-Maven-App-03\src\main\resources
2025-02-11 21:59:10,976 [Worker-27: Building] WARN  o.a.m.s.f.DefaultMavenResourcesFiltering - Using platform encoding (UTF-8 actually) to copy filtered resources, i.e. build is platform dependent!
2025-02-11 21:59:10,977 [Worker-27: Building] INFO  o.a.m.s.f.DefaultMavenResourcesFiltering - skip non existing resourceDirectory D:\OctBatchMicroservices\mvnpractise\JDBC-Maven-App-03\src\test\resources
2025-02-11 21:59:34,063 [Worker-29: Building] INFO  o.e.m.c.i.l.LifecycleMappingFactory - Using org.maven.ide.eclipse.wtp.WarLifecycleMapping lifecycle mapping for MavenProject: pwskills:04-Maven-webApp:1.0 @ D:\OctBatchMicroservices\mvnpractise\Maven-webApp-04\pom.xml.
2025-02-11 21:59:34,383 [Worker-29: Building] WARN  o.a.m.s.f.DefaultMavenResourcesFiltering - Using platform encoding (UTF-8 actually) to copy filtered resources, i.e. build is platform dependent!
2025-02-11 21:59:34,384 [Worker-29: Building] INFO  o.a.m.s.f.DefaultMavenResourcesFiltering - Copying 0 resource from src\main\resources to target\classes
2025-02-11 21:59:34,385 [Worker-29: Building] WARN  o.a.m.s.f.DefaultMavenResourcesFiltering - Using platform encoding (UTF-8 actually) to copy filtered resources, i.e. build is platform dependent!
2025-02-11 21:59:34,385 [Worker-29: Building] INFO  o.a.m.s.f.DefaultMavenResourcesFiltering - skip non existing resourceDirectory D:\OctBatchMicroservices\mvnpractise\Maven-webApp-04\src\test\resources
2025-02-11 22:04:13,081 [Worker-29: Launching MainApp] INFO  o.e.m.c.i.l.LifecycleMappingFactory - Using org.eclipse.m2e.jdt.JarLifecycleMapping lifecycle mapping for MavenProject: pwskills:03-JDBC-Maven-App:1.0 @ D:\OctBatchMicroservices\mvnpractise\JDBC-Maven-App-03\pom.xml.
2025-02-11 22:04:13,097 [Worker-29: Launching MainApp] INFO  o.e.m.c.i.p.WorkspaceClassifierResolverManager - Resolving P/Maven-App-02: pwskills:02-Maven-App:1.4 with classifier  to /Maven-App-02/target/classes
2025-02-11 22:04:13,125 [Worker-29: Launching MainApp] WARN  o.a.m.s.f.DefaultMavenResourcesFiltering - Using platform encoding (UTF-8 actually) to copy filtered resources, i.e. build is platform dependent!
2025-02-11 22:04:13,125 [Worker-29: Launching MainApp] INFO  o.a.m.s.f.DefaultMavenResourcesFiltering - skip non existing resourceDirectory D:\OctBatchMicroservices\mvnpractise\JDBC-Maven-App-03\src\main\resources
2025-02-11 22:04:13,127 [Worker-29: Launching MainApp] WARN  o.a.m.s.f.DefaultMavenResourcesFiltering - Using platform encoding (UTF-8 actually) to copy filtered resources, i.e. build is platform dependent!
2025-02-11 22:04:13,127 [Worker-29: Launching MainApp] INFO  o.a.m.s.f.DefaultMavenResourcesFiltering - skip non existing resourceDirectory D:\OctBatchMicroservices\mvnpractise\JDBC-Maven-App-03\src\test\resources
2025-02-11 22:04:13,164 [Worker-29: Launching MainApp] INFO  o.e.m.c.i.p.WorkspaceClassifierResolverManager - Resolving P/Maven-App-02: pwskills:02-Maven-App:1.4 with classifier null to /Maven-App-02/target/classes
2025-02-11 22:04:13,168 [Worker-29: Launching MainApp] INFO  o.e.m.c.i.p.WorkspaceClassifierResolverManager - Resolving P/Maven-App-02: pwskills:02-Maven-App:1.4 with classifier null to /Maven-App-02/target/classes
2025-02-11 22:04:13,171 [Worker-29: Launching MainApp] INFO  o.e.m.c.i.p.WorkspaceClassifierResolverManager - Resolving P/Maven-App-02: pwskills:02-Maven-App:1.4 with classifier null to /Maven-App-02/target/classes
2025-02-11 22:04:13,272 [Worker-27: Building] WARN  o.a.m.s.f.DefaultMavenResourcesFiltering - Using platform encoding (UTF-8 actually) to copy filtered resources, i.e. build is platform dependent!
2025-02-11 22:04:13,272 [Worker-27: Building] INFO  o.a.m.s.f.DefaultMavenResourcesFiltering - skip non existing resourceDirectory D:\OctBatchMicroservices\mvnpractise\JDBC-Maven-App-03\src\main\resources
2025-02-11 22:04:13,273 [Worker-27: Building] WARN  o.a.m.s.f.DefaultMavenResourcesFiltering - Using platform encoding (UTF-8 actually) to copy filtered resources, i.e. build is platform dependent!
2025-02-11 22:04:13,274 [Worker-27: Building] INFO  o.a.m.s.f.DefaultMavenResourcesFiltering - skip non existing resourceDirectory D:\OctBatchMicroservices\mvnpractise\JDBC-Maven-App-03\src\test\resources
2025-02-11 22:04:49,522 [Worker-13: Launching MainApp] WARN  o.a.m.s.f.DefaultMavenResourcesFiltering - Using platform encoding (UTF-8 actually) to copy filtered resources, i.e. build is platform dependent!
2025-02-11 22:04:49,522 [Worker-13: Launching MainApp] INFO  o.a.m.s.f.DefaultMavenResourcesFiltering - skip non existing resourceDirectory D:\OctBatchMicroservices\mvnpractise\JDBC-Maven-App-03\src\main\resources
2025-02-11 22:04:49,524 [Worker-13: Launching MainApp] WARN  o.a.m.s.f.DefaultMavenResourcesFiltering - Using platform encoding (UTF-8 actually) to copy filtered resources, i.e. build is platform dependent!
2025-02-11 22:04:49,525 [Worker-13: Launching MainApp] INFO  o.a.m.s.f.DefaultMavenResourcesFiltering - skip non existing resourceDirectory D:\OctBatchMicroservices\mvnpractise\JDBC-Maven-App-03\src\test\resources
2025-02-11 22:04:49,536 [Worker-13: Launching MainApp] INFO  o.e.m.c.i.p.WorkspaceClassifierResolverManager - Resolving P/Maven-App-02: pwskills:02-Maven-App:1.4 with classifier null to /Maven-App-02/target/classes
2025-02-11 22:04:49,540 [Worker-13: Launching MainApp] INFO  o.e.m.c.i.p.WorkspaceClassifierResolverManager - Resolving P/Maven-App-02: pwskills:02-Maven-App:1.4 with classifier null to /Maven-App-02/target/classes
2025-02-11 22:04:49,543 [Worker-13: Launching MainApp] INFO  o.e.m.c.i.p.WorkspaceClassifierResolverManager - Resolving P/Maven-App-02: pwskills:02-Maven-App:1.4 with classifier null to /Maven-App-02/target/classes
2025-02-11 22:05:48,193 [Worker-27: Launching MainApp] WARN  o.a.m.s.f.DefaultMavenResourcesFiltering - Using platform encoding (UTF-8 actually) to copy filtered resources, i.e. build is platform dependent!
2025-02-11 22:05:48,194 [Worker-27: Launching MainApp] INFO  o.a.m.s.f.DefaultMavenResourcesFiltering - skip non existing resourceDirectory D:\OctBatchMicroservices\mvnpractise\JDBC-Maven-App-03\src\main\resources
2025-02-11 22:05:48,195 [Worker-27: Launching MainApp] WARN  o.a.m.s.f.DefaultMavenResourcesFiltering - Using platform encoding (UTF-8 actually) to copy filtered resources, i.e. build is platform dependent!
2025-02-11 22:05:48,196 [Worker-27: Launching MainApp] INFO  o.a.m.s.f.DefaultMavenResourcesFiltering - skip non existing resourceDirectory D:\OctBatchMicroservices\mvnpractise\JDBC-Maven-App-03\src\test\resources
2025-02-11 22:05:48,207 [Worker-27: Launching MainApp] INFO  o.e.m.c.i.p.WorkspaceClassifierResolverManager - Resolving P/Maven-App-02: pwskills:02-Maven-App:1.4 with classifier null to /Maven-App-02/target/classes
2025-02-11 22:05:48,211 [Worker-27: Launching MainApp] INFO  o.e.m.c.i.p.WorkspaceClassifierResolverManager - Resolving P/Maven-App-02: pwskills:02-Maven-App:1.4 with classifier null to /Maven-App-02/target/classes
2025-02-11 22:05:48,215 [Worker-27: Launching MainApp] INFO  o.e.m.c.i.p.WorkspaceClassifierResolverManager - Resolving P/Maven-App-02: pwskills:02-Maven-App:1.4 with classifier null to /Maven-App-02/target/classes
2025-02-11 22:06:35,047 [main] INFO  o.e.m.jdt.internal.UnitTestSupport - Updating AppTest from maven configuration
2025-02-11 22:06:35,471 [Worker-13: Launching AppTest] INFO  o.e.m.c.i.p.WorkspaceClassifierResolverManager - Resolving P/Maven-App-02: pwskills:02-Maven-App:1.4 with classifier null to /Maven-App-02/target/classes
2025-02-11 22:06:35,516 [Worker-13: Launching AppTest] INFO  o.e.m.c.i.p.WorkspaceClassifierResolverManager - Resolving P/Maven-App-02: pwskills:02-Maven-App:1.4 with classifier null to /Maven-App-02/target/classes
2025-02-11 22:06:45,480 [Worker-27: Launching MainApp] INFO  o.e.m.c.i.p.WorkspaceClassifierResolverManager - Resolving P/Maven-App-02: pwskills:02-Maven-App:1.4 with classifier null to /Maven-App-02/target/classes
2025-02-11 22:06:45,485 [Worker-27: Launching MainApp] INFO  o.e.m.c.i.p.WorkspaceClassifierResolverManager - Resolving P/Maven-App-02: pwskills:02-Maven-App:1.4 with classifier null to /Maven-App-02/target/classes
2025-02-11 22:06:45,490 [Worker-27: Launching MainApp] INFO  o.e.m.c.i.p.WorkspaceClassifierResolverManager - Resolving P/Maven-App-02: pwskills:02-Maven-App:1.4 with classifier null to /Maven-App-02/target/classes
2025-02-11 22:10:19,367 [Worker-2: Loading available Gradle versions] INFO  o.e.b.c.i.u.g.PublishedGradleVersions - Gradle version information cache is up-to-date. Trying to read.
2025-02-11 22:11:33,051 [Worker-22: Launching MainApp] INFO  o.e.m.c.i.p.WorkspaceClassifierResolverManager - Resolving P/Maven-App-02: pwskills:02-Maven-App:1.4 with classifier  to /Maven-App-02/target/classes
2025-02-11 22:11:33,287 [Worker-22: Launching MainApp] WARN  o.a.m.s.f.DefaultMavenResourcesFiltering - Using platform encoding (UTF-8 actually) to copy filtered resources, i.e. build is platform dependent!
2025-02-11 22:11:33,288 [Worker-22: Launching MainApp] INFO  o.a.m.s.f.DefaultMavenResourcesFiltering - skip non existing resourceDirectory D:\OctBatchMicroservices\mvnpractise\JDBC-Maven-App-03\src\main\resources
2025-02-11 22:11:33,291 [Worker-22: Launching MainApp] WARN  o.a.m.s.f.DefaultMavenResourcesFiltering - Using platform encoding (UTF-8 actually) to copy filtered resources, i.e. build is platform dependent!
2025-02-11 22:11:33,291 [Worker-22: Launching MainApp] INFO  o.a.m.s.f.DefaultMavenResourcesFiltering - skip non existing resourceDirectory D:\OctBatchMicroservices\mvnpractise\JDBC-Maven-App-03\src\test\resources
2025-02-11 22:11:33,577 [Worker-22: Launching MainApp] INFO  o.e.m.c.i.p.WorkspaceClassifierResolverManager - Resolving P/Maven-App-02: pwskills:02-Maven-App:1.4 with classifier null to /Maven-App-02/target/classes
2025-02-11 22:11:33,582 [Worker-22: Launching MainApp] INFO  o.e.m.c.i.p.WorkspaceClassifierResolverManager - Resolving P/Maven-App-02: pwskills:02-Maven-App:1.4 with classifier null to /Maven-App-02/target/classes
2025-02-11 22:11:33,588 [Worker-22: Launching MainApp] INFO  o.e.m.c.i.p.WorkspaceClassifierResolverManager - Resolving P/Maven-App-02: pwskills:02-Maven-App:1.4 with classifier null to /Maven-App-02/target/classes
2025-02-11 22:13:28,411 [Worker-26: Launching MainApp] WARN  o.a.m.s.f.DefaultMavenResourcesFiltering - Using platform encoding (UTF-8 actually) to copy filtered resources, i.e. build is platform dependent!
2025-02-11 22:13:28,412 [Worker-26: Launching MainApp] INFO  o.a.m.s.f.DefaultMavenResourcesFiltering - skip non existing resourceDirectory D:\OctBatchMicroservices\mvnpractise\JDBC-Maven-App-03\src\main\resources
2025-02-11 22:13:28,415 [Worker-26: Launching MainApp] WARN  o.a.m.s.f.DefaultMavenResourcesFiltering - Using platform encoding (UTF-8 actually) to copy filtered resources, i.e. build is platform dependent!
2025-02-11 22:13:28,415 [Worker-26: Launching MainApp] INFO  o.a.m.s.f.DefaultMavenResourcesFiltering - skip non existing resourceDirectory D:\OctBatchMicroservices\mvnpractise\JDBC-Maven-App-03\src\test\resources
2025-02-11 22:13:28,429 [Worker-26: Launching MainApp] INFO  o.e.m.c.i.p.WorkspaceClassifierResolverManager - Resolving P/Maven-App-02: pwskills:02-Maven-App:1.4 with classifier null to /Maven-App-02/target/classes
2025-02-11 22:13:28,434 [Worker-26: Launching MainApp] INFO  o.e.m.c.i.p.WorkspaceClassifierResolverManager - Resolving P/Maven-App-02: pwskills:02-Maven-App:1.4 with classifier null to /Maven-App-02/target/classes
2025-02-11 22:13:28,439 [Worker-26: Launching MainApp] INFO  o.e.m.c.i.p.WorkspaceClassifierResolverManager - Resolving P/Maven-App-02: pwskills:02-Maven-App:1.4 with classifier null to /Maven-App-02/target/classes
2025-02-11 22:16:03,453 [Worker-22: Building] WARN  o.a.m.s.f.DefaultMavenResourcesFiltering - Using platform encoding (UTF-8 actually) to copy filtered resources, i.e. build is platform dependent!
2025-02-11 22:16:03,455 [Worker-22: Building] INFO  o.a.m.s.f.DefaultMavenResourcesFiltering - skip non existing resourceDirectory D:\OctBatchMicroservices\mvnpractise\JDBC-Maven-App-03\src\main\resources
2025-02-11 22:16:03,456 [Worker-22: Building] WARN  o.a.m.s.f.DefaultMavenResourcesFiltering - Using platform encoding (UTF-8 actually) to copy filtered resources, i.e. build is platform dependent!
2025-02-11 22:16:03,456 [Worker-22: Building] INFO  o.a.m.s.f.DefaultMavenResourcesFiltering - skip non existing resourceDirectory D:\OctBatchMicroservices\mvnpractise\JDBC-Maven-App-03\src\test\resources
2025-02-11 22:16:05,826 [Worker-29: Launching MainApp] INFO  o.e.m.c.i.p.WorkspaceClassifierResolverManager - Resolving P/Maven-App-02: pwskills:02-Maven-App:1.4 with classifier null to /Maven-App-02/target/classes
2025-02-11 22:16:05,830 [Worker-29: Launching MainApp] INFO  o.e.m.c.i.p.WorkspaceClassifierResolverManager - Resolving P/Maven-App-02: pwskills:02-Maven-App:1.4 with classifier null to /Maven-App-02/target/classes
2025-02-11 22:16:05,835 [Worker-29: Launching MainApp] INFO  o.e.m.c.i.p.WorkspaceClassifierResolverManager - Resolving P/Maven-App-02: pwskills:02-Maven-App:1.4 with classifier null to /Maven-App-02/target/classes
2025-02-11 22:17:19,069 [Worker-28: Building] INFO  o.e.m.c.i.l.LifecycleMappingFactory - Using org.eclipse.m2e.jdt.JarLifecycleMapping lifecycle mapping for MavenProject: pwskills:03-JDBC-Maven-App:1.0 @ D:\OctBatchMicroservices\mvnpractise\Maven-JDBC-App-03\pom.xml.
2025-02-11 22:17:19,082 [Worker-28: Building] INFO  o.e.m.c.i.p.WorkspaceClassifierResolverManager - Resolving P/Maven-App-02: pwskills:02-Maven-App:1.4 with classifier  to /Maven-App-02/target/classes
2025-02-11 22:17:19,101 [Worker-28: Building] WARN  o.a.m.s.f.DefaultMavenResourcesFiltering - Using platform encoding (UTF-8 actually) to copy filtered resources, i.e. build is platform dependent!
2025-02-11 22:17:19,102 [Worker-28: Building] INFO  o.a.m.s.f.DefaultMavenResourcesFiltering - skip non existing resourceDirectory D:\OctBatchMicroservices\mvnpractise\Maven-JDBC-App-03\src\main\resources
2025-02-11 22:17:19,103 [Worker-28: Building] WARN  o.a.m.s.f.DefaultMavenResourcesFiltering - Using platform encoding (UTF-8 actually) to copy filtered resources, i.e. build is platform dependent!
2025-02-11 22:17:19,104 [Worker-28: Building] INFO  o.a.m.s.f.DefaultMavenResourcesFiltering - skip non existing resourceDirectory D:\OctBatchMicroservices\mvnpractise\Maven-JDBC-App-03\src\test\resources
2025-02-11 22:17:19,319 [Worker-29: Updating Maven Dependencies] ERROR o.e.m.j.i.l.MavenLaunchConfigurationListener - Launch configuration AppTest references non-existing project JDBC-Maven-App-03.
org.eclipse.core.runtime.CoreException: Launch configuration AppTest references non-existing project JDBC-Maven-App-03.
	at org.eclipse.jdt.launching.JavaRuntime.abort(JavaRuntime.java:1870)
	at org.eclipse.jdt.launching.JavaRuntime.getJavaProject(JavaRuntime.java:1747)
	at org.eclipse.m2e.jdt.internal.launch.MavenLaunchConfigurationListener.updateLaunchConfiguration(MavenLaunchConfigurationListener.java:66)
	at org.eclipse.m2e.jdt.internal.launch.MavenLaunchConfigurationListener.launchConfigurationChanged(MavenLaunchConfigurationListener.java:52)
	at org.eclipse.debug.internal.core.LaunchManager$ConfigurationNotifier.run(LaunchManager.java:219)
	at org.eclipse.core.runtime.SafeRunner.run(SafeRunner.java:47)
	at org.eclipse.debug.internal.core.LaunchManager$ConfigurationNotifier.notify(LaunchManager.java:203)
	at org.eclipse.debug.internal.core.LaunchConfigurationWorkingCopy.setDirty(LaunchConfigurationWorkingCopy.java:527)
	at org.eclipse.debug.internal.core.LaunchConfigurationWorkingCopy.setAttribute(LaunchConfigurationWorkingCopy.java:415)
	at org.eclipse.m2e.jdt.internal.launch.MavenRuntimeClasspathProvider.disable(MavenRuntimeClasspathProvider.java:409)
	at org.eclipse.m2e.jdt.internal.launch.MavenRuntimeClasspathProvider.disable(MavenRuntimeClasspathProvider.java:435)
	at org.eclipse.m2e.jdt.internal.launch.MavenLaunchConfigurationListener.mavenProjectChanged(MavenLaunchConfigurationListener.java:137)
	at org.eclipse.m2e.core.internal.project.registry.ProjectRegistryManager.notifyProjectChangeListeners(ProjectRegistryManager.java:892)
	at org.eclipse.m2e.core.internal.project.registry.ProjectRegistryManager.applyMutableProjectRegistry(ProjectRegistryManager.java:1042)
	at org.eclipse.m2e.core.internal.project.registry.ProjectRegistryRefreshJob.lambda$0(ProjectRegistryRefreshJob.java:162)
	at org.eclipse.m2e.core.internal.embedder.MavenExecutionContext.executeBare(MavenExecutionContext.java:458)
	at org.eclipse.m2e.core.internal.embedder.MavenExecutionContext.execute(MavenExecutionContext.java:339)
	at org.eclipse.m2e.core.internal.embedder.MavenExecutionContext.execute(MavenExecutionContext.java:278)
	at org.eclipse.m2e.core.internal.project.registry.ProjectRegistryRefreshJob.run(ProjectRegistryRefreshJob.java:106)
	at org.eclipse.core.internal.jobs.Worker.run(Worker.java:63)
2025-02-11 22:17:19,325 [Worker-29: Updating Maven Dependencies] ERROR o.e.m.j.i.l.MavenLaunchConfigurationListener - Launch configuration AppTest references non-existing project JDBC-Maven-App-03.
org.eclipse.core.runtime.CoreException: Launch configuration AppTest references non-existing project JDBC-Maven-App-03.
	at org.eclipse.jdt.launching.JavaRuntime.abort(JavaRuntime.java:1870)
	at org.eclipse.jdt.launching.JavaRuntime.getJavaProject(JavaRuntime.java:1747)
	at org.eclipse.m2e.jdt.internal.launch.MavenLaunchConfigurationListener.updateLaunchConfiguration(MavenLaunchConfigurationListener.java:66)
	at org.eclipse.m2e.jdt.internal.launch.MavenLaunchConfigurationListener.launchConfigurationChanged(MavenLaunchConfigurationListener.java:52)
	at org.eclipse.debug.internal.core.LaunchManager$ConfigurationNotifier.run(LaunchManager.java:219)
	at org.eclipse.core.runtime.SafeRunner.run(SafeRunner.java:47)
	at org.eclipse.debug.internal.core.LaunchManager$ConfigurationNotifier.notify(LaunchManager.java:203)
	at org.eclipse.debug.internal.core.LaunchConfigurationWorkingCopy.setDirty(LaunchConfigurationWorkingCopy.java:527)
	at org.eclipse.debug.internal.core.LaunchConfigurationWorkingCopy.setAttribute(LaunchConfigurationWorkingCopy.java:415)
	at org.eclipse.m2e.jdt.internal.launch.MavenRuntimeClasspathProvider.disable(MavenRuntimeClasspathProvider.java:410)
	at org.eclipse.m2e.jdt.internal.launch.MavenRuntimeClasspathProvider.disable(MavenRuntimeClasspathProvider.java:435)
	at org.eclipse.m2e.jdt.internal.launch.MavenLaunchConfigurationListener.mavenProjectChanged(MavenLaunchConfigurationListener.java:137)
	at org.eclipse.m2e.core.internal.project.registry.ProjectRegistryManager.notifyProjectChangeListeners(ProjectRegistryManager.java:892)
	at org.eclipse.m2e.core.internal.project.registry.ProjectRegistryManager.applyMutableProjectRegistry(ProjectRegistryManager.java:1042)
	at org.eclipse.m2e.core.internal.project.registry.ProjectRegistryRefreshJob.lambda$0(ProjectRegistryRefreshJob.java:162)
	at org.eclipse.m2e.core.internal.embedder.MavenExecutionContext.executeBare(MavenExecutionContext.java:458)
	at org.eclipse.m2e.core.internal.embedder.MavenExecutionContext.execute(MavenExecutionContext.java:339)
	at org.eclipse.m2e.core.internal.embedder.MavenExecutionContext.execute(MavenExecutionContext.java:278)
	at org.eclipse.m2e.core.internal.project.registry.ProjectRegistryRefreshJob.run(ProjectRegistryRefreshJob.java:106)
	at org.eclipse.core.internal.jobs.Worker.run(Worker.java:63)
2025-02-11 22:17:19,335 [Worker-29: Updating Maven Dependencies] ERROR o.e.m.j.i.l.MavenLaunchConfigurationListener - Launch configuration AppTest references non-existing project JDBC-Maven-App-03.
org.eclipse.core.runtime.CoreException: Launch configuration AppTest references non-existing project JDBC-Maven-App-03.
	at org.eclipse.jdt.launching.JavaRuntime.abort(JavaRuntime.java:1870)
	at org.eclipse.jdt.launching.JavaRuntime.getJavaProject(JavaRuntime.java:1747)
	at org.eclipse.m2e.jdt.internal.launch.MavenLaunchConfigurationListener.updateLaunchConfiguration(MavenLaunchConfigurationListener.java:66)
	at org.eclipse.m2e.jdt.internal.launch.MavenLaunchConfigurationListener.launchConfigurationChanged(MavenLaunchConfigurationListener.java:52)
	at org.eclipse.debug.internal.core.LaunchManager$ConfigurationNotifier.run(LaunchManager.java:219)
	at org.eclipse.core.runtime.SafeRunner.run(SafeRunner.java:47)
	at org.eclipse.debug.internal.core.LaunchManager$ConfigurationNotifier.notify(LaunchManager.java:203)
	at org.eclipse.debug.internal.core.LaunchManager.launchConfigurationChanged(LaunchManager.java:1960)
	at org.eclipse.debug.internal.core.LaunchConfigurationWorkingCopy.writeNewFile(LaunchConfigurationWorkingCopy.java:380)
	at org.eclipse.debug.internal.core.LaunchConfigurationWorkingCopy.doSave0(LaunchConfigurationWorkingCopy.java:259)
	at org.eclipse.debug.internal.core.LaunchConfigurationWorkingCopy.doSave(LaunchConfigurationWorkingCopy.java:229)
	at org.eclipse.debug.internal.core.LaunchConfigurationWorkingCopy.doSave(LaunchConfigurationWorkingCopy.java:187)
	at org.eclipse.m2e.jdt.internal.launch.MavenRuntimeClasspathProvider.disable(MavenRuntimeClasspathProvider.java:411)
	at org.eclipse.m2e.jdt.internal.launch.MavenRuntimeClasspathProvider.disable(MavenRuntimeClasspathProvider.java:435)
	at org.eclipse.m2e.jdt.internal.launch.MavenLaunchConfigurationListener.mavenProjectChanged(MavenLaunchConfigurationListener.java:137)
	at org.eclipse.m2e.core.internal.project.registry.ProjectRegistryManager.notifyProjectChangeListeners(ProjectRegistryManager.java:892)
	at org.eclipse.m2e.core.internal.project.registry.ProjectRegistryManager.applyMutableProjectRegistry(ProjectRegistryManager.java:1042)
	at org.eclipse.m2e.core.internal.project.registry.ProjectRegistryRefreshJob.lambda$0(ProjectRegistryRefreshJob.java:162)
	at org.eclipse.m2e.core.internal.embedder.MavenExecutionContext.executeBare(MavenExecutionContext.java:458)
	at org.eclipse.m2e.core.internal.embedder.MavenExecutionContext.execute(MavenExecutionContext.java:339)
	at org.eclipse.m2e.core.internal.embedder.MavenExecutionContext.execute(MavenExecutionContext.java:278)
	at org.eclipse.m2e.core.internal.project.registry.ProjectRegistryRefreshJob.run(ProjectRegistryRefreshJob.java:106)
	at org.eclipse.core.internal.jobs.Worker.run(Worker.java:63)
2025-02-11 22:17:19,336 [Worker-29: Updating Maven Dependencies] ERROR o.e.m.j.i.l.MavenLaunchConfigurationListener - Launch configuration MainApp references non-existing project JDBC-Maven-App-03.
org.eclipse.core.runtime.CoreException: Launch configuration MainApp references non-existing project JDBC-Maven-App-03.
	at org.eclipse.jdt.launching.JavaRuntime.abort(JavaRuntime.java:1870)
	at org.eclipse.jdt.launching.JavaRuntime.getJavaProject(JavaRuntime.java:1747)
	at org.eclipse.m2e.jdt.internal.launch.MavenLaunchConfigurationListener.updateLaunchConfiguration(MavenLaunchConfigurationListener.java:66)
	at org.eclipse.m2e.jdt.internal.launch.MavenLaunchConfigurationListener.launchConfigurationChanged(MavenLaunchConfigurationListener.java:52)
	at org.eclipse.debug.internal.core.LaunchManager$ConfigurationNotifier.run(LaunchManager.java:219)
	at org.eclipse.core.runtime.SafeRunner.run(SafeRunner.java:47)
	at org.eclipse.debug.internal.core.LaunchManager$ConfigurationNotifier.notify(LaunchManager.java:203)
	at org.eclipse.debug.internal.core.LaunchConfigurationWorkingCopy.setDirty(LaunchConfigurationWorkingCopy.java:527)
	at org.eclipse.debug.internal.core.LaunchConfigurationWorkingCopy.setAttribute(LaunchConfigurationWorkingCopy.java:415)
	at org.eclipse.m2e.jdt.internal.launch.MavenRuntimeClasspathProvider.disable(MavenRuntimeClasspathProvider.java:409)
	at org.eclipse.m2e.jdt.internal.launch.MavenRuntimeClasspathProvider.disable(MavenRuntimeClasspathProvider.java:435)
	at org.eclipse.m2e.jdt.internal.launch.MavenLaunchConfigurationListener.mavenProjectChanged(MavenLaunchConfigurationListener.java:137)
	at org.eclipse.m2e.core.internal.project.registry.ProjectRegistryManager.notifyProjectChangeListeners(ProjectRegistryManager.java:892)
	at org.eclipse.m2e.core.internal.project.registry.ProjectRegistryManager.applyMutableProjectRegistry(ProjectRegistryManager.java:1042)
	at org.eclipse.m2e.core.internal.project.registry.ProjectRegistryRefreshJob.lambda$0(ProjectRegistryRefreshJob.java:162)
	at org.eclipse.m2e.core.internal.embedder.MavenExecutionContext.executeBare(MavenExecutionContext.java:458)
	at org.eclipse.m2e.core.internal.embedder.MavenExecutionContext.execute(MavenExecutionContext.java:339)
	at org.eclipse.m2e.core.internal.embedder.MavenExecutionContext.execute(MavenExecutionContext.java:278)
	at org.eclipse.m2e.core.internal.project.registry.ProjectRegistryRefreshJob.run(ProjectRegistryRefreshJob.java:106)
	at org.eclipse.core.internal.jobs.Worker.run(Worker.java:63)
2025-02-11 22:17:19,336 [Worker-29: Updating Maven Dependencies] ERROR o.e.m.j.i.l.MavenLaunchConfigurationListener - Launch configuration MainApp references non-existing project JDBC-Maven-App-03.
org.eclipse.core.runtime.CoreException: Launch configuration MainApp references non-existing project JDBC-Maven-App-03.
	at org.eclipse.jdt.launching.JavaRuntime.abort(JavaRuntime.java:1870)
	at org.eclipse.jdt.launching.JavaRuntime.getJavaProject(JavaRuntime.java:1747)
	at org.eclipse.m2e.jdt.internal.launch.MavenLaunchConfigurationListener.updateLaunchConfiguration(MavenLaunchConfigurationListener.java:66)
	at org.eclipse.m2e.jdt.internal.launch.MavenLaunchConfigurationListener.launchConfigurationChanged(MavenLaunchConfigurationListener.java:52)
	at org.eclipse.debug.internal.core.LaunchManager$ConfigurationNotifier.run(LaunchManager.java:219)
	at org.eclipse.core.runtime.SafeRunner.run(SafeRunner.java:47)
	at org.eclipse.debug.internal.core.LaunchManager$ConfigurationNotifier.notify(LaunchManager.java:203)
	at org.eclipse.debug.internal.core.LaunchConfigurationWorkingCopy.setDirty(LaunchConfigurationWorkingCopy.java:527)
	at org.eclipse.debug.internal.core.LaunchConfigurationWorkingCopy.setAttribute(LaunchConfigurationWorkingCopy.java:415)
	at org.eclipse.m2e.jdt.internal.launch.MavenRuntimeClasspathProvider.disable(MavenRuntimeClasspathProvider.java:410)
	at org.eclipse.m2e.jdt.internal.launch.MavenRuntimeClasspathProvider.disable(MavenRuntimeClasspathProvider.java:435)
	at org.eclipse.m2e.jdt.internal.launch.MavenLaunchConfigurationListener.mavenProjectChanged(MavenLaunchConfigurationListener.java:137)
	at org.eclipse.m2e.core.internal.project.registry.ProjectRegistryManager.notifyProjectChangeListeners(ProjectRegistryManager.java:892)
	at org.eclipse.m2e.core.internal.project.registry.ProjectRegistryManager.applyMutableProjectRegistry(ProjectRegistryManager.java:1042)
	at org.eclipse.m2e.core.internal.project.registry.ProjectRegistryRefreshJob.lambda$0(ProjectRegistryRefreshJob.java:162)
	at org.eclipse.m2e.core.internal.embedder.MavenExecutionContext.executeBare(MavenExecutionContext.java:458)
	at org.eclipse.m2e.core.internal.embedder.MavenExecutionContext.execute(MavenExecutionContext.java:339)
	at org.eclipse.m2e.core.internal.embedder.MavenExecutionContext.execute(MavenExecutionContext.java:278)
	at org.eclipse.m2e.core.internal.project.registry.ProjectRegistryRefreshJob.run(ProjectRegistryRefreshJob.java:106)
	at org.eclipse.core.internal.jobs.Worker.run(Worker.java:63)
2025-02-11 22:17:19,345 [Worker-29: Updating Maven Dependencies] ERROR o.e.m.j.i.l.MavenLaunchConfigurationListener - Launch configuration MainApp references non-existing project JDBC-Maven-App-03.
org.eclipse.core.runtime.CoreException: Launch configuration MainApp references non-existing project JDBC-Maven-App-03.
	at org.eclipse.jdt.launching.JavaRuntime.abort(JavaRuntime.java:1870)
	at org.eclipse.jdt.launching.JavaRuntime.getJavaProject(JavaRuntime.java:1747)
	at org.eclipse.m2e.jdt.internal.launch.MavenLaunchConfigurationListener.updateLaunchConfiguration(MavenLaunchConfigurationListener.java:66)
	at org.eclipse.m2e.jdt.internal.launch.MavenLaunchConfigurationListener.launchConfigurationChanged(MavenLaunchConfigurationListener.java:52)
	at org.eclipse.debug.internal.core.LaunchManager$ConfigurationNotifier.run(LaunchManager.java:219)
	at org.eclipse.core.runtime.SafeRunner.run(SafeRunner.java:47)
	at org.eclipse.debug.internal.core.LaunchManager$ConfigurationNotifier.notify(LaunchManager.java:203)
	at org.eclipse.debug.internal.core.LaunchManager.launchConfigurationChanged(LaunchManager.java:1960)
	at org.eclipse.debug.internal.core.LaunchConfigurationWorkingCopy.writeNewFile(LaunchConfigurationWorkingCopy.java:380)
	at org.eclipse.debug.internal.core.LaunchConfigurationWorkingCopy.doSave0(LaunchConfigurationWorkingCopy.java:259)
	at org.eclipse.debug.internal.core.LaunchConfigurationWorkingCopy.doSave(LaunchConfigurationWorkingCopy.java:229)
	at org.eclipse.debug.internal.core.LaunchConfigurationWorkingCopy.doSave(LaunchConfigurationWorkingCopy.java:187)
	at org.eclipse.m2e.jdt.internal.launch.MavenRuntimeClasspathProvider.disable(MavenRuntimeClasspathProvider.java:411)
	at org.eclipse.m2e.jdt.internal.launch.MavenRuntimeClasspathProvider.disable(MavenRuntimeClasspathProvider.java:435)
	at org.eclipse.m2e.jdt.internal.launch.MavenLaunchConfigurationListener.mavenProjectChanged(MavenLaunchConfigurationListener.java:137)
	at org.eclipse.m2e.core.internal.project.registry.ProjectRegistryManager.notifyProjectChangeListeners(ProjectRegistryManager.java:892)
	at org.eclipse.m2e.core.internal.project.registry.ProjectRegistryManager.applyMutableProjectRegistry(ProjectRegistryManager.java:1042)
	at org.eclipse.m2e.core.internal.project.registry.ProjectRegistryRefreshJob.lambda$0(ProjectRegistryRefreshJob.java:162)
	at org.eclipse.m2e.core.internal.embedder.MavenExecutionContext.executeBare(MavenExecutionContext.java:458)
	at org.eclipse.m2e.core.internal.embedder.MavenExecutionContext.execute(MavenExecutionContext.java:339)
	at org.eclipse.m2e.core.internal.embedder.MavenExecutionContext.execute(MavenExecutionContext.java:278)
	at org.eclipse.m2e.core.internal.project.registry.ProjectRegistryRefreshJob.run(ProjectRegistryRefreshJob.java:106)
	at org.eclipse.core.internal.jobs.Worker.run(Worker.java:63)
2025-02-11 22:17:20,290 [Worker-28: Building] WARN  o.a.m.s.f.DefaultMavenResourcesFiltering - Using platform encoding (UTF-8 actually) to copy filtered resources, i.e. build is platform dependent!
2025-02-11 22:17:20,290 [Worker-28: Building] INFO  o.a.m.s.f.DefaultMavenResourcesFiltering - skip non existing resourceDirectory D:\OctBatchMicroservices\mvnpractise\Maven-JDBC-App-03\src\main\resources
2025-02-11 22:17:20,292 [Worker-28: Building] WARN  o.a.m.s.f.DefaultMavenResourcesFiltering - Using platform encoding (UTF-8 actually) to copy filtered resources, i.e. build is platform dependent!
2025-02-11 22:17:20,292 [Worker-28: Building] INFO  o.a.m.s.f.DefaultMavenResourcesFiltering - skip non existing resourceDirectory D:\OctBatchMicroservices\mvnpractise\Maven-JDBC-App-03\src\test\resources
2025-02-11 22:17:31,777 [Worker-22: Launching MainApp (1)] INFO  o.e.m.c.i.p.WorkspaceClassifierResolverManager - Resolving P/Maven-App-02: pwskills:02-Maven-App:1.4 with classifier null to /Maven-App-02/target/classes
2025-02-11 22:17:31,783 [Worker-22: Launching MainApp (1)] INFO  o.e.m.c.i.p.WorkspaceClassifierResolverManager - Resolving P/Maven-App-02: pwskills:02-Maven-App:1.4 with classifier null to /Maven-App-02/target/classes
2025-02-11 22:17:31,788 [Worker-22: Launching MainApp (1)] INFO  o.e.m.c.i.p.WorkspaceClassifierResolverManager - Resolving P/Maven-App-02: pwskills:02-Maven-App:1.4 with classifier null to /Maven-App-02/target/classes
2025-02-11 22:18:05,424 [Worker-22: Building] INFO  o.e.m.c.i.l.LifecycleMappingFactory - Using org.eclipse.m2e.jdt.JarLifecycleMapping lifecycle mapping for MavenProject: pwskills:HibernateProject:1.0.FINAL @ D:\OctBatchMicroservices\mvnpractise\HibernateProject-04\pom.xml.
2025-02-11 22:18:05,746 [Worker-22: Building] INFO  o.e.m.c.i.embedder.EclipseLogger - Using 'UTF-8' encoding to copy filtered resources.
2025-02-11 22:18:05,746 [Worker-22: Building] INFO  o.e.m.c.i.embedder.EclipseLogger - skip non existing resourceDirectory D:\OctBatchMicroservices\mvnpractise\HibernateProject-04\src\main\resources
2025-02-11 22:18:05,749 [Worker-22: Building] INFO  o.e.m.c.i.embedder.EclipseLogger - Using 'UTF-8' encoding to copy filtered resources.
2025-02-11 22:18:05,749 [Worker-22: Building] INFO  o.e.m.c.i.embedder.EclipseLogger - skip non existing resourceDirectory D:\OctBatchMicroservices\mvnpractise\HibernateProject-04\src\test\resources
2025-02-11 22:18:05,772 [Worker-30: Updating Maven Dependencies] ERROR o.e.m.j.i.l.MavenLaunchConfigurationListener - Launch configuration LoadRecordApp (1) references non-existing project HibernateProject-1.
org.eclipse.core.runtime.CoreException: Launch configuration LoadRecordApp (1) references non-existing project HibernateProject-1.
	at org.eclipse.jdt.launching.JavaRuntime.abort(JavaRuntime.java:1870)
	at org.eclipse.jdt.launching.JavaRuntime.getJavaProject(JavaRuntime.java:1747)
	at org.eclipse.m2e.jdt.internal.launch.MavenLaunchConfigurationListener.updateLaunchConfiguration(MavenLaunchConfigurationListener.java:66)
	at org.eclipse.m2e.jdt.internal.launch.MavenLaunchConfigurationListener.launchConfigurationChanged(MavenLaunchConfigurationListener.java:52)
	at org.eclipse.debug.internal.core.LaunchManager$ConfigurationNotifier.run(LaunchManager.java:219)
	at org.eclipse.core.runtime.SafeRunner.run(SafeRunner.java:47)
	at org.eclipse.debug.internal.core.LaunchManager$ConfigurationNotifier.notify(LaunchManager.java:203)
	at org.eclipse.debug.internal.core.LaunchConfigurationWorkingCopy.setDirty(LaunchConfigurationWorkingCopy.java:527)
	at org.eclipse.debug.internal.core.LaunchConfigurationWorkingCopy.setAttribute(LaunchConfigurationWorkingCopy.java:415)
	at org.eclipse.m2e.jdt.internal.launch.MavenRuntimeClasspathProvider.disable(MavenRuntimeClasspathProvider.java:409)
	at org.eclipse.m2e.jdt.internal.launch.MavenRuntimeClasspathProvider.disable(MavenRuntimeClasspathProvider.java:435)
	at org.eclipse.m2e.jdt.internal.launch.MavenLaunchConfigurationListener.mavenProjectChanged(MavenLaunchConfigurationListener.java:137)
	at org.eclipse.m2e.core.internal.project.registry.ProjectRegistryManager.notifyProjectChangeListeners(ProjectRegistryManager.java:892)
	at org.eclipse.m2e.core.internal.project.registry.ProjectRegistryManager.applyMutableProjectRegistry(ProjectRegistryManager.java:1042)
	at org.eclipse.m2e.core.internal.project.registry.ProjectRegistryRefreshJob.lambda$0(ProjectRegistryRefreshJob.java:162)
	at org.eclipse.m2e.core.internal.embedder.MavenExecutionContext.executeBare(MavenExecutionContext.java:458)
	at org.eclipse.m2e.core.internal.embedder.MavenExecutionContext.execute(MavenExecutionContext.java:339)
	at org.eclipse.m2e.core.internal.embedder.MavenExecutionContext.execute(MavenExecutionContext.java:278)
	at org.eclipse.m2e.core.internal.project.registry.ProjectRegistryRefreshJob.run(ProjectRegistryRefreshJob.java:106)
	at org.eclipse.core.internal.jobs.Worker.run(Worker.java:63)
2025-02-11 22:18:05,776 [Worker-30: Updating Maven Dependencies] ERROR o.e.m.j.i.l.MavenLaunchConfigurationListener - Launch configuration LoadRecordApp (1) references non-existing project HibernateProject-1.
org.eclipse.core.runtime.CoreException: Launch configuration LoadRecordApp (1) references non-existing project HibernateProject-1.
	at org.eclipse.jdt.launching.JavaRuntime.abort(JavaRuntime.java:1870)
	at org.eclipse.jdt.launching.JavaRuntime.getJavaProject(JavaRuntime.java:1747)
	at org.eclipse.m2e.jdt.internal.launch.MavenLaunchConfigurationListener.updateLaunchConfiguration(MavenLaunchConfigurationListener.java:66)
	at org.eclipse.m2e.jdt.internal.launch.MavenLaunchConfigurationListener.launchConfigurationChanged(MavenLaunchConfigurationListener.java:52)
	at org.eclipse.debug.internal.core.LaunchManager$ConfigurationNotifier.run(LaunchManager.java:219)
	at org.eclipse.core.runtime.SafeRunner.run(SafeRunner.java:47)
	at org.eclipse.debug.internal.core.LaunchManager$ConfigurationNotifier.notify(LaunchManager.java:203)
	at org.eclipse.debug.internal.core.LaunchConfigurationWorkingCopy.setDirty(LaunchConfigurationWorkingCopy.java:527)
	at org.eclipse.debug.internal.core.LaunchConfigurationWorkingCopy.setAttribute(LaunchConfigurationWorkingCopy.java:415)
	at org.eclipse.m2e.jdt.internal.launch.MavenRuntimeClasspathProvider.disable(MavenRuntimeClasspathProvider.java:410)
	at org.eclipse.m2e.jdt.internal.launch.MavenRuntimeClasspathProvider.disable(MavenRuntimeClasspathProvider.java:435)
	at org.eclipse.m2e.jdt.internal.launch.MavenLaunchConfigurationListener.mavenProjectChanged(MavenLaunchConfigurationListener.java:137)
	at org.eclipse.m2e.core.internal.project.registry.ProjectRegistryManager.notifyProjectChangeListeners(ProjectRegistryManager.java:892)
	at org.eclipse.m2e.core.internal.project.registry.ProjectRegistryManager.applyMutableProjectRegistry(ProjectRegistryManager.java:1042)
	at org.eclipse.m2e.core.internal.project.registry.ProjectRegistryRefreshJob.lambda$0(ProjectRegistryRefreshJob.java:162)
	at org.eclipse.m2e.core.internal.embedder.MavenExecutionContext.executeBare(MavenExecutionContext.java:458)
	at org.eclipse.m2e.core.internal.embedder.MavenExecutionContext.execute(MavenExecutionContext.java:339)
	at org.eclipse.m2e.core.internal.embedder.MavenExecutionContext.execute(MavenExecutionContext.java:278)
	at org.eclipse.m2e.core.internal.project.registry.ProjectRegistryRefreshJob.run(ProjectRegistryRefreshJob.java:106)
	at org.eclipse.core.internal.jobs.Worker.run(Worker.java:63)
2025-02-11 22:18:05,790 [Worker-30: Updating Maven Dependencies] ERROR o.e.m.j.i.l.MavenLaunchConfigurationListener - Launch configuration LoadRecordApp (1) references non-existing project HibernateProject-1.
org.eclipse.core.runtime.CoreException: Launch configuration LoadRecordApp (1) references non-existing project HibernateProject-1.
	at org.eclipse.jdt.launching.JavaRuntime.abort(JavaRuntime.java:1870)
	at org.eclipse.jdt.launching.JavaRuntime.getJavaProject(JavaRuntime.java:1747)
	at org.eclipse.m2e.jdt.internal.launch.MavenLaunchConfigurationListener.updateLaunchConfiguration(MavenLaunchConfigurationListener.java:66)
	at org.eclipse.m2e.jdt.internal.launch.MavenLaunchConfigurationListener.launchConfigurationChanged(MavenLaunchConfigurationListener.java:52)
	at org.eclipse.debug.internal.core.LaunchManager$ConfigurationNotifier.run(LaunchManager.java:219)
	at org.eclipse.core.runtime.SafeRunner.run(SafeRunner.java:47)
	at org.eclipse.debug.internal.core.LaunchManager$ConfigurationNotifier.notify(LaunchManager.java:203)
	at org.eclipse.debug.internal.core.LaunchManager.launchConfigurationChanged(LaunchManager.java:1960)
	at org.eclipse.debug.internal.core.LaunchConfigurationWorkingCopy.writeNewFile(LaunchConfigurationWorkingCopy.java:380)
	at org.eclipse.debug.internal.core.LaunchConfigurationWorkingCopy.doSave0(LaunchConfigurationWorkingCopy.java:259)
	at org.eclipse.debug.internal.core.LaunchConfigurationWorkingCopy.doSave(LaunchConfigurationWorkingCopy.java:229)
	at org.eclipse.debug.internal.core.LaunchConfigurationWorkingCopy.doSave(LaunchConfigurationWorkingCopy.java:187)
	at org.eclipse.m2e.jdt.internal.launch.MavenRuntimeClasspathProvider.disable(MavenRuntimeClasspathProvider.java:411)
	at org.eclipse.m2e.jdt.internal.launch.MavenRuntimeClasspathProvider.disable(MavenRuntimeClasspathProvider.java:435)
	at org.eclipse.m2e.jdt.internal.launch.MavenLaunchConfigurationListener.mavenProjectChanged(MavenLaunchConfigurationListener.java:137)
	at org.eclipse.m2e.core.internal.project.registry.ProjectRegistryManager.notifyProjectChangeListeners(ProjectRegistryManager.java:892)
	at org.eclipse.m2e.core.internal.project.registry.ProjectRegistryManager.applyMutableProjectRegistry(ProjectRegistryManager.java:1042)
	at org.eclipse.m2e.core.internal.project.registry.ProjectRegistryRefreshJob.lambda$0(ProjectRegistryRefreshJob.java:162)
	at org.eclipse.m2e.core.internal.embedder.MavenExecutionContext.executeBare(MavenExecutionContext.java:458)
	at org.eclipse.m2e.core.internal.embedder.MavenExecutionContext.execute(MavenExecutionContext.java:339)
	at org.eclipse.m2e.core.internal.embedder.MavenExecutionContext.execute(MavenExecutionContext.java:278)
	at org.eclipse.m2e.core.internal.project.registry.ProjectRegistryRefreshJob.run(ProjectRegistryRefreshJob.java:106)
	at org.eclipse.core.internal.jobs.Worker.run(Worker.java:63)
2025-02-11 22:18:05,976 [Worker-30: Building] INFO  o.e.m.c.i.embedder.EclipseLogger - Using 'UTF-8' encoding to copy filtered resources.
2025-02-11 22:18:05,976 [Worker-30: Building] INFO  o.e.m.c.i.embedder.EclipseLogger - skip non existing resourceDirectory D:\OctBatchMicroservices\mvnpractise\HibernateProject-04\src\main\resources
2025-02-11 22:18:05,978 [Worker-30: Building] INFO  o.e.m.c.i.embedder.EclipseLogger - Using 'UTF-8' encoding to copy filtered resources.
2025-02-11 22:18:05,978 [Worker-30: Building] INFO  o.e.m.c.i.embedder.EclipseLogger - skip non existing resourceDirectory D:\OctBatchMicroservices\mvnpractise\HibernateProject-04\src\test\resources
2025-02-11 22:18:18,342 [Worker-29: Building] INFO  o.e.m.c.i.l.LifecycleMappingFactory - Using org.eclipse.m2e.jdt.JarLifecycleMapping lifecycle mapping for MavenProject: pwskills:HibernateProject:1.0.FINAL @ D:\OctBatchMicroservices\mvnpractise\HibernateProject-05\pom.xml.
2025-02-11 22:18:18,445 [Worker-29: Building] INFO  o.e.m.c.i.embedder.EclipseLogger - Using 'UTF-8' encoding to copy filtered resources.
2025-02-11 22:18:18,445 [Worker-29: Building] INFO  o.e.m.c.i.embedder.EclipseLogger - skip non existing resourceDirectory D:\OctBatchMicroservices\mvnpractise\HibernateProject-05\src\main\resources
2025-02-11 22:18:18,447 [Worker-29: Building] INFO  o.e.m.c.i.embedder.EclipseLogger - Using 'UTF-8' encoding to copy filtered resources.
2025-02-11 22:18:18,447 [Worker-29: Building] INFO  o.e.m.c.i.embedder.EclipseLogger - skip non existing resourceDirectory D:\OctBatchMicroservices\mvnpractise\HibernateProject-05\src\test\resources
2025-02-11 22:18:18,635 [Worker-31: Building] INFO  o.e.m.c.i.embedder.EclipseLogger - Using 'UTF-8' encoding to copy filtered resources.
2025-02-11 22:18:18,635 [Worker-31: Building] INFO  o.e.m.c.i.embedder.EclipseLogger - skip non existing resourceDirectory D:\OctBatchMicroservices\mvnpractise\HibernateProject-05\src\main\resources
2025-02-11 22:18:18,636 [Worker-31: Building] INFO  o.e.m.c.i.embedder.EclipseLogger - Using 'UTF-8' encoding to copy filtered resources.
2025-02-11 22:18:18,636 [Worker-31: Building] INFO  o.e.m.c.i.embedder.EclipseLogger - skip non existing resourceDirectory D:\OctBatchMicroservices\mvnpractise\HibernateProject-05\src\test\resources
2025-02-11 22:39:17,908 [Worker-34: Launching App] INFO  o.e.m.c.i.l.LifecycleMappingFactory - Using org.eclipse.m2e.jdt.JarLifecycleMapping lifecycle mapping for MavenProject: pwskills:01-Maven-App:1.4 @ D:\OctBatchMicroservices\mvnpractise\Maven-App-01\pom.xml.
2025-02-11 22:39:17,924 [Worker-34: Launching App] WARN  o.a.m.s.f.DefaultMavenResourcesFiltering - Using platform encoding (UTF-8 actually) to copy filtered resources, i.e. build is platform dependent!
2025-02-11 22:39:17,925 [Worker-34: Launching App] INFO  o.a.m.s.f.DefaultMavenResourcesFiltering - skip non existing resourceDirectory D:\OctBatchMicroservices\mvnpractise\Maven-App-01\src\main\resources
2025-02-11 22:39:17,926 [Worker-34: Launching App] WARN  o.a.m.s.f.DefaultMavenResourcesFiltering - Using platform encoding (UTF-8 actually) to copy filtered resources, i.e. build is platform dependent!
2025-02-11 22:39:17,926 [Worker-34: Launching App] INFO  o.a.m.s.f.DefaultMavenResourcesFiltering - skip non existing resourceDirectory D:\OctBatchMicroservices\mvnpractise\Maven-App-01\src\test\resources
2025-02-11 22:47:06,311 [Worker-37: Launching Executing test in D__OctBatchMicroservices_mvnpractise_Maven-App-02] INFO  o.eclipse.m2e.core.internal.Bundles - getClasspathEntries(Bundle=org.eclipse.m2e.maven.runtime_3.9.900.20240824-1409 [640])
2025-02-11 22:47:06,313 [Worker-37: Launching Executing test in D__OctBatchMicroservices_mvnpractise_Maven-App-02] INFO  o.eclipse.m2e.core.internal.Bundles - 	Entry: C:\Users\akash\.p2\pool\plugins\org.eclipse.m2e.maven.runtime_3.9.900.20240824-1409
2025-02-11 22:47:06,313 [Worker-37: Launching Executing test in D__OctBatchMicroservices_mvnpractise_Maven-App-02] INFO  o.eclipse.m2e.core.internal.Bundles - 	Entry: C:\Users\akash\.p2\pool\plugins\org.eclipse.m2e.maven.runtime_3.9.900.20240824-1409\jars\aopalliance-1.0.jar
2025-02-11 22:47:06,313 [Worker-37: Launching Executing test in D__OctBatchMicroservices_mvnpractise_Maven-App-02] INFO  o.eclipse.m2e.core.internal.Bundles - 	Entry: C:\Users\akash\.p2\pool\plugins\org.eclipse.m2e.maven.runtime_3.9.900.20240824-1409\jars\guice-5.1.0.jar
2025-02-11 22:47:06,313 [Worker-37: Launching Executing test in D__OctBatchMicroservices_mvnpractise_Maven-App-02] INFO  o.eclipse.m2e.core.internal.Bundles - 	Entry: C:\Users\akash\.p2\pool\plugins\org.eclipse.m2e.maven.runtime_3.9.900.20240824-1409\jars\httpclient-4.5.14.jar
2025-02-11 22:47:06,313 [Worker-37: Launching Executing test in D__OctBatchMicroservices_mvnpractise_Maven-App-02] INFO  o.eclipse.m2e.core.internal.Bundles - 	Entry: C:\Users\akash\.p2\pool\plugins\org.eclipse.m2e.maven.runtime_3.9.900.20240824-1409\jars\httpcore-4.4.16.jar
2025-02-11 22:47:06,313 [Worker-37: Launching Executing test in D__OctBatchMicroservices_mvnpractise_Maven-App-02] INFO  o.eclipse.m2e.core.internal.Bundles - 	Entry: C:\Users\akash\.p2\pool\plugins\org.eclipse.m2e.maven.runtime_3.9.900.20240824-1409\jars\jansi-2.4.1.jar
2025-02-11 22:47:06,313 [Worker-37: Launching Executing test in D__OctBatchMicroservices_mvnpractise_Maven-App-02] INFO  o.eclipse.m2e.core.internal.Bundles - 	Entry: C:\Users\akash\.p2\pool\plugins\org.eclipse.m2e.maven.runtime_3.9.900.20240824-1409\jars\jcl-over-slf4j-1.7.36.jar
2025-02-11 22:47:06,313 [Worker-37: Launching Executing test in D__OctBatchMicroservices_mvnpractise_Maven-App-02] INFO  o.eclipse.m2e.core.internal.Bundles - 	Entry: C:\Users\akash\.p2\pool\plugins\org.eclipse.m2e.maven.runtime_3.9.900.20240824-1409\jars\maven-artifact-3.9.9.jar
2025-02-11 22:47:06,313 [Worker-37: Launching Executing test in D__OctBatchMicroservices_mvnpractise_Maven-App-02] INFO  o.eclipse.m2e.core.internal.Bundles - 	Entry: C:\Users\akash\.p2\pool\plugins\org.eclipse.m2e.maven.runtime_3.9.900.20240824-1409\jars\maven-builder-support-3.9.9.jar
2025-02-11 22:47:06,313 [Worker-37: Launching Executing test in D__OctBatchMicroservices_mvnpractise_Maven-App-02] INFO  o.eclipse.m2e.core.internal.Bundles - 	Entry: C:\Users\akash\.p2\pool\plugins\org.eclipse.m2e.maven.runtime_3.9.900.20240824-1409\jars\maven-compat-3.9.9.jar
2025-02-11 22:47:06,313 [Worker-37: Launching Executing test in D__OctBatchMicroservices_mvnpractise_Maven-App-02] INFO  o.eclipse.m2e.core.internal.Bundles - 	Entry: C:\Users\akash\.p2\pool\plugins\org.eclipse.m2e.maven.runtime_3.9.900.20240824-1409\jars\maven-core-3.9.9.jar
2025-02-11 22:47:06,313 [Worker-37: Launching Executing test in D__OctBatchMicroservices_mvnpractise_Maven-App-02] INFO  o.eclipse.m2e.core.internal.Bundles - 	Entry: C:\Users\akash\.p2\pool\plugins\org.eclipse.m2e.maven.runtime_3.9.900.20240824-1409\jars\maven-embedder-3.9.9.jar
2025-02-11 22:47:06,313 [Worker-37: Launching Executing test in D__OctBatchMicroservices_mvnpractise_Maven-App-02] INFO  o.eclipse.m2e.core.internal.Bundles - 	Entry: C:\Users\akash\.p2\pool\plugins\org.eclipse.m2e.maven.runtime_3.9.900.20240824-1409\jars\maven-model-3.9.9.jar
2025-02-11 22:47:06,313 [Worker-37: Launching Executing test in D__OctBatchMicroservices_mvnpractise_Maven-App-02] INFO  o.eclipse.m2e.core.internal.Bundles - 	Entry: C:\Users\akash\.p2\pool\plugins\org.eclipse.m2e.maven.runtime_3.9.900.20240824-1409\jars\maven-model-builder-3.9.9.jar
2025-02-11 22:47:06,313 [Worker-37: Launching Executing test in D__OctBatchMicroservices_mvnpractise_Maven-App-02] INFO  o.eclipse.m2e.core.internal.Bundles - 	Entry: C:\Users\akash\.p2\pool\plugins\org.eclipse.m2e.maven.runtime_3.9.900.20240824-1409\jars\maven-plugin-api-3.9.9.jar
2025-02-11 22:47:06,313 [Worker-37: Launching Executing test in D__OctBatchMicroservices_mvnpractise_Maven-App-02] INFO  o.eclipse.m2e.core.internal.Bundles - 	Entry: C:\Users\akash\.p2\pool\plugins\org.eclipse.m2e.maven.runtime_3.9.900.20240824-1409\jars\maven-repository-metadata-3.9.9.jar
2025-02-11 22:47:06,315 [Worker-37: Launching Executing test in D__OctBatchMicroservices_mvnpractise_Maven-App-02] INFO  o.eclipse.m2e.core.internal.Bundles - 	Entry: C:\Users\akash\.p2\pool\plugins\org.eclipse.m2e.maven.runtime_3.9.900.20240824-1409\jars\maven-resolver-api-1.9.22.jar
2025-02-11 22:47:06,315 [Worker-37: Launching Executing test in D__OctBatchMicroservices_mvnpractise_Maven-App-02] INFO  o.eclipse.m2e.core.internal.Bundles - 	Entry: C:\Users\akash\.p2\pool\plugins\org.eclipse.m2e.maven.runtime_3.9.900.20240824-1409\jars\maven-resolver-connector-basic-1.9.22.jar
2025-02-11 22:47:06,315 [Worker-37: Launching Executing test in D__OctBatchMicroservices_mvnpractise_Maven-App-02] INFO  o.eclipse.m2e.core.internal.Bundles - 	Entry: C:\Users\akash\.p2\pool\plugins\org.eclipse.m2e.maven.runtime_3.9.900.20240824-1409\jars\maven-resolver-impl-1.9.22.jar
2025-02-11 22:47:06,315 [Worker-37: Launching Executing test in D__OctBatchMicroservices_mvnpractise_Maven-App-02] INFO  o.eclipse.m2e.core.internal.Bundles - 	Entry: C:\Users\akash\.p2\pool\plugins\org.eclipse.m2e.maven.runtime_3.9.900.20240824-1409\jars\maven-resolver-named-locks-1.9.22.jar
2025-02-11 22:47:06,315 [Worker-37: Launching Executing test in D__OctBatchMicroservices_mvnpractise_Maven-App-02] INFO  o.eclipse.m2e.core.internal.Bundles - 	Entry: C:\Users\akash\.p2\pool\plugins\org.eclipse.m2e.maven.runtime_3.9.900.20240824-1409\jars\maven-resolver-provider-3.9.9.jar
2025-02-11 22:47:06,315 [Worker-37: Launching Executing test in D__OctBatchMicroservices_mvnpractise_Maven-App-02] INFO  o.eclipse.m2e.core.internal.Bundles - 	Entry: C:\Users\akash\.p2\pool\plugins\org.eclipse.m2e.maven.runtime_3.9.900.20240824-1409\jars\maven-resolver-spi-1.9.22.jar
2025-02-11 22:47:06,315 [Worker-37: Launching Executing test in D__OctBatchMicroservices_mvnpractise_Maven-App-02] INFO  o.eclipse.m2e.core.internal.Bundles - 	Entry: C:\Users\akash\.p2\pool\plugins\org.eclipse.m2e.maven.runtime_3.9.900.20240824-1409\jars\maven-resolver-transport-file-1.9.22.jar
2025-02-11 22:47:06,315 [Worker-37: Launching Executing test in D__OctBatchMicroservices_mvnpractise_Maven-App-02] INFO  o.eclipse.m2e.core.internal.Bundles - 	Entry: C:\Users\akash\.p2\pool\plugins\org.eclipse.m2e.maven.runtime_3.9.900.20240824-1409\jars\maven-resolver-transport-http-1.9.22.jar
2025-02-11 22:47:06,315 [Worker-37: Launching Executing test in D__OctBatchMicroservices_mvnpractise_Maven-App-02] INFO  o.eclipse.m2e.core.internal.Bundles - 	Entry: C:\Users\akash\.p2\pool\plugins\org.eclipse.m2e.maven.runtime_3.9.900.20240824-1409\jars\maven-resolver-transport-wagon-1.9.22.jar
2025-02-11 22:47:06,315 [Worker-37: Launching Executing test in D__OctBatchMicroservices_mvnpractise_Maven-App-02] INFO  o.eclipse.m2e.core.internal.Bundles - 	Entry: C:\Users\akash\.p2\pool\plugins\org.eclipse.m2e.maven.runtime_3.9.900.20240824-1409\jars\maven-resolver-util-1.9.22.jar
2025-02-11 22:47:06,316 [Worker-37: Launching Executing test in D__OctBatchMicroservices_mvnpractise_Maven-App-02] INFO  o.eclipse.m2e.core.internal.Bundles - 	Entry: C:\Users\akash\.p2\pool\plugins\org.eclipse.m2e.maven.runtime_3.9.900.20240824-1409\jars\maven-settings-3.9.9.jar
2025-02-11 22:47:06,316 [Worker-37: Launching Executing test in D__OctBatchMicroservices_mvnpractise_Maven-App-02] INFO  o.eclipse.m2e.core.internal.Bundles - 	Entry: C:\Users\akash\.p2\pool\plugins\org.eclipse.m2e.maven.runtime_3.9.900.20240824-1409\jars\maven-settings-builder-3.9.9.jar
2025-02-11 22:47:06,316 [Worker-37: Launching Executing test in D__OctBatchMicroservices_mvnpractise_Maven-App-02] INFO  o.eclipse.m2e.core.internal.Bundles - 	Entry: C:\Users\akash\.p2\pool\plugins\org.eclipse.m2e.maven.runtime_3.9.900.20240824-1409\jars\maven-shared-utils-3.4.2.jar
2025-02-11 22:47:06,316 [Worker-37: Launching Executing test in D__OctBatchMicroservices_mvnpractise_Maven-App-02] INFO  o.eclipse.m2e.core.internal.Bundles - 	Entry: C:\Users\akash\.p2\pool\plugins\org.eclipse.m2e.maven.runtime_3.9.900.20240824-1409\jars\org.eclipse.sisu.inject-0.9.0.M3.jar
2025-02-11 22:47:06,316 [Worker-37: Launching Executing test in D__OctBatchMicroservices_mvnpractise_Maven-App-02] INFO  o.eclipse.m2e.core.internal.Bundles - 	Entry: C:\Users\akash\.p2\pool\plugins\org.eclipse.m2e.maven.runtime_3.9.900.20240824-1409\jars\org.eclipse.sisu.plexus-0.9.0.M3.jar
2025-02-11 22:47:06,316 [Worker-37: Launching Executing test in D__OctBatchMicroservices_mvnpractise_Maven-App-02] INFO  o.eclipse.m2e.core.internal.Bundles - 	Entry: C:\Users\akash\.p2\pool\plugins\org.eclipse.m2e.maven.runtime_3.9.900.20240824-1409\jars\plexus-build-api-0.0.7.jar
2025-02-11 22:47:06,316 [Worker-37: Launching Executing test in D__OctBatchMicroservices_mvnpractise_Maven-App-02] INFO  o.eclipse.m2e.core.internal.Bundles - 	Entry: C:\Users\akash\.p2\pool\plugins\org.eclipse.m2e.maven.runtime_3.9.900.20240824-1409\jars\plexus-build-api-1.2.0.jar
2025-02-11 22:47:06,316 [Worker-37: Launching Executing test in D__OctBatchMicroservices_mvnpractise_Maven-App-02] INFO  o.eclipse.m2e.core.internal.Bundles - 	Entry: C:\Users\akash\.p2\pool\plugins\org.eclipse.m2e.maven.runtime_3.9.900.20240824-1409\jars\plexus-cipher-2.0.jar
2025-02-11 22:47:06,316 [Worker-37: Launching Executing test in D__OctBatchMicroservices_mvnpractise_Maven-App-02] INFO  o.eclipse.m2e.core.internal.Bundles - 	Entry: C:\Users\akash\.p2\pool\plugins\org.eclipse.m2e.maven.runtime_3.9.900.20240824-1409\jars\plexus-classworlds-2.8.0.jar
2025-02-11 22:47:06,316 [Worker-37: Launching Executing test in D__OctBatchMicroservices_mvnpractise_Maven-App-02] INFO  o.eclipse.m2e.core.internal.Bundles - 	Entry: C:\Users\akash\.p2\pool\plugins\org.eclipse.m2e.maven.runtime_3.9.900.20240824-1409\jars\plexus-component-annotations-2.1.0.jar
2025-02-11 22:47:06,317 [Worker-37: Launching Executing test in D__OctBatchMicroservices_mvnpractise_Maven-App-02] INFO  o.eclipse.m2e.core.internal.Bundles - 	Entry: C:\Users\akash\.p2\pool\plugins\org.eclipse.m2e.maven.runtime_3.9.900.20240824-1409\jars\plexus-interpolation-1.27.jar
2025-02-11 22:47:06,317 [Worker-37: Launching Executing test in D__OctBatchMicroservices_mvnpractise_Maven-App-02] INFO  o.eclipse.m2e.core.internal.Bundles - 	Entry: C:\Users\akash\.p2\pool\plugins\org.eclipse.m2e.maven.runtime_3.9.900.20240824-1409\jars\plexus-sec-dispatcher-2.0.jar
2025-02-11 22:47:06,317 [Worker-37: Launching Executing test in D__OctBatchMicroservices_mvnpractise_Maven-App-02] INFO  o.eclipse.m2e.core.internal.Bundles - 	Entry: C:\Users\akash\.p2\pool\plugins\org.eclipse.m2e.maven.runtime_3.9.900.20240824-1409\jars\plexus-utils-3.5.1.jar
2025-02-11 22:47:06,317 [Worker-37: Launching Executing test in D__OctBatchMicroservices_mvnpractise_Maven-App-02] INFO  o.eclipse.m2e.core.internal.Bundles - 	Entry: C:\Users\akash\.p2\pool\plugins\org.eclipse.m2e.maven.runtime_3.9.900.20240824-1409\jars\plexus-xml-3.0.1.jar
2025-02-11 22:47:06,317 [Worker-37: Launching Executing test in D__OctBatchMicroservices_mvnpractise_Maven-App-02] INFO  o.eclipse.m2e.core.internal.Bundles - 	Entry: C:\Users\akash\.p2\pool\plugins\org.eclipse.m2e.maven.runtime_3.9.900.20240824-1409\jars\wagon-file-3.5.3.jar
2025-02-11 22:47:06,317 [Worker-37: Launching Executing test in D__OctBatchMicroservices_mvnpractise_Maven-App-02] INFO  o.eclipse.m2e.core.internal.Bundles - 	Entry: C:\Users\akash\.p2\pool\plugins\org.eclipse.m2e.maven.runtime_3.9.900.20240824-1409\jars\wagon-http-3.5.3.jar
2025-02-11 22:47:06,317 [Worker-37: Launching Executing test in D__OctBatchMicroservices_mvnpractise_Maven-App-02] INFO  o.eclipse.m2e.core.internal.Bundles - 	Entry: C:\Users\akash\.p2\pool\plugins\org.eclipse.m2e.maven.runtime_3.9.900.20240824-1409\jars\wagon-http-shared-3.5.3.jar
2025-02-11 22:47:06,317 [Worker-37: Launching Executing test in D__OctBatchMicroservices_mvnpractise_Maven-App-02] INFO  o.eclipse.m2e.core.internal.Bundles - 	Entry: C:\Users\akash\.p2\pool\plugins\org.eclipse.m2e.maven.runtime_3.9.900.20240824-1409\jars\wagon-provider-api-3.5.3.jar
2025-02-11 22:47:06,318 [Worker-37: Launching Executing test in D__OctBatchMicroservices_mvnpractise_Maven-App-02] INFO  o.eclipse.m2e.core.internal.Bundles - getClasspathEntries(Bundle=com.google.guava_33.3.0.jre [16])
2025-02-11 22:47:06,318 [Worker-37: Launching Executing test in D__OctBatchMicroservices_mvnpractise_Maven-App-02] INFO  o.eclipse.m2e.core.internal.Bundles - 	Entry: C:\Users\akash\.p2\pool\plugins\com.google.guava_33.3.0.jre.jar
2025-02-11 22:47:06,318 [Worker-37: Launching Executing test in D__OctBatchMicroservices_mvnpractise_Maven-App-02] INFO  o.eclipse.m2e.core.internal.Bundles - getClasspathEntries(Bundle=slf4j.api_2.0.16 [1005])
2025-02-11 22:47:06,318 [Worker-37: Launching Executing test in D__OctBatchMicroservices_mvnpractise_Maven-App-02] INFO  o.eclipse.m2e.core.internal.Bundles - 	Entry: C:\Users\akash\.p2\pool\plugins\slf4j.api_2.0.16.jar
2025-02-11 22:47:06,318 [Worker-37: Launching Executing test in D__OctBatchMicroservices_mvnpractise_Maven-App-02] INFO  o.eclipse.m2e.core.internal.Bundles - getClasspathEntries(Bundle=jakarta.inject.jakarta.inject-api_1.0.5 [34])
2025-02-11 22:47:06,319 [Worker-37: Launching Executing test in D__OctBatchMicroservices_mvnpractise_Maven-App-02] INFO  o.eclipse.m2e.core.internal.Bundles - 	Entry: C:\Users\akash\.p2\pool\plugins\jakarta.inject.jakarta.inject-api_1.0.5.jar
2025-02-11 22:47:06,319 [Worker-37: Launching Executing test in D__OctBatchMicroservices_mvnpractise_Maven-App-02] INFO  o.eclipse.m2e.core.internal.Bundles - getClasspathEntries(Bundle=jakarta.annotation-api_1.3.5 [29])
2025-02-11 22:47:06,319 [Worker-37: Launching Executing test in D__OctBatchMicroservices_mvnpractise_Maven-App-02] INFO  o.eclipse.m2e.core.internal.Bundles - 	Entry: C:\Users\akash\.p2\pool\plugins\jakarta.annotation-api_1.3.5.jar
2025-02-11 22:47:06,319 [Worker-37: Launching Executing test in D__OctBatchMicroservices_mvnpractise_Maven-App-02] INFO  o.eclipse.m2e.core.internal.Bundles - getClasspathEntries(Bundle=org.apache.commons.cli_1.9.0 [78])
2025-02-11 22:47:06,319 [Worker-37: Launching Executing test in D__OctBatchMicroservices_mvnpractise_Maven-App-02] INFO  o.eclipse.m2e.core.internal.Bundles - 	Entry: C:\Users\akash\.p2\pool\plugins\org.apache.commons.cli_1.9.0.jar
2025-02-11 22:47:06,319 [Worker-37: Launching Executing test in D__OctBatchMicroservices_mvnpractise_Maven-App-02] INFO  o.eclipse.m2e.core.internal.Bundles - getClasspathEntries(Bundle=org.apache.commons.commons-codec_1.16.0 [81])
2025-02-11 22:47:06,319 [Worker-37: Launching Executing test in D__OctBatchMicroservices_mvnpractise_Maven-App-02] INFO  o.eclipse.m2e.core.internal.Bundles - 	Entry: C:\Users\akash\.p2\pool\plugins\org.apache.commons.commons-codec_1.16.0.jar
2025-02-11 22:47:06,319 [Worker-37: Launching Executing test in D__OctBatchMicroservices_mvnpractise_Maven-App-02] INFO  o.eclipse.m2e.core.internal.Bundles - getClasspathEntries(Bundle=com.google.guava.failureaccess_1.0.2 [17])
2025-02-11 22:47:06,320 [Worker-37: Launching Executing test in D__OctBatchMicroservices_mvnpractise_Maven-App-02] INFO  o.eclipse.m2e.core.internal.Bundles - 	Entry: C:\Users\akash\.p2\pool\plugins\com.google.guava.failureaccess_1.0.2.jar
2025-02-11 22:47:06,323 [Worker-37: Launching Executing test in D__OctBatchMicroservices_mvnpractise_Maven-App-02] INFO  o.e.m.i.launch.MavenLaunchDelegate - Run build in "D:\OctBatchMicroservices\mvnpractise\Maven-App-02":
2025-02-11 22:47:06,324 [Worker-37: Launching Executing test in D__OctBatchMicroservices_mvnpractise_Maven-App-02] INFO  o.e.m.i.launch.MavenLaunchDelegate -  mvn  -B -Dstyle.color=always test
2025-02-11 22:49:05,779 [Worker-41: Building] WARN  o.a.m.s.f.DefaultMavenResourcesFiltering - Using platform encoding (UTF-8 actually) to copy filtered resources, i.e. build is platform dependent!
2025-02-11 22:49:05,780 [Worker-41: Building] INFO  o.a.m.s.f.DefaultMavenResourcesFiltering - skip non existing resourceDirectory D:\OctBatchMicroservices\mvnpractise\Maven-App-02\src\main\resources
2025-02-11 22:49:05,784 [Worker-41: Building] WARN  o.a.m.s.f.DefaultMavenResourcesFiltering - Using platform encoding (UTF-8 actually) to copy filtered resources, i.e. build is platform dependent!
2025-02-11 22:49:05,785 [Worker-41: Building] INFO  o.a.m.s.f.DefaultMavenResourcesFiltering - skip non existing resourceDirectory D:\OctBatchMicroservices\mvnpractise\Maven-App-02\src\test\resources
2025-02-11 22:54:26,909 [Worker-43: Launching MainApp (1)] INFO  o.e.m.c.i.l.LifecycleMappingFactory - Using org.eclipse.m2e.jdt.JarLifecycleMapping lifecycle mapping for MavenProject: pwskills:03-JDBC-Maven-App:1.0 @ D:\OctBatchMicroservices\mvnpractise\Maven-JDBC-App-03\pom.xml.
2025-02-11 22:54:26,924 [Worker-43: Launching MainApp (1)] INFO  o.e.m.c.i.p.WorkspaceClassifierResolverManager - Resolving P/Maven-App-02: pwskills:02-Maven-App:1.4 with classifier  to /Maven-App-02/target/classes
2025-02-11 22:54:26,940 [Worker-43: Launching MainApp (1)] WARN  o.a.m.s.f.DefaultMavenResourcesFiltering - Using platform encoding (UTF-8 actually) to copy filtered resources, i.e. build is platform dependent!
2025-02-11 22:54:26,941 [Worker-43: Launching MainApp (1)] INFO  o.a.m.s.f.DefaultMavenResourcesFiltering - skip non existing resourceDirectory D:\OctBatchMicroservices\mvnpractise\Maven-JDBC-App-03\src\main\resources
2025-02-11 22:54:26,942 [Worker-43: Launching MainApp (1)] WARN  o.a.m.s.f.DefaultMavenResourcesFiltering - Using platform encoding (UTF-8 actually) to copy filtered resources, i.e. build is platform dependent!
2025-02-11 22:54:26,943 [Worker-43: Launching MainApp (1)] INFO  o.a.m.s.f.DefaultMavenResourcesFiltering - skip non existing resourceDirectory D:\OctBatchMicroservices\mvnpractise\Maven-JDBC-App-03\src\test\resources
2025-02-11 22:54:26,959 [Worker-43: Launching MainApp (1)] INFO  o.e.m.c.i.p.WorkspaceClassifierResolverManager - Resolving P/Maven-App-02: pwskills:02-Maven-App:1.4 with classifier null to /Maven-App-02/target/classes
2025-02-11 22:54:26,962 [Worker-43: Launching MainApp (1)] INFO  o.e.m.c.i.p.WorkspaceClassifierResolverManager - Resolving P/Maven-App-02: pwskills:02-Maven-App:1.4 with classifier null to /Maven-App-02/target/classes
2025-02-11 22:54:26,965 [Worker-43: Launching MainApp (1)] INFO  o.e.m.c.i.p.WorkspaceClassifierResolverManager - Resolving P/Maven-App-02: pwskills:02-Maven-App:1.4 with classifier null to /Maven-App-02/target/classes
2025-02-11 22:59:26,585 [Worker-48: Building] WARN  o.a.m.s.f.DefaultMavenResourcesFiltering - Using platform encoding (UTF-8 actually) to copy filtered resources, i.e. build is platform dependent!
2025-02-11 22:59:26,614 [Worker-48: Building] INFO  o.a.m.s.f.DefaultMavenResourcesFiltering - Copying 0 resource from src\main\resources to target\classes
2025-02-11 22:59:26,618 [Worker-48: Building] WARN  o.a.m.s.f.DefaultMavenResourcesFiltering - Using platform encoding (UTF-8 actually) to copy filtered resources, i.e. build is platform dependent!
2025-02-11 22:59:26,619 [Worker-48: Building] INFO  o.a.m.s.f.DefaultMavenResourcesFiltering - skip non existing resourceDirectory D:\OctBatchMicroservices\mvnpractise\Maven-webApp-04\src\test\resources
2025-02-12 10:03:48,689 [Worker-2: Loading available Gradle versions] INFO  o.e.b.c.i.u.g.PublishedGradleVersions - Gradle version information cache is up-to-date. Trying to read.
2025-02-12 10:29:44,286 [ModalContext] INFO  o.e.m.c.i.e.AbstractTransferListenerAdapter - Downloading https://repo.maven.apache.org/maven2/org/apache/maven/archetypes/maven-archetype-quickstart/1.5/maven-archetype-quickstart-1.5.pom
2025-02-12 10:29:44,333 [ModalContext] INFO  o.e.m.c.i.e.AbstractTransferListenerAdapter - Downloaded https://repo.maven.apache.org/maven2/org/apache/maven/archetypes/maven-archetype-quickstart/1.5/maven-archetype-quickstart-1.5.pom
2025-02-12 10:29:44,404 [ModalContext] INFO  o.e.m.c.i.e.AbstractTransferListenerAdapter - Downloading https://repo.maven.apache.org/maven2/org/apache/maven/archetypes/maven-archetype-bundles/1.5/maven-archetype-bundles-1.5.pom
2025-02-12 10:29:44,416 [ModalContext] INFO  o.e.m.c.i.e.AbstractTransferListenerAdapter - Downloaded https://repo.maven.apache.org/maven2/org/apache/maven/archetypes/maven-archetype-bundles/1.5/maven-archetype-bundles-1.5.pom
2025-02-12 10:29:44,540 [ModalContext] INFO  o.e.m.c.i.e.AbstractTransferListenerAdapter - Downloading https://repo.maven.apache.org/maven2/org/apache/maven/archetypes/maven-archetype-quickstart/1.5/maven-archetype-quickstart-1.5.jar
2025-02-12 10:29:44,567 [ModalContext] INFO  o.e.m.c.i.e.AbstractTransferListenerAdapter - Downloaded https://repo.maven.apache.org/maven2/org/apache/maven/archetypes/maven-archetype-quickstart/1.5/maven-archetype-quickstart-1.5.jar
2025-02-12 10:30:49,304 [Worker-31: Launching mavenrun-749280c6-7a2f-4255-b74c-fa70808e863f] INFO  o.eclipse.m2e.core.internal.Bundles - getClasspathEntries(Bundle=org.eclipse.m2e.maven.runtime_3.9.900.20240824-1409 [640])
2025-02-12 10:30:49,306 [Worker-31: Launching mavenrun-749280c6-7a2f-4255-b74c-fa70808e863f] INFO  o.eclipse.m2e.core.internal.Bundles - 	Entry: C:\Users\akash\.p2\pool\plugins\org.eclipse.m2e.maven.runtime_3.9.900.20240824-1409
2025-02-12 10:30:49,306 [Worker-31: Launching mavenrun-749280c6-7a2f-4255-b74c-fa70808e863f] INFO  o.eclipse.m2e.core.internal.Bundles - 	Entry: C:\Users\akash\.p2\pool\plugins\org.eclipse.m2e.maven.runtime_3.9.900.20240824-1409\jars\aopalliance-1.0.jar
2025-02-12 10:30:49,306 [Worker-31: Launching mavenrun-749280c6-7a2f-4255-b74c-fa70808e863f] INFO  o.eclipse.m2e.core.internal.Bundles - 	Entry: C:\Users\akash\.p2\pool\plugins\org.eclipse.m2e.maven.runtime_3.9.900.20240824-1409\jars\guice-5.1.0.jar
2025-02-12 10:30:49,306 [Worker-31: Launching mavenrun-749280c6-7a2f-4255-b74c-fa70808e863f] INFO  o.eclipse.m2e.core.internal.Bundles - 	Entry: C:\Users\akash\.p2\pool\plugins\org.eclipse.m2e.maven.runtime_3.9.900.20240824-1409\jars\httpclient-4.5.14.jar
2025-02-12 10:30:49,306 [Worker-31: Launching mavenrun-749280c6-7a2f-4255-b74c-fa70808e863f] INFO  o.eclipse.m2e.core.internal.Bundles - 	Entry: C:\Users\akash\.p2\pool\plugins\org.eclipse.m2e.maven.runtime_3.9.900.20240824-1409\jars\httpcore-4.4.16.jar
2025-02-12 10:30:49,306 [Worker-31: Launching mavenrun-749280c6-7a2f-4255-b74c-fa70808e863f] INFO  o.eclipse.m2e.core.internal.Bundles - 	Entry: C:\Users\akash\.p2\pool\plugins\org.eclipse.m2e.maven.runtime_3.9.900.20240824-1409\jars\jansi-2.4.1.jar
2025-02-12 10:30:49,306 [Worker-31: Launching mavenrun-749280c6-7a2f-4255-b74c-fa70808e863f] INFO  o.eclipse.m2e.core.internal.Bundles - 	Entry: C:\Users\akash\.p2\pool\plugins\org.eclipse.m2e.maven.runtime_3.9.900.20240824-1409\jars\jcl-over-slf4j-1.7.36.jar
2025-02-12 10:30:49,306 [Worker-31: Launching mavenrun-749280c6-7a2f-4255-b74c-fa70808e863f] INFO  o.eclipse.m2e.core.internal.Bundles - 	Entry: C:\Users\akash\.p2\pool\plugins\org.eclipse.m2e.maven.runtime_3.9.900.20240824-1409\jars\maven-artifact-3.9.9.jar
2025-02-12 10:30:49,306 [Worker-31: Launching mavenrun-749280c6-7a2f-4255-b74c-fa70808e863f] INFO  o.eclipse.m2e.core.internal.Bundles - 	Entry: C:\Users\akash\.p2\pool\plugins\org.eclipse.m2e.maven.runtime_3.9.900.20240824-1409\jars\maven-builder-support-3.9.9.jar
2025-02-12 10:30:49,306 [Worker-31: Launching mavenrun-749280c6-7a2f-4255-b74c-fa70808e863f] INFO  o.eclipse.m2e.core.internal.Bundles - 	Entry: C:\Users\akash\.p2\pool\plugins\org.eclipse.m2e.maven.runtime_3.9.900.20240824-1409\jars\maven-compat-3.9.9.jar
2025-02-12 10:30:49,306 [Worker-31: Launching mavenrun-749280c6-7a2f-4255-b74c-fa70808e863f] INFO  o.eclipse.m2e.core.internal.Bundles - 	Entry: C:\Users\akash\.p2\pool\plugins\org.eclipse.m2e.maven.runtime_3.9.900.20240824-1409\jars\maven-core-3.9.9.jar
2025-02-12 10:30:49,306 [Worker-31: Launching mavenrun-749280c6-7a2f-4255-b74c-fa70808e863f] INFO  o.eclipse.m2e.core.internal.Bundles - 	Entry: C:\Users\akash\.p2\pool\plugins\org.eclipse.m2e.maven.runtime_3.9.900.20240824-1409\jars\maven-embedder-3.9.9.jar
2025-02-12 10:30:49,308 [Worker-31: Launching mavenrun-749280c6-7a2f-4255-b74c-fa70808e863f] INFO  o.eclipse.m2e.core.internal.Bundles - 	Entry: C:\Users\akash\.p2\pool\plugins\org.eclipse.m2e.maven.runtime_3.9.900.20240824-1409\jars\maven-model-3.9.9.jar
2025-02-12 10:30:49,308 [Worker-31: Launching mavenrun-749280c6-7a2f-4255-b74c-fa70808e863f] INFO  o.eclipse.m2e.core.internal.Bundles - 	Entry: C:\Users\akash\.p2\pool\plugins\org.eclipse.m2e.maven.runtime_3.9.900.20240824-1409\jars\maven-model-builder-3.9.9.jar
2025-02-12 10:30:49,308 [Worker-31: Launching mavenrun-749280c6-7a2f-4255-b74c-fa70808e863f] INFO  o.eclipse.m2e.core.internal.Bundles - 	Entry: C:\Users\akash\.p2\pool\plugins\org.eclipse.m2e.maven.runtime_3.9.900.20240824-1409\jars\maven-plugin-api-3.9.9.jar
2025-02-12 10:30:49,308 [Worker-31: Launching mavenrun-749280c6-7a2f-4255-b74c-fa70808e863f] INFO  o.eclipse.m2e.core.internal.Bundles - 	Entry: C:\Users\akash\.p2\pool\plugins\org.eclipse.m2e.maven.runtime_3.9.900.20240824-1409\jars\maven-repository-metadata-3.9.9.jar
2025-02-12 10:30:49,308 [Worker-31: Launching mavenrun-749280c6-7a2f-4255-b74c-fa70808e863f] INFO  o.eclipse.m2e.core.internal.Bundles - 	Entry: C:\Users\akash\.p2\pool\plugins\org.eclipse.m2e.maven.runtime_3.9.900.20240824-1409\jars\maven-resolver-api-1.9.22.jar
2025-02-12 10:30:49,308 [Worker-31: Launching mavenrun-749280c6-7a2f-4255-b74c-fa70808e863f] INFO  o.eclipse.m2e.core.internal.Bundles - 	Entry: C:\Users\akash\.p2\pool\plugins\org.eclipse.m2e.maven.runtime_3.9.900.20240824-1409\jars\maven-resolver-connector-basic-1.9.22.jar
2025-02-12 10:30:49,308 [Worker-31: Launching mavenrun-749280c6-7a2f-4255-b74c-fa70808e863f] INFO  o.eclipse.m2e.core.internal.Bundles - 	Entry: C:\Users\akash\.p2\pool\plugins\org.eclipse.m2e.maven.runtime_3.9.900.20240824-1409\jars\maven-resolver-impl-1.9.22.jar
2025-02-12 10:30:49,308 [Worker-31: Launching mavenrun-749280c6-7a2f-4255-b74c-fa70808e863f] INFO  o.eclipse.m2e.core.internal.Bundles - 	Entry: C:\Users\akash\.p2\pool\plugins\org.eclipse.m2e.maven.runtime_3.9.900.20240824-1409\jars\maven-resolver-named-locks-1.9.22.jar
2025-02-12 10:30:49,308 [Worker-31: Launching mavenrun-749280c6-7a2f-4255-b74c-fa70808e863f] INFO  o.eclipse.m2e.core.internal.Bundles - 	Entry: C:\Users\akash\.p2\pool\plugins\org.eclipse.m2e.maven.runtime_3.9.900.20240824-1409\jars\maven-resolver-provider-3.9.9.jar
2025-02-12 10:30:49,308 [Worker-31: Launching mavenrun-749280c6-7a2f-4255-b74c-fa70808e863f] INFO  o.eclipse.m2e.core.internal.Bundles - 	Entry: C:\Users\akash\.p2\pool\plugins\org.eclipse.m2e.maven.runtime_3.9.900.20240824-1409\jars\maven-resolver-spi-1.9.22.jar
2025-02-12 10:30:49,308 [Worker-31: Launching mavenrun-749280c6-7a2f-4255-b74c-fa70808e863f] INFO  o.eclipse.m2e.core.internal.Bundles - 	Entry: C:\Users\akash\.p2\pool\plugins\org.eclipse.m2e.maven.runtime_3.9.900.20240824-1409\jars\maven-resolver-transport-file-1.9.22.jar
2025-02-12 10:30:49,308 [Worker-31: Launching mavenrun-749280c6-7a2f-4255-b74c-fa70808e863f] INFO  o.eclipse.m2e.core.internal.Bundles - 	Entry: C:\Users\akash\.p2\pool\plugins\org.eclipse.m2e.maven.runtime_3.9.900.20240824-1409\jars\maven-resolver-transport-http-1.9.22.jar
2025-02-12 10:30:49,308 [Worker-31: Launching mavenrun-749280c6-7a2f-4255-b74c-fa70808e863f] INFO  o.eclipse.m2e.core.internal.Bundles - 	Entry: C:\Users\akash\.p2\pool\plugins\org.eclipse.m2e.maven.runtime_3.9.900.20240824-1409\jars\maven-resolver-transport-wagon-1.9.22.jar
2025-02-12 10:30:49,308 [Worker-31: Launching mavenrun-749280c6-7a2f-4255-b74c-fa70808e863f] INFO  o.eclipse.m2e.core.internal.Bundles - 	Entry: C:\Users\akash\.p2\pool\plugins\org.eclipse.m2e.maven.runtime_3.9.900.20240824-1409\jars\maven-resolver-util-1.9.22.jar
2025-02-12 10:30:49,308 [Worker-31: Launching mavenrun-749280c6-7a2f-4255-b74c-fa70808e863f] INFO  o.eclipse.m2e.core.internal.Bundles - 	Entry: C:\Users\akash\.p2\pool\plugins\org.eclipse.m2e.maven.runtime_3.9.900.20240824-1409\jars\maven-settings-3.9.9.jar
2025-02-12 10:30:49,309 [Worker-31: Launching mavenrun-749280c6-7a2f-4255-b74c-fa70808e863f] INFO  o.eclipse.m2e.core.internal.Bundles - 	Entry: C:\Users\akash\.p2\pool\plugins\org.eclipse.m2e.maven.runtime_3.9.900.20240824-1409\jars\maven-settings-builder-3.9.9.jar
2025-02-12 10:30:49,309 [Worker-31: Launching mavenrun-749280c6-7a2f-4255-b74c-fa70808e863f] INFO  o.eclipse.m2e.core.internal.Bundles - 	Entry: C:\Users\akash\.p2\pool\plugins\org.eclipse.m2e.maven.runtime_3.9.900.20240824-1409\jars\maven-shared-utils-3.4.2.jar
2025-02-12 10:30:49,309 [Worker-31: Launching mavenrun-749280c6-7a2f-4255-b74c-fa70808e863f] INFO  o.eclipse.m2e.core.internal.Bundles - 	Entry: C:\Users\akash\.p2\pool\plugins\org.eclipse.m2e.maven.runtime_3.9.900.20240824-1409\jars\org.eclipse.sisu.inject-0.9.0.M3.jar
2025-02-12 10:30:49,309 [Worker-31: Launching mavenrun-749280c6-7a2f-4255-b74c-fa70808e863f] INFO  o.eclipse.m2e.core.internal.Bundles - 	Entry: C:\Users\akash\.p2\pool\plugins\org.eclipse.m2e.maven.runtime_3.9.900.20240824-1409\jars\org.eclipse.sisu.plexus-0.9.0.M3.jar
2025-02-12 10:30:49,309 [Worker-31: Launching mavenrun-749280c6-7a2f-4255-b74c-fa70808e863f] INFO  o.eclipse.m2e.core.internal.Bundles - 	Entry: C:\Users\akash\.p2\pool\plugins\org.eclipse.m2e.maven.runtime_3.9.900.20240824-1409\jars\plexus-build-api-0.0.7.jar
2025-02-12 10:30:49,309 [Worker-31: Launching mavenrun-749280c6-7a2f-4255-b74c-fa70808e863f] INFO  o.eclipse.m2e.core.internal.Bundles - 	Entry: C:\Users\akash\.p2\pool\plugins\org.eclipse.m2e.maven.runtime_3.9.900.20240824-1409\jars\plexus-build-api-1.2.0.jar
2025-02-12 10:30:49,309 [Worker-31: Launching mavenrun-749280c6-7a2f-4255-b74c-fa70808e863f] INFO  o.eclipse.m2e.core.internal.Bundles - 	Entry: C:\Users\akash\.p2\pool\plugins\org.eclipse.m2e.maven.runtime_3.9.900.20240824-1409\jars\plexus-cipher-2.0.jar
2025-02-12 10:30:49,309 [Worker-31: Launching mavenrun-749280c6-7a2f-4255-b74c-fa70808e863f] INFO  o.eclipse.m2e.core.internal.Bundles - 	Entry: C:\Users\akash\.p2\pool\plugins\org.eclipse.m2e.maven.runtime_3.9.900.20240824-1409\jars\plexus-classworlds-2.8.0.jar
2025-02-12 10:30:49,309 [Worker-31: Launching mavenrun-749280c6-7a2f-4255-b74c-fa70808e863f] INFO  o.eclipse.m2e.core.internal.Bundles - 	Entry: C:\Users\akash\.p2\pool\plugins\org.eclipse.m2e.maven.runtime_3.9.900.20240824-1409\jars\plexus-component-annotations-2.1.0.jar
2025-02-12 10:30:49,310 [Worker-31: Launching mavenrun-749280c6-7a2f-4255-b74c-fa70808e863f] INFO  o.eclipse.m2e.core.internal.Bundles - 	Entry: C:\Users\akash\.p2\pool\plugins\org.eclipse.m2e.maven.runtime_3.9.900.20240824-1409\jars\plexus-interpolation-1.27.jar
2025-02-12 10:30:49,310 [Worker-31: Launching mavenrun-749280c6-7a2f-4255-b74c-fa70808e863f] INFO  o.eclipse.m2e.core.internal.Bundles - 	Entry: C:\Users\akash\.p2\pool\plugins\org.eclipse.m2e.maven.runtime_3.9.900.20240824-1409\jars\plexus-sec-dispatcher-2.0.jar
2025-02-12 10:30:49,310 [Worker-31: Launching mavenrun-749280c6-7a2f-4255-b74c-fa70808e863f] INFO  o.eclipse.m2e.core.internal.Bundles - 	Entry: C:\Users\akash\.p2\pool\plugins\org.eclipse.m2e.maven.runtime_3.9.900.20240824-1409\jars\plexus-utils-3.5.1.jar
2025-02-12 10:30:49,310 [Worker-31: Launching mavenrun-749280c6-7a2f-4255-b74c-fa70808e863f] INFO  o.eclipse.m2e.core.internal.Bundles - 	Entry: C:\Users\akash\.p2\pool\plugins\org.eclipse.m2e.maven.runtime_3.9.900.20240824-1409\jars\plexus-xml-3.0.1.jar
2025-02-12 10:30:49,310 [Worker-31: Launching mavenrun-749280c6-7a2f-4255-b74c-fa70808e863f] INFO  o.eclipse.m2e.core.internal.Bundles - 	Entry: C:\Users\akash\.p2\pool\plugins\org.eclipse.m2e.maven.runtime_3.9.900.20240824-1409\jars\wagon-file-3.5.3.jar
2025-02-12 10:30:49,310 [Worker-31: Launching mavenrun-749280c6-7a2f-4255-b74c-fa70808e863f] INFO  o.eclipse.m2e.core.internal.Bundles - 	Entry: C:\Users\akash\.p2\pool\plugins\org.eclipse.m2e.maven.runtime_3.9.900.20240824-1409\jars\wagon-http-3.5.3.jar
2025-02-12 10:30:49,310 [Worker-31: Launching mavenrun-749280c6-7a2f-4255-b74c-fa70808e863f] INFO  o.eclipse.m2e.core.internal.Bundles - 	Entry: C:\Users\akash\.p2\pool\plugins\org.eclipse.m2e.maven.runtime_3.9.900.20240824-1409\jars\wagon-http-shared-3.5.3.jar
2025-02-12 10:30:49,310 [Worker-31: Launching mavenrun-749280c6-7a2f-4255-b74c-fa70808e863f] INFO  o.eclipse.m2e.core.internal.Bundles - 	Entry: C:\Users\akash\.p2\pool\plugins\org.eclipse.m2e.maven.runtime_3.9.900.20240824-1409\jars\wagon-provider-api-3.5.3.jar
2025-02-12 10:30:49,311 [Worker-31: Launching mavenrun-749280c6-7a2f-4255-b74c-fa70808e863f] INFO  o.eclipse.m2e.core.internal.Bundles - getClasspathEntries(Bundle=com.google.guava_33.3.0.jre [16])
2025-02-12 10:30:49,311 [Worker-31: Launching mavenrun-749280c6-7a2f-4255-b74c-fa70808e863f] INFO  o.eclipse.m2e.core.internal.Bundles - 	Entry: C:\Users\akash\.p2\pool\plugins\com.google.guava_33.3.0.jre.jar
2025-02-12 10:30:49,311 [Worker-31: Launching mavenrun-749280c6-7a2f-4255-b74c-fa70808e863f] INFO  o.eclipse.m2e.core.internal.Bundles - getClasspathEntries(Bundle=slf4j.api_2.0.16 [1005])
2025-02-12 10:30:49,311 [Worker-31: Launching mavenrun-749280c6-7a2f-4255-b74c-fa70808e863f] INFO  o.eclipse.m2e.core.internal.Bundles - 	Entry: C:\Users\akash\.p2\pool\plugins\slf4j.api_2.0.16.jar
2025-02-12 10:30:49,311 [Worker-31: Launching mavenrun-749280c6-7a2f-4255-b74c-fa70808e863f] INFO  o.eclipse.m2e.core.internal.Bundles - getClasspathEntries(Bundle=jakarta.inject.jakarta.inject-api_1.0.5 [34])
2025-02-12 10:30:49,311 [Worker-31: Launching mavenrun-749280c6-7a2f-4255-b74c-fa70808e863f] INFO  o.eclipse.m2e.core.internal.Bundles - 	Entry: C:\Users\akash\.p2\pool\plugins\jakarta.inject.jakarta.inject-api_1.0.5.jar
2025-02-12 10:30:49,311 [Worker-31: Launching mavenrun-749280c6-7a2f-4255-b74c-fa70808e863f] INFO  o.eclipse.m2e.core.internal.Bundles - getClasspathEntries(Bundle=jakarta.annotation-api_1.3.5 [29])
2025-02-12 10:30:49,312 [Worker-31: Launching mavenrun-749280c6-7a2f-4255-b74c-fa70808e863f] INFO  o.eclipse.m2e.core.internal.Bundles - 	Entry: C:\Users\akash\.p2\pool\plugins\jakarta.annotation-api_1.3.5.jar
2025-02-12 10:30:49,312 [Worker-31: Launching mavenrun-749280c6-7a2f-4255-b74c-fa70808e863f] INFO  o.eclipse.m2e.core.internal.Bundles - getClasspathEntries(Bundle=org.apache.commons.cli_1.9.0 [78])
2025-02-12 10:30:49,312 [Worker-31: Launching mavenrun-749280c6-7a2f-4255-b74c-fa70808e863f] INFO  o.eclipse.m2e.core.internal.Bundles - 	Entry: C:\Users\akash\.p2\pool\plugins\org.apache.commons.cli_1.9.0.jar
2025-02-12 10:30:49,312 [Worker-31: Launching mavenrun-749280c6-7a2f-4255-b74c-fa70808e863f] INFO  o.eclipse.m2e.core.internal.Bundles - getClasspathEntries(Bundle=org.apache.commons.commons-codec_1.16.0 [81])
2025-02-12 10:30:49,312 [Worker-31: Launching mavenrun-749280c6-7a2f-4255-b74c-fa70808e863f] INFO  o.eclipse.m2e.core.internal.Bundles - 	Entry: C:\Users\akash\.p2\pool\plugins\org.apache.commons.commons-codec_1.16.0.jar
2025-02-12 10:30:49,312 [Worker-31: Launching mavenrun-749280c6-7a2f-4255-b74c-fa70808e863f] INFO  o.eclipse.m2e.core.internal.Bundles - getClasspathEntries(Bundle=com.google.guava.failureaccess_1.0.2 [17])
2025-02-12 10:30:49,312 [Worker-31: Launching mavenrun-749280c6-7a2f-4255-b74c-fa70808e863f] INFO  o.eclipse.m2e.core.internal.Bundles - 	Entry: C:\Users\akash\.p2\pool\plugins\com.google.guava.failureaccess_1.0.2.jar
2025-02-12 10:30:49,316 [Worker-31: Launching mavenrun-749280c6-7a2f-4255-b74c-fa70808e863f] INFO  o.e.m.i.launch.MavenLaunchDelegate - Run build in "C:\Users\akash\AppData\Local\Temp\m2e-archetypeGenerator5629121824371948987":
2025-02-12 10:30:49,319 [Worker-31: Launching mavenrun-749280c6-7a2f-4255-b74c-fa70808e863f] INFO  o.e.m.i.launch.MavenLaunchDelegate -  mvn  -DjavaCompilerVersion=17 -DjunitVersion=5.11.0 -DarchetypeGroupId=org.apache.maven.archetypes -DarchetypeArtifactId=maven-archetype-quickstart -DarchetypeVersion=1.5 -DgroupId=pwskills -DartifactId=BaseProject -Dversion=0.0.1-SNAPSHOT -Dpackage=in.pwskills.akash.main -DoutputDirectory=D:\OctBatchMicroservices\mvnpractise -B -Dstyle.color=always -U archetype:generate
2025-02-12 10:31:16,331 [Worker-34: Creating maven-archetype-quickstart] INFO  o.e.m.c.i.p.ProjectConfigurationManager - Collecting project info '/pom.xml' D:\OctBatchMicroservices\mvnpractise\BaseProject\pom.xml
2025-02-12 10:31:16,728 [Worker-34: Creating maven-archetype-quickstart] INFO  o.e.m.c.i.e.AbstractTransferListenerAdapter - Downloading https://repo.maven.apache.org/maven2/org/apache/maven/plugins/maven-clean-plugin/3.4.0/maven-clean-plugin-3.4.0.jar
2025-02-12 10:31:16,752 [Worker-34: Creating maven-archetype-quickstart] INFO  o.e.m.c.i.e.AbstractTransferListenerAdapter - Downloaded https://repo.maven.apache.org/maven2/org/apache/maven/plugins/maven-clean-plugin/3.4.0/maven-clean-plugin-3.4.0.jar
2025-02-12 10:31:16,827 [Worker-34: Creating maven-archetype-quickstart] INFO  o.e.m.c.i.e.AbstractTransferListenerAdapter - Downloading https://repo.maven.apache.org/maven2/org/apache/maven/plugins/maven-surefire-plugin/3.3.0/maven-surefire-plugin-3.3.0.jar
2025-02-12 10:31:16,891 [Worker-34: Creating maven-archetype-quickstart] INFO  o.e.m.c.i.e.AbstractTransferListenerAdapter - Downloaded https://repo.maven.apache.org/maven2/org/apache/maven/plugins/maven-surefire-plugin/3.3.0/maven-surefire-plugin-3.3.0.jar
2025-02-12 10:31:16,957 [Worker-34: Creating maven-archetype-quickstart] INFO  o.e.m.c.i.e.AbstractTransferListenerAdapter - Downloading https://repo.maven.apache.org/maven2/org/apache/maven/plugins/maven-jar-plugin/3.4.2/maven-jar-plugin-3.4.2.jar
2025-02-12 10:31:16,967 [Worker-34: Creating maven-archetype-quickstart] INFO  o.e.m.c.i.e.AbstractTransferListenerAdapter - Downloaded https://repo.maven.apache.org/maven2/org/apache/maven/plugins/maven-jar-plugin/3.4.2/maven-jar-plugin-3.4.2.jar
2025-02-12 10:31:17,268 [Worker-34: Creating maven-archetype-quickstart] INFO  o.e.m.c.i.l.LifecycleMappingFactory - Using org.eclipse.m2e.jdt.JarLifecycleMapping lifecycle mapping for MavenProject: pwskills:BaseProject:0.0.1-SNAPSHOT @ D:\OctBatchMicroservices\mvnpractise\BaseProject\pom.xml.
2025-02-12 10:31:17,344 [Worker-34: Creating maven-archetype-quickstart] INFO  o.e.m.c.i.e.AbstractTransferListenerAdapter - Downloading https://repo.maven.apache.org/maven2/org/junit/jupiter/junit-jupiter-api/5.11.0/junit-jupiter-api-5.11.0.pom
2025-02-12 10:31:17,349 [Worker-34: Creating maven-archetype-quickstart] INFO  o.e.m.c.i.e.AbstractTransferListenerAdapter - Downloaded https://repo.maven.apache.org/maven2/org/junit/jupiter/junit-jupiter-api/5.11.0/junit-jupiter-api-5.11.0.pom
2025-02-12 10:31:17,401 [Worker-34: Creating maven-archetype-quickstart] INFO  o.e.m.c.i.e.AbstractTransferListenerAdapter - Downloading https://repo.maven.apache.org/maven2/org/opentest4j/opentest4j/1.3.0/opentest4j-1.3.0.pom
2025-02-12 10:31:17,404 [Worker-34: Creating maven-archetype-quickstart] INFO  o.e.m.c.i.e.AbstractTransferListenerAdapter - Downloaded https://repo.maven.apache.org/maven2/org/opentest4j/opentest4j/1.3.0/opentest4j-1.3.0.pom
2025-02-12 10:31:17,545 [Worker-34: Creating maven-archetype-quickstart] INFO  o.e.m.c.i.e.AbstractTransferListenerAdapter - Downloading https://repo.maven.apache.org/maven2/org/junit/platform/junit-platform-commons/1.11.0/junit-platform-commons-1.11.0.pom
2025-02-12 10:31:17,550 [Worker-34: Creating maven-archetype-quickstart] INFO  o.e.m.c.i.e.AbstractTransferListenerAdapter - Downloaded https://repo.maven.apache.org/maven2/org/junit/platform/junit-platform-commons/1.11.0/junit-platform-commons-1.11.0.pom
2025-02-12 10:31:17,579 [Worker-34: Creating maven-archetype-quickstart] INFO  o.e.m.c.i.e.AbstractTransferListenerAdapter - Downloading https://repo.maven.apache.org/maven2/org/apiguardian/apiguardian-api/1.1.2/apiguardian-api-1.1.2.pom
2025-02-12 10:31:17,583 [Worker-34: Creating maven-archetype-quickstart] INFO  o.e.m.c.i.e.AbstractTransferListenerAdapter - Downloaded https://repo.maven.apache.org/maven2/org/apiguardian/apiguardian-api/1.1.2/apiguardian-api-1.1.2.pom
2025-02-12 10:31:17,639 [Worker-34: Creating maven-archetype-quickstart] INFO  o.e.m.c.i.e.AbstractTransferListenerAdapter - Downloading https://repo.maven.apache.org/maven2/org/junit/jupiter/junit-jupiter-params/5.11.0/junit-jupiter-params-5.11.0.pom
2025-02-12 10:31:17,642 [Worker-34: Creating maven-archetype-quickstart] INFO  o.e.m.c.i.e.AbstractTransferListenerAdapter - Downloaded https://repo.maven.apache.org/maven2/org/junit/jupiter/junit-jupiter-params/5.11.0/junit-jupiter-params-5.11.0.pom
2025-02-12 10:31:17,692 [Worker-34: Creating maven-archetype-quickstart] INFO  o.e.m.c.i.e.AbstractTransferListenerAdapter - Downloading https://repo.maven.apache.org/maven2/org/junit/jupiter/junit-jupiter-api/5.11.0/junit-jupiter-api-5.11.0.jar
2025-02-12 10:31:17,779 [Worker-34: Creating maven-archetype-quickstart] INFO  o.e.m.c.i.e.AbstractTransferListenerAdapter - Downloaded https://repo.maven.apache.org/maven2/org/junit/jupiter/junit-jupiter-api/5.11.0/junit-jupiter-api-5.11.0.jar
2025-02-12 10:31:17,836 [BasicRepositoryConnector-repo.maven.apache.org-0-1] INFO  o.e.m.c.i.e.AbstractTransferListenerAdapter - Downloading https://repo.maven.apache.org/maven2/org/junit/platform/junit-platform-commons/1.11.0/junit-platform-commons-1.11.0.jar
2025-02-12 10:31:18,010 [BasicRepositoryConnector-repo.maven.apache.org-0-1] INFO  o.e.m.c.i.e.AbstractTransferListenerAdapter - Downloaded https://repo.maven.apache.org/maven2/org/junit/platform/junit-platform-commons/1.11.0/junit-platform-commons-1.11.0.jar
2025-02-12 10:31:18,051 [BasicRepositoryConnector-repo.maven.apache.org-0-3] INFO  o.e.m.c.i.e.AbstractTransferListenerAdapter - Downloading https://repo.maven.apache.org/maven2/org/junit/jupiter/junit-jupiter-params/5.11.0/junit-jupiter-params-5.11.0.jar
2025-02-12 10:31:18,051 [BasicRepositoryConnector-repo.maven.apache.org-0-0] INFO  o.e.m.c.i.e.AbstractTransferListenerAdapter - Downloading https://repo.maven.apache.org/maven2/org/opentest4j/opentest4j/1.3.0/opentest4j-1.3.0.jar
2025-02-12 10:31:18,051 [BasicRepositoryConnector-repo.maven.apache.org-0-2] INFO  o.e.m.c.i.e.AbstractTransferListenerAdapter - Downloading https://repo.maven.apache.org/maven2/org/apiguardian/apiguardian-api/1.1.2/apiguardian-api-1.1.2.jar
2025-02-12 10:31:18,056 [BasicRepositoryConnector-repo.maven.apache.org-0-0] INFO  o.e.m.c.i.e.AbstractTransferListenerAdapter - Downloaded https://repo.maven.apache.org/maven2/org/opentest4j/opentest4j/1.3.0/opentest4j-1.3.0.jar
2025-02-12 10:31:18,056 [BasicRepositoryConnector-repo.maven.apache.org-0-2] INFO  o.e.m.c.i.e.AbstractTransferListenerAdapter - Downloaded https://repo.maven.apache.org/maven2/org/apiguardian/apiguardian-api/1.1.2/apiguardian-api-1.1.2.jar
2025-02-12 10:31:18,321 [BasicRepositoryConnector-repo.maven.apache.org-0-3] INFO  o.e.m.c.i.e.AbstractTransferListenerAdapter - Downloaded https://repo.maven.apache.org/maven2/org/junit/jupiter/junit-jupiter-params/5.11.0/junit-jupiter-params-5.11.0.jar
2025-02-12 10:31:18,450 [Worker-34: Creating maven-archetype-quickstart] INFO  o.e.m.c.i.e.AbstractTransferListenerAdapter - Downloading https://repo.maven.apache.org/maven2/org/apache/maven/plugins/maven-surefire-plugin/3.3.0/maven-surefire-plugin-3.3.0.pom
2025-02-12 10:31:18,452 [Worker-34: Creating maven-archetype-quickstart] INFO  o.e.m.c.i.e.AbstractTransferListenerAdapter - Downloaded https://repo.maven.apache.org/maven2/org/apache/maven/plugins/maven-surefire-plugin/3.3.0/maven-surefire-plugin-3.3.0.pom
2025-02-12 10:31:18,513 [Worker-34: Creating maven-archetype-quickstart] INFO  o.e.m.c.i.e.AbstractTransferListenerAdapter - Downloading https://repo.maven.apache.org/maven2/org/apache/maven/surefire/surefire/3.3.0/surefire-3.3.0.pom
2025-02-12 10:31:18,518 [Worker-34: Creating maven-archetype-quickstart] INFO  o.e.m.c.i.e.AbstractTransferListenerAdapter - Downloaded https://repo.maven.apache.org/maven2/org/apache/maven/surefire/surefire/3.3.0/surefire-3.3.0.pom
2025-02-12 10:31:18,580 [Worker-34: Creating maven-archetype-quickstart] INFO  o.e.m.c.i.e.AbstractTransferListenerAdapter - Downloading https://repo.maven.apache.org/maven2/org/apache/maven/plugins/maven-jar-plugin/3.4.2/maven-jar-plugin-3.4.2.pom
2025-02-12 10:31:18,585 [Worker-34: Creating maven-archetype-quickstart] INFO  o.e.m.c.i.e.AbstractTransferListenerAdapter - Downloaded https://repo.maven.apache.org/maven2/org/apache/maven/plugins/maven-jar-plugin/3.4.2/maven-jar-plugin-3.4.2.pom
2025-02-12 10:31:19,011 [Worker-34: Creating maven-archetype-quickstart] INFO  o.e.m.j.i.AbstractJavaProjectConfigurator - Adding source folder /BaseProject/src/main/java
2025-02-12 10:31:19,013 [Worker-34: Creating maven-archetype-quickstart] INFO  o.e.m.j.i.AbstractJavaProjectConfigurator - Adding resource folder /BaseProject/src/main/resources
2025-02-12 10:31:19,020 [Worker-34: Creating maven-archetype-quickstart] INFO  o.e.m.j.i.AbstractJavaProjectConfigurator - Adding source folder /BaseProject/src/test/java
2025-02-12 10:31:19,022 [Worker-34: Creating maven-archetype-quickstart] INFO  o.e.m.j.i.AbstractJavaProjectConfigurator - Adding resource folder /BaseProject/src/test/resources
2025-02-12 10:31:19,121 [Worker-34: Creating maven-archetype-quickstart] INFO  o.e.m.c.i.p.ProjectConfigurationManager - Imported and configured 1 project(s) in 2 sec
2025-02-12 10:31:19,822 [Worker-37: Building] INFO  o.a.m.s.f.DefaultMavenResourcesFiltering - skip non existing resourceDirectory D:\OctBatchMicroservices\mvnpractise\BaseProject\src\main\resources
2025-02-12 10:31:19,825 [Worker-37: Building] INFO  o.a.m.s.f.DefaultMavenResourcesFiltering - skip non existing resourceDirectory D:\OctBatchMicroservices\mvnpractise\BaseProject\src\test\resources
2025-02-12 10:31:20,065 [Worker-35: Download sources and javadoc] INFO  o.e.m.c.i.e.AbstractTransferListenerAdapter - Downloading https://repo.maven.apache.org/maven2/org/junit/jupiter/junit-jupiter-api/5.11.0/junit-jupiter-api-5.11.0-sources.jar
2025-02-12 10:31:20,207 [Worker-35: Download sources and javadoc] INFO  o.e.m.c.i.e.AbstractTransferListenerAdapter - Downloaded https://repo.maven.apache.org/maven2/org/junit/jupiter/junit-jupiter-api/5.11.0/junit-jupiter-api-5.11.0-sources.jar
2025-02-12 10:31:20,212 [Worker-35: Download sources and javadoc] INFO  o.e.m.j.internal.DownloadSourcesJob - Downloaded sources for org.junit.jupiter:junit-jupiter-api:5.11.0
2025-02-12 10:31:20,637 [Worker-35: Download sources and javadoc] INFO  o.e.m.c.i.e.AbstractTransferListenerAdapter - Downloading https://repo.maven.apache.org/maven2/org/opentest4j/opentest4j/1.3.0/opentest4j-1.3.0-sources.jar
2025-02-12 10:31:20,641 [Worker-35: Download sources and javadoc] INFO  o.e.m.c.i.e.AbstractTransferListenerAdapter - Downloaded https://repo.maven.apache.org/maven2/org/opentest4j/opentest4j/1.3.0/opentest4j-1.3.0-sources.jar
2025-02-12 10:31:20,643 [Worker-35: Download sources and javadoc] INFO  o.e.m.j.internal.DownloadSourcesJob - Downloaded sources for org.opentest4j:opentest4j:1.3.0
2025-02-12 10:31:20,746 [Worker-35: Download sources and javadoc] INFO  o.e.m.c.i.e.AbstractTransferListenerAdapter - Downloading https://repo.maven.apache.org/maven2/org/junit/platform/junit-platform-commons/1.11.0/junit-platform-commons-1.11.0-sources.jar
2025-02-12 10:31:20,801 [Worker-35: Download sources and javadoc] INFO  o.e.m.c.i.e.AbstractTransferListenerAdapter - Downloaded https://repo.maven.apache.org/maven2/org/junit/platform/junit-platform-commons/1.11.0/junit-platform-commons-1.11.0-sources.jar
2025-02-12 10:31:20,803 [Worker-35: Download sources and javadoc] INFO  o.e.m.j.internal.DownloadSourcesJob - Downloaded sources for org.junit.platform:junit-platform-commons:1.11.0
2025-02-12 10:31:20,971 [Worker-35: Download sources and javadoc] INFO  o.e.m.c.i.e.AbstractTransferListenerAdapter - Downloading https://repo.maven.apache.org/maven2/org/apiguardian/apiguardian-api/1.1.2/apiguardian-api-1.1.2-sources.jar
2025-02-12 10:31:20,973 [Worker-35: Download sources and javadoc] INFO  o.e.m.c.i.e.AbstractTransferListenerAdapter - Downloaded https://repo.maven.apache.org/maven2/org/apiguardian/apiguardian-api/1.1.2/apiguardian-api-1.1.2-sources.jar
2025-02-12 10:31:20,975 [Worker-35: Download sources and javadoc] INFO  o.e.m.j.internal.DownloadSourcesJob - Downloaded sources for org.apiguardian:apiguardian-api:1.1.2
2025-02-12 10:31:21,084 [Worker-35: Download sources and javadoc] INFO  o.e.m.c.i.e.AbstractTransferListenerAdapter - Downloading https://repo.maven.apache.org/maven2/org/junit/jupiter/junit-jupiter-params/5.11.0/junit-jupiter-params-5.11.0-sources.jar
2025-02-12 10:31:21,115 [Worker-35: Download sources and javadoc] INFO  o.e.m.c.i.e.AbstractTransferListenerAdapter - Downloaded https://repo.maven.apache.org/maven2/org/junit/jupiter/junit-jupiter-params/5.11.0/junit-jupiter-params-5.11.0-sources.jar
2025-02-12 10:31:21,118 [Worker-35: Download sources and javadoc] INFO  o.e.m.j.internal.DownloadSourcesJob - Downloaded sources for org.junit.jupiter:junit-jupiter-params:5.11.0
2025-02-12 10:34:53,971 [Worker-31: Building] INFO  o.e.m.c.i.p.WorkspaceClassifierResolverManager - Resolving P/Maven-App-02: pwskills:02-Maven-App:1.4 with classifier  to /Maven-App-02/target/classes
2025-02-12 10:35:06,308 [Worker-39: Building] INFO  o.a.m.s.f.DefaultMavenResourcesFiltering - skip non existing resourceDirectory D:\OctBatchMicroservices\mvnpractise\BaseProject\src\main\resources
2025-02-12 10:35:06,311 [Worker-39: Building] INFO  o.a.m.s.f.DefaultMavenResourcesFiltering - skip non existing resourceDirectory D:\OctBatchMicroservices\mvnpractise\BaseProject\src\test\resources
2025-02-12 10:40:09,233 [Worker-42: Building] INFO  o.a.m.s.f.DefaultMavenResourcesFiltering - Copying 0 resource from src\main\resources to target\classes
2025-02-12 10:40:09,236 [Worker-42: Building] INFO  o.a.m.s.f.DefaultMavenResourcesFiltering - Copying 0 resource from src\test\resources to target\test-classes
2025-02-12 10:41:03,446 [Worker-34: Building] INFO  o.a.m.s.f.DefaultMavenResourcesFiltering - Copying 0 resource from src\main\resources to target\classes
2025-02-12 10:41:03,449 [Worker-34: Building] INFO  o.a.m.s.f.DefaultMavenResourcesFiltering - Copying 0 resource from src\test\resources to target\test-classes
2025-02-12 10:45:53,782 [Worker-44: Launching mavenrun-ed5210f1-8585-4837-a2a2-2fdaf0416227] INFO  o.eclipse.m2e.core.internal.Bundles - getClasspathEntries(Bundle=org.eclipse.m2e.maven.runtime_3.9.900.20240824-1409 [640])
2025-02-12 10:45:53,782 [Worker-44: Launching mavenrun-ed5210f1-8585-4837-a2a2-2fdaf0416227] INFO  o.eclipse.m2e.core.internal.Bundles - 	Entry: C:\Users\akash\.p2\pool\plugins\org.eclipse.m2e.maven.runtime_3.9.900.20240824-1409
2025-02-12 10:45:53,782 [Worker-44: Launching mavenrun-ed5210f1-8585-4837-a2a2-2fdaf0416227] INFO  o.eclipse.m2e.core.internal.Bundles - 	Entry: C:\Users\akash\.p2\pool\plugins\org.eclipse.m2e.maven.runtime_3.9.900.20240824-1409\jars\aopalliance-1.0.jar
2025-02-12 10:45:53,782 [Worker-44: Launching mavenrun-ed5210f1-8585-4837-a2a2-2fdaf0416227] INFO  o.eclipse.m2e.core.internal.Bundles - 	Entry: C:\Users\akash\.p2\pool\plugins\org.eclipse.m2e.maven.runtime_3.9.900.20240824-1409\jars\guice-5.1.0.jar
2025-02-12 10:45:53,782 [Worker-44: Launching mavenrun-ed5210f1-8585-4837-a2a2-2fdaf0416227] INFO  o.eclipse.m2e.core.internal.Bundles - 	Entry: C:\Users\akash\.p2\pool\plugins\org.eclipse.m2e.maven.runtime_3.9.900.20240824-1409\jars\httpclient-4.5.14.jar
2025-02-12 10:45:53,782 [Worker-44: Launching mavenrun-ed5210f1-8585-4837-a2a2-2fdaf0416227] INFO  o.eclipse.m2e.core.internal.Bundles - 	Entry: C:\Users\akash\.p2\pool\plugins\org.eclipse.m2e.maven.runtime_3.9.900.20240824-1409\jars\httpcore-4.4.16.jar
2025-02-12 10:45:53,782 [Worker-44: Launching mavenrun-ed5210f1-8585-4837-a2a2-2fdaf0416227] INFO  o.eclipse.m2e.core.internal.Bundles - 	Entry: C:\Users\akash\.p2\pool\plugins\org.eclipse.m2e.maven.runtime_3.9.900.20240824-1409\jars\jansi-2.4.1.jar
2025-02-12 10:45:53,783 [Worker-44: Launching mavenrun-ed5210f1-8585-4837-a2a2-2fdaf0416227] INFO  o.eclipse.m2e.core.internal.Bundles - 	Entry: C:\Users\akash\.p2\pool\plugins\org.eclipse.m2e.maven.runtime_3.9.900.20240824-1409\jars\jcl-over-slf4j-1.7.36.jar
2025-02-12 10:45:53,783 [Worker-44: Launching mavenrun-ed5210f1-8585-4837-a2a2-2fdaf0416227] INFO  o.eclipse.m2e.core.internal.Bundles - 	Entry: C:\Users\akash\.p2\pool\plugins\org.eclipse.m2e.maven.runtime_3.9.900.20240824-1409\jars\maven-artifact-3.9.9.jar
2025-02-12 10:45:53,783 [Worker-44: Launching mavenrun-ed5210f1-8585-4837-a2a2-2fdaf0416227] INFO  o.eclipse.m2e.core.internal.Bundles - 	Entry: C:\Users\akash\.p2\pool\plugins\org.eclipse.m2e.maven.runtime_3.9.900.20240824-1409\jars\maven-builder-support-3.9.9.jar
2025-02-12 10:45:53,783 [Worker-44: Launching mavenrun-ed5210f1-8585-4837-a2a2-2fdaf0416227] INFO  o.eclipse.m2e.core.internal.Bundles - 	Entry: C:\Users\akash\.p2\pool\plugins\org.eclipse.m2e.maven.runtime_3.9.900.20240824-1409\jars\maven-compat-3.9.9.jar
2025-02-12 10:45:53,783 [Worker-44: Launching mavenrun-ed5210f1-8585-4837-a2a2-2fdaf0416227] INFO  o.eclipse.m2e.core.internal.Bundles - 	Entry: C:\Users\akash\.p2\pool\plugins\org.eclipse.m2e.maven.runtime_3.9.900.20240824-1409\jars\maven-core-3.9.9.jar
2025-02-12 10:45:53,783 [Worker-44: Launching mavenrun-ed5210f1-8585-4837-a2a2-2fdaf0416227] INFO  o.eclipse.m2e.core.internal.Bundles - 	Entry: C:\Users\akash\.p2\pool\plugins\org.eclipse.m2e.maven.runtime_3.9.900.20240824-1409\jars\maven-embedder-3.9.9.jar
2025-02-12 10:45:53,783 [Worker-44: Launching mavenrun-ed5210f1-8585-4837-a2a2-2fdaf0416227] INFO  o.eclipse.m2e.core.internal.Bundles - 	Entry: C:\Users\akash\.p2\pool\plugins\org.eclipse.m2e.maven.runtime_3.9.900.20240824-1409\jars\maven-model-3.9.9.jar
2025-02-12 10:45:53,783 [Worker-44: Launching mavenrun-ed5210f1-8585-4837-a2a2-2fdaf0416227] INFO  o.eclipse.m2e.core.internal.Bundles - 	Entry: C:\Users\akash\.p2\pool\plugins\org.eclipse.m2e.maven.runtime_3.9.900.20240824-1409\jars\maven-model-builder-3.9.9.jar
2025-02-12 10:45:53,783 [Worker-44: Launching mavenrun-ed5210f1-8585-4837-a2a2-2fdaf0416227] INFO  o.eclipse.m2e.core.internal.Bundles - 	Entry: C:\Users\akash\.p2\pool\plugins\org.eclipse.m2e.maven.runtime_3.9.900.20240824-1409\jars\maven-plugin-api-3.9.9.jar
2025-02-12 10:45:53,784 [Worker-44: Launching mavenrun-ed5210f1-8585-4837-a2a2-2fdaf0416227] INFO  o.eclipse.m2e.core.internal.Bundles - 	Entry: C:\Users\akash\.p2\pool\plugins\org.eclipse.m2e.maven.runtime_3.9.900.20240824-1409\jars\maven-repository-metadata-3.9.9.jar
2025-02-12 10:45:53,784 [Worker-44: Launching mavenrun-ed5210f1-8585-4837-a2a2-2fdaf0416227] INFO  o.eclipse.m2e.core.internal.Bundles - 	Entry: C:\Users\akash\.p2\pool\plugins\org.eclipse.m2e.maven.runtime_3.9.900.20240824-1409\jars\maven-resolver-api-1.9.22.jar
2025-02-12 10:45:53,784 [Worker-44: Launching mavenrun-ed5210f1-8585-4837-a2a2-2fdaf0416227] INFO  o.eclipse.m2e.core.internal.Bundles - 	Entry: C:\Users\akash\.p2\pool\plugins\org.eclipse.m2e.maven.runtime_3.9.900.20240824-1409\jars\maven-resolver-connector-basic-1.9.22.jar
2025-02-12 10:45:53,784 [Worker-44: Launching mavenrun-ed5210f1-8585-4837-a2a2-2fdaf0416227] INFO  o.eclipse.m2e.core.internal.Bundles - 	Entry: C:\Users\akash\.p2\pool\plugins\org.eclipse.m2e.maven.runtime_3.9.900.20240824-1409\jars\maven-resolver-impl-1.9.22.jar
2025-02-12 10:45:53,784 [Worker-44: Launching mavenrun-ed5210f1-8585-4837-a2a2-2fdaf0416227] INFO  o.eclipse.m2e.core.internal.Bundles - 	Entry: C:\Users\akash\.p2\pool\plugins\org.eclipse.m2e.maven.runtime_3.9.900.20240824-1409\jars\maven-resolver-named-locks-1.9.22.jar
2025-02-12 10:45:53,784 [Worker-44: Launching mavenrun-ed5210f1-8585-4837-a2a2-2fdaf0416227] INFO  o.eclipse.m2e.core.internal.Bundles - 	Entry: C:\Users\akash\.p2\pool\plugins\org.eclipse.m2e.maven.runtime_3.9.900.20240824-1409\jars\maven-resolver-provider-3.9.9.jar
2025-02-12 10:45:53,784 [Worker-44: Launching mavenrun-ed5210f1-8585-4837-a2a2-2fdaf0416227] INFO  o.eclipse.m2e.core.internal.Bundles - 	Entry: C:\Users\akash\.p2\pool\plugins\org.eclipse.m2e.maven.runtime_3.9.900.20240824-1409\jars\maven-resolver-spi-1.9.22.jar
2025-02-12 10:45:53,784 [Worker-44: Launching mavenrun-ed5210f1-8585-4837-a2a2-2fdaf0416227] INFO  o.eclipse.m2e.core.internal.Bundles - 	Entry: C:\Users\akash\.p2\pool\plugins\org.eclipse.m2e.maven.runtime_3.9.900.20240824-1409\jars\maven-resolver-transport-file-1.9.22.jar
2025-02-12 10:45:53,784 [Worker-44: Launching mavenrun-ed5210f1-8585-4837-a2a2-2fdaf0416227] INFO  o.eclipse.m2e.core.internal.Bundles - 	Entry: C:\Users\akash\.p2\pool\plugins\org.eclipse.m2e.maven.runtime_3.9.900.20240824-1409\jars\maven-resolver-transport-http-1.9.22.jar
2025-02-12 10:45:53,784 [Worker-44: Launching mavenrun-ed5210f1-8585-4837-a2a2-2fdaf0416227] INFO  o.eclipse.m2e.core.internal.Bundles - 	Entry: C:\Users\akash\.p2\pool\plugins\org.eclipse.m2e.maven.runtime_3.9.900.20240824-1409\jars\maven-resolver-transport-wagon-1.9.22.jar
2025-02-12 10:45:53,784 [Worker-44: Launching mavenrun-ed5210f1-8585-4837-a2a2-2fdaf0416227] INFO  o.eclipse.m2e.core.internal.Bundles - 	Entry: C:\Users\akash\.p2\pool\plugins\org.eclipse.m2e.maven.runtime_3.9.900.20240824-1409\jars\maven-resolver-util-1.9.22.jar
2025-02-12 10:45:53,784 [Worker-44: Launching mavenrun-ed5210f1-8585-4837-a2a2-2fdaf0416227] INFO  o.eclipse.m2e.core.internal.Bundles - 	Entry: C:\Users\akash\.p2\pool\plugins\org.eclipse.m2e.maven.runtime_3.9.900.20240824-1409\jars\maven-settings-3.9.9.jar
2025-02-12 10:45:53,784 [Worker-44: Launching mavenrun-ed5210f1-8585-4837-a2a2-2fdaf0416227] INFO  o.eclipse.m2e.core.internal.Bundles - 	Entry: C:\Users\akash\.p2\pool\plugins\org.eclipse.m2e.maven.runtime_3.9.900.20240824-1409\jars\maven-settings-builder-3.9.9.jar
2025-02-12 10:45:53,784 [Worker-44: Launching mavenrun-ed5210f1-8585-4837-a2a2-2fdaf0416227] INFO  o.eclipse.m2e.core.internal.Bundles - 	Entry: C:\Users\akash\.p2\pool\plugins\org.eclipse.m2e.maven.runtime_3.9.900.20240824-1409\jars\maven-shared-utils-3.4.2.jar
2025-02-12 10:45:53,784 [Worker-44: Launching mavenrun-ed5210f1-8585-4837-a2a2-2fdaf0416227] INFO  o.eclipse.m2e.core.internal.Bundles - 	Entry: C:\Users\akash\.p2\pool\plugins\org.eclipse.m2e.maven.runtime_3.9.900.20240824-1409\jars\org.eclipse.sisu.inject-0.9.0.M3.jar
2025-02-12 10:45:53,784 [Worker-44: Launching mavenrun-ed5210f1-8585-4837-a2a2-2fdaf0416227] INFO  o.eclipse.m2e.core.internal.Bundles - 	Entry: C:\Users\akash\.p2\pool\plugins\org.eclipse.m2e.maven.runtime_3.9.900.20240824-1409\jars\org.eclipse.sisu.plexus-0.9.0.M3.jar
2025-02-12 10:45:53,784 [Worker-44: Launching mavenrun-ed5210f1-8585-4837-a2a2-2fdaf0416227] INFO  o.eclipse.m2e.core.internal.Bundles - 	Entry: C:\Users\akash\.p2\pool\plugins\org.eclipse.m2e.maven.runtime_3.9.900.20240824-1409\jars\plexus-build-api-0.0.7.jar
2025-02-12 10:45:53,785 [Worker-44: Launching mavenrun-ed5210f1-8585-4837-a2a2-2fdaf0416227] INFO  o.eclipse.m2e.core.internal.Bundles - 	Entry: C:\Users\akash\.p2\pool\plugins\org.eclipse.m2e.maven.runtime_3.9.900.20240824-1409\jars\plexus-build-api-1.2.0.jar
2025-02-12 10:45:53,785 [Worker-44: Launching mavenrun-ed5210f1-8585-4837-a2a2-2fdaf0416227] INFO  o.eclipse.m2e.core.internal.Bundles - 	Entry: C:\Users\akash\.p2\pool\plugins\org.eclipse.m2e.maven.runtime_3.9.900.20240824-1409\jars\plexus-cipher-2.0.jar
2025-02-12 10:45:53,785 [Worker-44: Launching mavenrun-ed5210f1-8585-4837-a2a2-2fdaf0416227] INFO  o.eclipse.m2e.core.internal.Bundles - 	Entry: C:\Users\akash\.p2\pool\plugins\org.eclipse.m2e.maven.runtime_3.9.900.20240824-1409\jars\plexus-classworlds-2.8.0.jar
2025-02-12 10:45:53,785 [Worker-44: Launching mavenrun-ed5210f1-8585-4837-a2a2-2fdaf0416227] INFO  o.eclipse.m2e.core.internal.Bundles - 	Entry: C:\Users\akash\.p2\pool\plugins\org.eclipse.m2e.maven.runtime_3.9.900.20240824-1409\jars\plexus-component-annotations-2.1.0.jar
2025-02-12 10:45:53,785 [Worker-44: Launching mavenrun-ed5210f1-8585-4837-a2a2-2fdaf0416227] INFO  o.eclipse.m2e.core.internal.Bundles - 	Entry: C:\Users\akash\.p2\pool\plugins\org.eclipse.m2e.maven.runtime_3.9.900.20240824-1409\jars\plexus-interpolation-1.27.jar
2025-02-12 10:45:53,785 [Worker-44: Launching mavenrun-ed5210f1-8585-4837-a2a2-2fdaf0416227] INFO  o.eclipse.m2e.core.internal.Bundles - 	Entry: C:\Users\akash\.p2\pool\plugins\org.eclipse.m2e.maven.runtime_3.9.900.20240824-1409\jars\plexus-sec-dispatcher-2.0.jar
2025-02-12 10:45:53,785 [Worker-44: Launching mavenrun-ed5210f1-8585-4837-a2a2-2fdaf0416227] INFO  o.eclipse.m2e.core.internal.Bundles - 	Entry: C:\Users\akash\.p2\pool\plugins\org.eclipse.m2e.maven.runtime_3.9.900.20240824-1409\jars\plexus-utils-3.5.1.jar
2025-02-12 10:45:53,785 [Worker-44: Launching mavenrun-ed5210f1-8585-4837-a2a2-2fdaf0416227] INFO  o.eclipse.m2e.core.internal.Bundles - 	Entry: C:\Users\akash\.p2\pool\plugins\org.eclipse.m2e.maven.runtime_3.9.900.20240824-1409\jars\plexus-xml-3.0.1.jar
2025-02-12 10:45:53,785 [Worker-44: Launching mavenrun-ed5210f1-8585-4837-a2a2-2fdaf0416227] INFO  o.eclipse.m2e.core.internal.Bundles - 	Entry: C:\Users\akash\.p2\pool\plugins\org.eclipse.m2e.maven.runtime_3.9.900.20240824-1409\jars\wagon-file-3.5.3.jar
2025-02-12 10:45:53,785 [Worker-44: Launching mavenrun-ed5210f1-8585-4837-a2a2-2fdaf0416227] INFO  o.eclipse.m2e.core.internal.Bundles - 	Entry: C:\Users\akash\.p2\pool\plugins\org.eclipse.m2e.maven.runtime_3.9.900.20240824-1409\jars\wagon-http-3.5.3.jar
2025-02-12 10:45:53,785 [Worker-44: Launching mavenrun-ed5210f1-8585-4837-a2a2-2fdaf0416227] INFO  o.eclipse.m2e.core.internal.Bundles - 	Entry: C:\Users\akash\.p2\pool\plugins\org.eclipse.m2e.maven.runtime_3.9.900.20240824-1409\jars\wagon-http-shared-3.5.3.jar
2025-02-12 10:45:53,785 [Worker-44: Launching mavenrun-ed5210f1-8585-4837-a2a2-2fdaf0416227] INFO  o.eclipse.m2e.core.internal.Bundles - 	Entry: C:\Users\akash\.p2\pool\plugins\org.eclipse.m2e.maven.runtime_3.9.900.20240824-1409\jars\wagon-provider-api-3.5.3.jar
2025-02-12 10:45:53,786 [Worker-44: Launching mavenrun-ed5210f1-8585-4837-a2a2-2fdaf0416227] INFO  o.eclipse.m2e.core.internal.Bundles - getClasspathEntries(Bundle=com.google.guava_33.3.0.jre [16])
2025-02-12 10:45:53,786 [Worker-44: Launching mavenrun-ed5210f1-8585-4837-a2a2-2fdaf0416227] INFO  o.eclipse.m2e.core.internal.Bundles - 	Entry: C:\Users\akash\.p2\pool\plugins\com.google.guava_33.3.0.jre.jar
2025-02-12 10:45:53,786 [Worker-44: Launching mavenrun-ed5210f1-8585-4837-a2a2-2fdaf0416227] INFO  o.eclipse.m2e.core.internal.Bundles - getClasspathEntries(Bundle=slf4j.api_2.0.16 [1005])
2025-02-12 10:45:53,786 [Worker-44: Launching mavenrun-ed5210f1-8585-4837-a2a2-2fdaf0416227] INFO  o.eclipse.m2e.core.internal.Bundles - 	Entry: C:\Users\akash\.p2\pool\plugins\slf4j.api_2.0.16.jar
2025-02-12 10:45:53,786 [Worker-44: Launching mavenrun-ed5210f1-8585-4837-a2a2-2fdaf0416227] INFO  o.eclipse.m2e.core.internal.Bundles - getClasspathEntries(Bundle=jakarta.inject.jakarta.inject-api_1.0.5 [34])
2025-02-12 10:45:53,787 [Worker-44: Launching mavenrun-ed5210f1-8585-4837-a2a2-2fdaf0416227] INFO  o.eclipse.m2e.core.internal.Bundles - 	Entry: C:\Users\akash\.p2\pool\plugins\jakarta.inject.jakarta.inject-api_1.0.5.jar
2025-02-12 10:45:53,787 [Worker-44: Launching mavenrun-ed5210f1-8585-4837-a2a2-2fdaf0416227] INFO  o.eclipse.m2e.core.internal.Bundles - getClasspathEntries(Bundle=jakarta.annotation-api_1.3.5 [29])
2025-02-12 10:45:53,787 [Worker-44: Launching mavenrun-ed5210f1-8585-4837-a2a2-2fdaf0416227] INFO  o.eclipse.m2e.core.internal.Bundles - 	Entry: C:\Users\akash\.p2\pool\plugins\jakarta.annotation-api_1.3.5.jar
2025-02-12 10:45:53,788 [Worker-44: Launching mavenrun-ed5210f1-8585-4837-a2a2-2fdaf0416227] INFO  o.eclipse.m2e.core.internal.Bundles - getClasspathEntries(Bundle=org.apache.commons.cli_1.9.0 [78])
2025-02-12 10:45:53,788 [Worker-44: Launching mavenrun-ed5210f1-8585-4837-a2a2-2fdaf0416227] INFO  o.eclipse.m2e.core.internal.Bundles - 	Entry: C:\Users\akash\.p2\pool\plugins\org.apache.commons.cli_1.9.0.jar
2025-02-12 10:45:53,788 [Worker-44: Launching mavenrun-ed5210f1-8585-4837-a2a2-2fdaf0416227] INFO  o.eclipse.m2e.core.internal.Bundles - getClasspathEntries(Bundle=org.apache.commons.commons-codec_1.16.0 [81])
2025-02-12 10:45:53,788 [Worker-44: Launching mavenrun-ed5210f1-8585-4837-a2a2-2fdaf0416227] INFO  o.eclipse.m2e.core.internal.Bundles - 	Entry: C:\Users\akash\.p2\pool\plugins\org.apache.commons.commons-codec_1.16.0.jar
2025-02-12 10:45:53,788 [Worker-44: Launching mavenrun-ed5210f1-8585-4837-a2a2-2fdaf0416227] INFO  o.eclipse.m2e.core.internal.Bundles - getClasspathEntries(Bundle=com.google.guava.failureaccess_1.0.2 [17])
2025-02-12 10:45:53,788 [Worker-44: Launching mavenrun-ed5210f1-8585-4837-a2a2-2fdaf0416227] INFO  o.eclipse.m2e.core.internal.Bundles - 	Entry: C:\Users\akash\.p2\pool\plugins\com.google.guava.failureaccess_1.0.2.jar
2025-02-12 10:45:53,789 [Worker-44: Launching mavenrun-ed5210f1-8585-4837-a2a2-2fdaf0416227] INFO  o.e.m.i.launch.MavenLaunchDelegate - Run build in "C:\Users\akash\AppData\Local\Temp\m2e-archetypeGenerator13601482201994162611":
2025-02-12 10:45:53,789 [Worker-44: Launching mavenrun-ed5210f1-8585-4837-a2a2-2fdaf0416227] INFO  o.e.m.i.launch.MavenLaunchDelegate -  mvn  -DjavaCompilerVersion=17 -DjunitVersion=5.11.0 -DarchetypeGroupId=org.apache.maven.archetypes -DarchetypeArtifactId=maven-archetype-quickstart -DarchetypeVersion=1.5 -DgroupId=pwskills -DartifactId=ChildProject -Dversion=0.0.1-SNAPSHOT -Dpackage=in.pwskills.sonu.main -DoutputDirectory=D:\OctBatchMicroservices\mvnpractise -B -Dstyle.color=always -U archetype:generate
2025-02-12 10:46:29,729 [Worker-39: Creating maven-archetype-quickstart] INFO  o.e.m.c.i.p.ProjectConfigurationManager - Collecting project info '/pom.xml' D:\OctBatchMicroservices\mvnpractise\ChildProject\pom.xml
2025-02-12 10:46:29,819 [Worker-39: Creating maven-archetype-quickstart] INFO  o.e.m.c.i.l.LifecycleMappingFactory - Using org.eclipse.m2e.jdt.JarLifecycleMapping lifecycle mapping for MavenProject: pwskills:ChildProject:0.0.1-SNAPSHOT @ D:\OctBatchMicroservices\mvnpractise\ChildProject\pom.xml.
2025-02-12 10:46:29,925 [Worker-39: Creating maven-archetype-quickstart] INFO  o.e.m.j.i.AbstractJavaProjectConfigurator - Adding source folder /ChildProject/src/main/java
2025-02-12 10:46:29,926 [Worker-39: Creating maven-archetype-quickstart] INFO  o.e.m.j.i.AbstractJavaProjectConfigurator - Adding resource folder /ChildProject/src/main/resources
2025-02-12 10:46:29,930 [Worker-39: Creating maven-archetype-quickstart] INFO  o.e.m.j.i.AbstractJavaProjectConfigurator - Adding source folder /ChildProject/src/test/java
2025-02-12 10:46:29,930 [Worker-39: Creating maven-archetype-quickstart] INFO  o.e.m.j.i.AbstractJavaProjectConfigurator - Adding resource folder /ChildProject/src/test/resources
2025-02-12 10:46:29,980 [Worker-39: Creating maven-archetype-quickstart] INFO  o.e.m.c.i.p.ProjectConfigurationManager - Imported and configured 1 project(s) in 0 sec
2025-02-12 10:46:30,382 [Worker-46: Building] INFO  o.a.m.s.f.DefaultMavenResourcesFiltering - skip non existing resourceDirectory D:\OctBatchMicroservices\mvnpractise\ChildProject\src\main\resources
2025-02-12 10:46:30,385 [Worker-46: Building] INFO  o.a.m.s.f.DefaultMavenResourcesFiltering - skip non existing resourceDirectory D:\OctBatchMicroservices\mvnpractise\ChildProject\src\test\resources
2025-02-12 10:48:06,965 [Worker-43: Building] INFO  o.a.m.s.f.DefaultMavenResourcesFiltering - Copying 0 resource from src\main\resources to target\classes
2025-02-12 10:48:06,966 [Worker-43: Building] INFO  o.a.m.s.f.DefaultMavenResourcesFiltering - Copying 0 resource from src\test\resources to target\test-classes
2025-02-12 10:48:16,515 [Worker-47: Building] INFO  o.a.m.s.f.DefaultMavenResourcesFiltering - Copying 0 resource from src\main\resources to target\classes
2025-02-12 10:48:16,519 [Worker-47: Building] INFO  o.a.m.s.f.DefaultMavenResourcesFiltering - Copying 0 resource from src\test\resources to target\test-classes
2025-02-12 10:48:51,464 [Worker-46: Building] INFO  o.a.m.s.f.DefaultMavenResourcesFiltering - skip non existing resourceDirectory D:\OctBatchMicroservices\mvnpractise\ChildProject\src\main\resources
2025-02-12 10:48:51,466 [Worker-46: Building] INFO  o.a.m.s.f.DefaultMavenResourcesFiltering - Copying 0 resource from src\test\resources to target\test-classes
2025-02-12 10:48:56,581 [Worker-48: Building] INFO  o.a.m.s.f.DefaultMavenResourcesFiltering - skip non existing resourceDirectory D:\OctBatchMicroservices\mvnpractise\ChildProject\src\main\resources
2025-02-12 10:48:56,582 [Worker-48: Building] INFO  o.a.m.s.f.DefaultMavenResourcesFiltering - skip non existing resourceDirectory D:\OctBatchMicroservices\mvnpractise\ChildProject\src\test\resources
2025-02-12 10:49:05,373 [Worker-48: Building] INFO  o.a.m.s.f.DefaultMavenResourcesFiltering - skip non existing resourceDirectory D:\OctBatchMicroservices\mvnpractise\ChildProject\src\main\resources
2025-02-12 10:49:05,375 [Worker-48: Building] INFO  o.a.m.s.f.DefaultMavenResourcesFiltering - skip non existing resourceDirectory D:\OctBatchMicroservices\mvnpractise\ChildProject\src\test\resources
2025-02-12 11:04:37,085 [Worker-53: Building] INFO  o.e.m.c.i.l.LifecycleMappingFactory - Using NULL lifecycle mapping for MavenProject: pwskills:BaseProject:0.0.1-SNAPSHOT @ D:\BaseProject\pom.xml.
2025-02-12 11:04:37,678 [Worker-53: Updating Maven Dependencies] INFO  o.e.m.c.i.l.LifecycleMappingFactory - Using NULL lifecycle mapping for MavenProject: pwskills:BaseProject:0.0.1-SNAPSHOT @ D:\BaseProject\pom.xml.
2025-02-12 11:04:50,510 [Worker-55: Building] INFO  o.e.m.c.i.l.LifecycleMappingFactory - Using org.eclipse.m2e.jdt.JarLifecycleMapping lifecycle mapping for MavenProject: pwskills:ChildProject:0.0.1-SNAPSHOT @ D:\ChildProject\pom.xml.
2025-02-12 11:04:50,836 [Worker-55: Building] INFO  o.e.m.c.i.embedder.EclipseLogger - Using 'UTF-8' encoding to copy filtered resources.
2025-02-12 11:04:50,836 [Worker-55: Building] INFO  o.e.m.c.i.embedder.EclipseLogger - skip non existing resourceDirectory D:\ChildProject\src\main\resources
2025-02-12 11:04:50,840 [Worker-55: Building] INFO  o.e.m.c.i.embedder.EclipseLogger - Using 'UTF-8' encoding to copy filtered resources.
2025-02-12 11:04:50,840 [Worker-55: Building] INFO  o.e.m.c.i.embedder.EclipseLogger - skip non existing resourceDirectory D:\ChildProject\src\test\resources
2025-02-12 11:04:51,085 [Worker-54: Building] INFO  o.e.m.c.i.embedder.EclipseLogger - Using 'UTF-8' encoding to copy filtered resources.
2025-02-12 11:04:51,085 [Worker-54: Building] INFO  o.e.m.c.i.embedder.EclipseLogger - skip non existing resourceDirectory D:\ChildProject\src\main\resources
2025-02-12 11:04:51,087 [Worker-54: Building] INFO  o.e.m.c.i.embedder.EclipseLogger - Using 'UTF-8' encoding to copy filtered resources.
2025-02-12 11:04:51,087 [Worker-54: Building] INFO  o.e.m.c.i.embedder.EclipseLogger - skip non existing resourceDirectory D:\ChildProject\src\test\resources
2025-02-12 11:04:51,979 [Worker-56: Updating Maven Dependencies] INFO  o.e.m.c.i.l.LifecycleMappingFactory - Using org.eclipse.m2e.jdt.JarLifecycleMapping lifecycle mapping for MavenProject: pwskills:ChildProject:0.0.1-SNAPSHOT @ D:\ChildProject\pom.xml.
2025-02-12 11:05:24,735 [Worker-54: Building] INFO  o.e.m.c.i.l.LifecycleMappingFactory - Using NULL lifecycle mapping for MavenProject: pwskills:BaseProject:0.0.1-SNAPSHOT @ D:\OctBatchMicroservices\mvnpractise\BaseProject-06\pom.xml.
2025-02-12 11:05:25,190 [Worker-54: Building] INFO  o.e.m.c.i.l.LifecycleMappingFactory - Using org.eclipse.m2e.jdt.JarLifecycleMapping lifecycle mapping for MavenProject: pwskills:ChildProject:0.0.1-SNAPSHOT @ D:\ChildProject\pom.xml.
2025-02-12 11:05:30,785 [Worker-54: Updating Maven Dependencies] INFO  o.e.m.c.i.l.LifecycleMappingFactory - Using org.eclipse.m2e.jdt.JarLifecycleMapping lifecycle mapping for MavenProject: pwskills:ChildProject:0.0.1-SNAPSHOT @ D:\ChildProject\pom.xml.
2025-02-12 11:05:39,372 [Worker-57: Building] INFO  o.e.m.c.i.l.LifecycleMappingFactory - Using org.eclipse.m2e.jdt.JarLifecycleMapping lifecycle mapping for MavenProject: pwskills:ChildProject:0.0.1-SNAPSHOT @ D:\OctBatchMicroservices\mvnpractise\ChildProject-07\pom.xml.
2025-02-12 11:05:39,673 [Worker-57: Building] INFO  o.e.m.c.i.embedder.EclipseLogger - Using 'UTF-8' encoding to copy filtered resources.
2025-02-12 11:05:39,673 [Worker-57: Building] INFO  o.e.m.c.i.embedder.EclipseLogger - skip non existing resourceDirectory D:\OctBatchMicroservices\mvnpractise\ChildProject-07\src\main\resources
2025-02-12 11:05:39,675 [Worker-57: Building] INFO  o.e.m.c.i.embedder.EclipseLogger - Using 'UTF-8' encoding to copy filtered resources.
2025-02-12 11:05:39,675 [Worker-57: Building] INFO  o.e.m.c.i.embedder.EclipseLogger - skip non existing resourceDirectory D:\OctBatchMicroservices\mvnpractise\ChildProject-07\src\test\resources
2025-02-12 11:05:39,900 [Worker-50: Building] INFO  o.e.m.c.i.embedder.EclipseLogger - Using 'UTF-8' encoding to copy filtered resources.
2025-02-12 11:05:39,900 [Worker-50: Building] INFO  o.e.m.c.i.embedder.EclipseLogger - skip non existing resourceDirectory D:\OctBatchMicroservices\mvnpractise\ChildProject-07\src\main\resources
2025-02-12 11:05:39,902 [Worker-50: Building] INFO  o.e.m.c.i.embedder.EclipseLogger - Using 'UTF-8' encoding to copy filtered resources.
2025-02-12 11:05:39,902 [Worker-50: Building] INFO  o.e.m.c.i.embedder.EclipseLogger - skip non existing resourceDirectory D:\OctBatchMicroservices\mvnpractise\ChildProject-07\src\test\resources
2025-02-12 11:06:24,393 [Worker-50: Building] INFO  o.e.m.c.i.l.LifecycleMappingFactory - Using NULL lifecycle mapping for MavenProject: FlipkartApp:MavenMultiModule:1.1 @ D:\MavenMultiModule\pom.xml.
2025-02-12 11:06:26,609 [Worker-50: Building] INFO  o.e.m.c.i.e.AbstractTransferListenerAdapter - Downloading https://repo.maven.apache.org/maven2/org/apache/maven/plugins/maven-war-plugin/3.2.2/maven-war-plugin-3.2.2.jar
2025-02-12 11:06:27,478 [Worker-50: Building] INFO  o.e.m.c.i.e.AbstractTransferListenerAdapter - Downloaded https://repo.maven.apache.org/maven2/org/apache/maven/plugins/maven-war-plugin/3.2.2/maven-war-plugin-3.2.2.jar
2025-02-12 11:06:27,491 [Worker-50: Building] INFO  o.e.m.c.i.l.LifecycleMappingFactory - Using org.maven.ide.eclipse.wtp.WarLifecycleMapping lifecycle mapping for MavenProject: UPIID:WishAppService:1.3 @ D:\MavenMultiModule\WishAppService\pom.xml.
2025-02-12 11:06:27,631 [Worker-50: Building] INFO  o.e.m.c.i.e.AbstractTransferListenerAdapter - Downloading https://repo.maven.apache.org/maven2/javax/servlet/javax.servlet-api/3.0.1/javax.servlet-api-3.0.1.pom
2025-02-12 11:06:27,654 [Worker-50: Building] INFO  o.e.m.c.i.e.AbstractTransferListenerAdapter - Downloaded https://repo.maven.apache.org/maven2/javax/servlet/javax.servlet-api/3.0.1/javax.servlet-api-3.0.1.pom
2025-02-12 11:06:28,054 [Worker-50: Building] INFO  o.e.m.c.i.e.AbstractTransferListenerAdapter - Downloaded https://repo.maven.apache.org/maven2/RazorPay/WishMessageService/1.3/WishMessageService-1.3.pom
2025-02-12 11:06:28,057 [Worker-50: Building] WARN  o.e.m.c.i.embedder.EclipseLogger - The POM for RazorPay:WishMessageService:jar:1.3 is missing, no dependency information available
2025-02-12 11:06:28,156 [Worker-50: Building] INFO  o.e.m.c.i.e.AbstractTransferListenerAdapter - Downloading https://repo.maven.apache.org/maven2/javax/servlet/javax.servlet-api/3.0.1/javax.servlet-api-3.0.1.jar
2025-02-12 11:06:29,332 [Worker-50: Building] INFO  o.e.m.c.i.e.AbstractTransferListenerAdapter - Downloaded https://repo.maven.apache.org/maven2/javax/servlet/javax.servlet-api/3.0.1/javax.servlet-api-3.0.1.jar
2025-02-12 11:06:29,981 [BasicRepositoryConnector-repo.maven.apache.org-1-0] INFO  o.e.m.c.i.e.AbstractTransferListenerAdapter - Downloaded https://repo.maven.apache.org/maven2/RazorPay/WishMessageService/1.3/WishMessageService-1.3.jar
2025-02-12 11:06:30,284 [Worker-50: Building] INFO  o.e.m.c.i.e.AbstractTransferListenerAdapter - Downloading https://repo.maven.apache.org/maven2/org/apache/maven/plugins/maven-war-plugin/3.2.2/maven-war-plugin-3.2.2.pom
2025-02-12 11:06:30,290 [Worker-50: Building] INFO  o.e.m.c.i.e.AbstractTransferListenerAdapter - Downloaded https://repo.maven.apache.org/maven2/org/apache/maven/plugins/maven-war-plugin/3.2.2/maven-war-plugin-3.2.2.pom
2025-02-12 11:06:30,487 [Worker-50: Building] INFO  o.e.m.c.i.e.AbstractTransferListenerAdapter - Downloading https://repo.maven.apache.org/maven2/org/apache/maven/maven-archiver/3.2.0/maven-archiver-3.2.0.pom
2025-02-12 11:06:30,515 [Worker-50: Building] INFO  o.e.m.c.i.e.AbstractTransferListenerAdapter - Downloaded https://repo.maven.apache.org/maven2/org/apache/maven/maven-archiver/3.2.0/maven-archiver-3.2.0.pom
2025-02-12 11:06:30,599 [Worker-50: Building] INFO  o.e.m.c.i.e.AbstractTransferListenerAdapter - Downloading https://repo.maven.apache.org/maven2/org/apache/maven/shared/maven-shared-utils/3.2.0/maven-shared-utils-3.2.0.pom
2025-02-12 11:06:30,606 [Worker-50: Building] INFO  o.e.m.c.i.e.AbstractTransferListenerAdapter - Downloaded https://repo.maven.apache.org/maven2/org/apache/maven/shared/maven-shared-utils/3.2.0/maven-shared-utils-3.2.0.pom
2025-02-12 11:06:30,859 [Worker-50: Building] INFO  o.e.m.c.i.e.AbstractTransferListenerAdapter - Downloading https://repo.maven.apache.org/maven2/org/codehaus/plexus/plexus-archiver/3.5/plexus-archiver-3.5.pom
2025-02-12 11:06:30,890 [Worker-50: Building] INFO  o.e.m.c.i.e.AbstractTransferListenerAdapter - Downloaded https://repo.maven.apache.org/maven2/org/codehaus/plexus/plexus-archiver/3.5/plexus-archiver-3.5.pom
2025-02-12 11:06:31,167 [Worker-50: Building] INFO  o.e.m.c.i.e.AbstractTransferListenerAdapter - Downloading https://repo.maven.apache.org/maven2/org/codehaus/plexus/plexus/5.0/plexus-5.0.pom
2025-02-12 11:06:31,197 [Worker-50: Building] INFO  o.e.m.c.i.e.AbstractTransferListenerAdapter - Downloaded https://repo.maven.apache.org/maven2/org/codehaus/plexus/plexus/5.0/plexus-5.0.pom
2025-02-12 11:06:31,415 [Worker-50: Building] INFO  o.e.m.c.i.e.AbstractTransferListenerAdapter - Downloading https://repo.maven.apache.org/maven2/org/codehaus/plexus/plexus-io/3.0.0/plexus-io-3.0.0.pom
2025-02-12 11:06:31,507 [Worker-50: Building] INFO  o.e.m.c.i.e.AbstractTransferListenerAdapter - Downloaded https://repo.maven.apache.org/maven2/org/codehaus/plexus/plexus-io/3.0.0/plexus-io-3.0.0.pom
2025-02-12 11:06:31,616 [Worker-50: Building] INFO  o.e.m.c.i.e.AbstractTransferListenerAdapter - Downloading https://repo.maven.apache.org/maven2/org/apache/commons/commons-compress/1.14/commons-compress-1.14.pom
2025-02-12 11:06:31,699 [Worker-50: Building] INFO  o.e.m.c.i.e.AbstractTransferListenerAdapter - Downloaded https://repo.maven.apache.org/maven2/org/apache/commons/commons-compress/1.14/commons-compress-1.14.pom
2025-02-12 11:06:31,796 [Worker-50: Building] INFO  o.e.m.c.i.e.AbstractTransferListenerAdapter - Downloading https://repo.maven.apache.org/maven2/org/tukaani/xz/1.6/xz-1.6.pom
2025-02-12 11:06:31,804 [Worker-50: Building] INFO  o.e.m.c.i.e.AbstractTransferListenerAdapter - Downloaded https://repo.maven.apache.org/maven2/org/tukaani/xz/1.6/xz-1.6.pom
2025-02-12 11:06:31,864 [Worker-50: Building] INFO  o.e.m.c.i.e.AbstractTransferListenerAdapter - Downloading https://repo.maven.apache.org/maven2/org/codehaus/plexus/plexus-archiver/3.6.0/plexus-archiver-3.6.0.pom
2025-02-12 11:06:31,873 [Worker-50: Building] INFO  o.e.m.c.i.e.AbstractTransferListenerAdapter - Downloaded https://repo.maven.apache.org/maven2/org/codehaus/plexus/plexus-archiver/3.6.0/plexus-archiver-3.6.0.pom
2025-02-12 11:06:32,049 [Worker-50: Building] INFO  o.e.m.c.i.e.AbstractTransferListenerAdapter - Downloading https://repo.maven.apache.org/maven2/org/codehaus/plexus/plexus-utils/3.1.0/plexus-utils-3.1.0.pom
2025-02-12 11:06:32,077 [Worker-50: Building] INFO  o.e.m.c.i.e.AbstractTransferListenerAdapter - Downloaded https://repo.maven.apache.org/maven2/org/codehaus/plexus/plexus-utils/3.1.0/plexus-utils-3.1.0.pom
2025-02-12 11:06:32,133 [Worker-50: Building] INFO  o.e.m.c.i.e.AbstractTransferListenerAdapter - Downloading https://repo.maven.apache.org/maven2/org/codehaus/plexus/plexus-io/3.0.1/plexus-io-3.0.1.pom
2025-02-12 11:06:32,229 [Worker-50: Building] INFO  o.e.m.c.i.e.AbstractTransferListenerAdapter - Downloaded https://repo.maven.apache.org/maven2/org/codehaus/plexus/plexus-io/3.0.1/plexus-io-3.0.1.pom
2025-02-12 11:06:32,311 [Worker-50: Building] INFO  o.e.m.c.i.e.AbstractTransferListenerAdapter - Downloading https://repo.maven.apache.org/maven2/org/apache/commons/commons-compress/1.16.1/commons-compress-1.16.1.pom
2025-02-12 11:06:32,591 [Worker-50: Building] INFO  o.e.m.c.i.e.AbstractTransferListenerAdapter - Downloaded https://repo.maven.apache.org/maven2/org/apache/commons/commons-compress/1.16.1/commons-compress-1.16.1.pom
2025-02-12 11:06:32,648 [Worker-50: Building] INFO  o.e.m.c.i.e.AbstractTransferListenerAdapter - Downloading https://repo.maven.apache.org/maven2/org/apache/commons/commons-parent/43/commons-parent-43.pom
2025-02-12 11:06:32,979 [Worker-50: Building] INFO  o.e.m.c.i.e.AbstractTransferListenerAdapter - Downloaded https://repo.maven.apache.org/maven2/org/apache/commons/commons-parent/43/commons-parent-43.pom
2025-02-12 11:06:33,046 [Worker-50: Building] INFO  o.e.m.c.i.e.AbstractTransferListenerAdapter - Downloading https://repo.maven.apache.org/maven2/org/objenesis/objenesis/2.6/objenesis-2.6.pom
2025-02-12 11:06:33,050 [Worker-50: Building] INFO  o.e.m.c.i.e.AbstractTransferListenerAdapter - Downloaded https://repo.maven.apache.org/maven2/org/objenesis/objenesis/2.6/objenesis-2.6.pom
2025-02-12 11:06:33,105 [Worker-50: Building] INFO  o.e.m.c.i.e.AbstractTransferListenerAdapter - Downloading https://repo.maven.apache.org/maven2/org/objenesis/objenesis-parent/2.6/objenesis-parent-2.6.pom
2025-02-12 11:06:33,111 [Worker-50: Building] INFO  o.e.m.c.i.e.AbstractTransferListenerAdapter - Downloaded https://repo.maven.apache.org/maven2/org/objenesis/objenesis-parent/2.6/objenesis-parent-2.6.pom
2025-02-12 11:06:33,157 [Worker-50: Building] INFO  o.e.m.c.i.e.AbstractTransferListenerAdapter - Downloading https://repo.maven.apache.org/maven2/org/tukaani/xz/1.8/xz-1.8.pom
2025-02-12 11:06:33,161 [Worker-50: Building] INFO  o.e.m.c.i.e.AbstractTransferListenerAdapter - Downloaded https://repo.maven.apache.org/maven2/org/tukaani/xz/1.8/xz-1.8.pom
2025-02-12 11:06:33,201 [Worker-50: Building] INFO  o.e.m.c.i.e.AbstractTransferListenerAdapter - Downloading https://repo.maven.apache.org/maven2/org/codehaus/plexus/plexus-interpolation/1.25/plexus-interpolation-1.25.pom
2025-02-12 11:06:33,206 [Worker-50: Building] INFO  o.e.m.c.i.e.AbstractTransferListenerAdapter - Downloaded https://repo.maven.apache.org/maven2/org/codehaus/plexus/plexus-interpolation/1.25/plexus-interpolation-1.25.pom
2025-02-12 11:06:33,473 [Worker-50: Building] INFO  o.e.m.c.i.e.AbstractTransferListenerAdapter - Downloading https://repo.maven.apache.org/maven2/com/thoughtworks/xstream/xstream/1.4.10/xstream-1.4.10.pom
2025-02-12 11:06:33,593 [Worker-50: Building] INFO  o.e.m.c.i.e.AbstractTransferListenerAdapter - Downloaded https://repo.maven.apache.org/maven2/com/thoughtworks/xstream/xstream/1.4.10/xstream-1.4.10.pom
2025-02-12 11:06:33,856 [Worker-50: Building] INFO  o.e.m.c.i.e.AbstractTransferListenerAdapter - Downloading https://repo.maven.apache.org/maven2/com/thoughtworks/xstream/xstream-parent/1.4.10/xstream-parent-1.4.10.pom
2025-02-12 11:06:34,156 [Worker-50: Building] INFO  o.e.m.c.i.e.AbstractTransferListenerAdapter - Downloaded https://repo.maven.apache.org/maven2/com/thoughtworks/xstream/xstream-parent/1.4.10/xstream-parent-1.4.10.pom
2025-02-12 11:06:34,251 [Worker-50: Building] INFO  o.e.m.c.i.e.AbstractTransferListenerAdapter - Downloading https://repo.maven.apache.org/maven2/xmlpull/xmlpull/1.1.3.1/xmlpull-1.1.3.1.pom
2025-02-12 11:06:34,260 [Worker-50: Building] INFO  o.e.m.c.i.e.AbstractTransferListenerAdapter - Downloaded https://repo.maven.apache.org/maven2/xmlpull/xmlpull/1.1.3.1/xmlpull-1.1.3.1.pom
2025-02-12 11:06:34,585 [Worker-50: Building] INFO  o.e.m.c.i.e.AbstractTransferListenerAdapter - Downloading https://repo.maven.apache.org/maven2/xpp3/xpp3_min/1.1.4c/xpp3_min-1.1.4c.pom
2025-02-12 11:06:34,612 [Worker-50: Building] INFO  o.e.m.c.i.e.AbstractTransferListenerAdapter - Downloaded https://repo.maven.apache.org/maven2/xpp3/xpp3_min/1.1.4c/xpp3_min-1.1.4c.pom
2025-02-12 11:06:34,913 [Worker-50: Building] INFO  o.e.m.c.i.e.AbstractTransferListenerAdapter - Downloading https://repo.maven.apache.org/maven2/org/apache/maven/maven-archiver/3.2.0/maven-archiver-3.2.0.jar
2025-02-12 11:06:34,918 [Worker-50: Building] INFO  o.e.m.c.i.e.AbstractTransferListenerAdapter - Downloaded https://repo.maven.apache.org/maven2/org/apache/maven/maven-archiver/3.2.0/maven-archiver-3.2.0.jar
2025-02-12 11:06:34,966 [BasicRepositoryConnector-repo.maven.apache.org-2-0] INFO  o.e.m.c.i.e.AbstractTransferListenerAdapter - Downloading https://repo.maven.apache.org/maven2/org/apache/maven/shared/maven-shared-utils/3.2.0/maven-shared-utils-3.2.0.jar
2025-02-12 11:06:35,016 [BasicRepositoryConnector-repo.maven.apache.org-2-4] INFO  o.e.m.c.i.e.AbstractTransferListenerAdapter - Downloading https://repo.maven.apache.org/maven2/org/objenesis/objenesis/2.6/objenesis-2.6.jar
2025-02-12 11:06:35,061 [BasicRepositoryConnector-repo.maven.apache.org-2-1] INFO  o.e.m.c.i.e.AbstractTransferListenerAdapter - Downloading https://repo.maven.apache.org/maven2/org/codehaus/plexus/plexus-archiver/3.6.0/plexus-archiver-3.6.0.jar
2025-02-12 11:06:35,064 [BasicRepositoryConnector-repo.maven.apache.org-2-4] INFO  o.e.m.c.i.e.AbstractTransferListenerAdapter - Downloaded https://repo.maven.apache.org/maven2/org/objenesis/objenesis/2.6/objenesis-2.6.jar
2025-02-12 11:06:35,118 [BasicRepositoryConnector-repo.maven.apache.org-2-2] INFO  o.e.m.c.i.e.AbstractTransferListenerAdapter - Downloading https://repo.maven.apache.org/maven2/org/codehaus/plexus/plexus-io/3.0.1/plexus-io-3.0.1.jar
2025-02-12 11:06:35,122 [BasicRepositoryConnector-repo.maven.apache.org-2-3] INFO  o.e.m.c.i.e.AbstractTransferListenerAdapter - Downloading https://repo.maven.apache.org/maven2/org/apache/commons/commons-compress/1.16.1/commons-compress-1.16.1.jar
2025-02-12 11:06:35,123 [BasicRepositoryConnector-repo.maven.apache.org-2-4] INFO  o.e.m.c.i.e.AbstractTransferListenerAdapter - Downloading https://repo.maven.apache.org/maven2/org/tukaani/xz/1.8/xz-1.8.jar
2025-02-12 11:06:35,395 [BasicRepositoryConnector-repo.maven.apache.org-2-2] INFO  o.e.m.c.i.e.AbstractTransferListenerAdapter - Downloaded https://repo.maven.apache.org/maven2/org/codehaus/plexus/plexus-io/3.0.1/plexus-io-3.0.1.jar
2025-02-12 11:06:35,396 [BasicRepositoryConnector-repo.maven.apache.org-2-4] INFO  o.e.m.c.i.e.AbstractTransferListenerAdapter - Downloaded https://repo.maven.apache.org/maven2/org/tukaani/xz/1.8/xz-1.8.jar
2025-02-12 11:06:35,476 [BasicRepositoryConnector-repo.maven.apache.org-2-2] INFO  o.e.m.c.i.e.AbstractTransferListenerAdapter - Downloading https://repo.maven.apache.org/maven2/org/codehaus/plexus/plexus-interpolation/1.25/plexus-interpolation-1.25.jar
2025-02-12 11:06:35,482 [BasicRepositoryConnector-repo.maven.apache.org-2-4] INFO  o.e.m.c.i.e.AbstractTransferListenerAdapter - Downloading https://repo.maven.apache.org/maven2/com/thoughtworks/xstream/xstream/1.4.10/xstream-1.4.10.jar
2025-02-12 11:06:35,561 [BasicRepositoryConnector-repo.maven.apache.org-2-1] INFO  o.e.m.c.i.e.AbstractTransferListenerAdapter - Downloaded https://repo.maven.apache.org/maven2/org/codehaus/plexus/plexus-archiver/3.6.0/plexus-archiver-3.6.0.jar
2025-02-12 11:06:35,687 [BasicRepositoryConnector-repo.maven.apache.org-2-2] INFO  o.e.m.c.i.e.AbstractTransferListenerAdapter - Downloaded https://repo.maven.apache.org/maven2/org/codehaus/plexus/plexus-interpolation/1.25/plexus-interpolation-1.25.jar
2025-02-12 11:06:35,704 [BasicRepositoryConnector-repo.maven.apache.org-2-1] INFO  o.e.m.c.i.e.AbstractTransferListenerAdapter - Downloading https://repo.maven.apache.org/maven2/xmlpull/xmlpull/1.1.3.1/xmlpull-1.1.3.1.jar
2025-02-12 11:06:35,774 [BasicRepositoryConnector-repo.maven.apache.org-2-1] INFO  o.e.m.c.i.e.AbstractTransferListenerAdapter - Downloaded https://repo.maven.apache.org/maven2/xmlpull/xmlpull/1.1.3.1/xmlpull-1.1.3.1.jar
2025-02-12 11:06:35,887 [BasicRepositoryConnector-repo.maven.apache.org-2-2] INFO  o.e.m.c.i.e.AbstractTransferListenerAdapter - Downloading https://repo.maven.apache.org/maven2/xpp3/xpp3_min/1.1.4c/xpp3_min-1.1.4c.jar
2025-02-12 11:06:35,979 [BasicRepositoryConnector-repo.maven.apache.org-2-2] INFO  o.e.m.c.i.e.AbstractTransferListenerAdapter - Downloaded https://repo.maven.apache.org/maven2/xpp3/xpp3_min/1.1.4c/xpp3_min-1.1.4c.jar
2025-02-12 11:06:36,003 [BasicRepositoryConnector-repo.maven.apache.org-2-1] INFO  o.e.m.c.i.e.AbstractTransferListenerAdapter - Downloading https://repo.maven.apache.org/maven2/org/codehaus/plexus/plexus-utils/3.1.0/plexus-utils-3.1.0.jar
2025-02-12 11:06:36,005 [BasicRepositoryConnector-repo.maven.apache.org-2-0] INFO  o.e.m.c.i.e.AbstractTransferListenerAdapter - Downloaded https://repo.maven.apache.org/maven2/org/apache/maven/shared/maven-shared-utils/3.2.0/maven-shared-utils-3.2.0.jar
2025-02-12 11:06:36,082 [BasicRepositoryConnector-repo.maven.apache.org-2-3] INFO  o.e.m.c.i.e.AbstractTransferListenerAdapter - Downloaded https://repo.maven.apache.org/maven2/org/apache/commons/commons-compress/1.16.1/commons-compress-1.16.1.jar
2025-02-12 11:06:36,699 [BasicRepositoryConnector-repo.maven.apache.org-2-1] INFO  o.e.m.c.i.e.AbstractTransferListenerAdapter - Downloaded https://repo.maven.apache.org/maven2/org/codehaus/plexus/plexus-utils/3.1.0/plexus-utils-3.1.0.jar
2025-02-12 11:06:36,699 [BasicRepositoryConnector-repo.maven.apache.org-2-4] INFO  o.e.m.c.i.e.AbstractTransferListenerAdapter - Downloaded https://repo.maven.apache.org/maven2/com/thoughtworks/xstream/xstream/1.4.10/xstream-1.4.10.jar
2025-02-12 11:06:36,967 [Worker-50: Building] INFO  o.e.m.c.i.embedder.EclipseLogger - Using 'UTF-8' encoding to copy filtered resources.
2025-02-12 11:06:36,967 [Worker-50: Building] INFO  o.e.m.c.i.embedder.EclipseLogger - skip non existing resourceDirectory D:\MavenMultiModule\WishAppService\src\main\resources
2025-02-12 11:06:36,968 [Worker-50: Building] INFO  o.e.m.c.i.embedder.EclipseLogger - Using 'UTF-8' encoding to copy filtered resources.
2025-02-12 11:06:36,968 [Worker-50: Building] INFO  o.e.m.c.i.embedder.EclipseLogger - skip non existing resourceDirectory D:\MavenMultiModule\WishAppService\src\test\resources
2025-02-12 11:06:37,324 [Worker-58: Updating Maven Dependencies] INFO  o.e.m.c.i.l.LifecycleMappingFactory - Using org.maven.ide.eclipse.wtp.WarLifecycleMapping lifecycle mapping for MavenProject: UPIID:WishAppService:1.3 @ D:\MavenMultiModule\WishAppService\pom.xml.
2025-02-12 11:06:37,333 [Worker-58: Updating Maven Dependencies] INFO  o.e.m.c.i.p.WorkspaceClassifierResolverManager - Resolving P/WishMessageService: RazorPay:WishMessageService:1.3 with classifier  to /WishMessageService/target/classes
2025-02-12 11:06:37,334 [Worker-58: Updating Maven Dependencies] INFO  o.e.m.c.i.l.LifecycleMappingFactory - Using NULL lifecycle mapping for MavenProject: FlipkartApp:MavenMultiModule:1.1 @ D:\MavenMultiModule\pom.xml.
2025-02-12 11:06:37,353 [Worker-58: Updating Maven Dependencies] INFO  o.e.m.c.i.l.LifecycleMappingFactory - Using org.eclipse.m2e.jdt.JarLifecycleMapping lifecycle mapping for MavenProject: RazorPay:WishMessageService:1.3 @ D:\MavenMultiModule\WishMessageService\pom.xml.
2025-02-12 11:06:37,374 [Worker-58: Updating Maven Dependencies] INFO  o.e.m.c.i.l.LifecycleMappingFactory - Using org.maven.ide.eclipse.wtp.WarLifecycleMapping lifecycle mapping for MavenProject: UPIID:WishAppService:1.3 @ D:\MavenMultiModule\WishAppService\pom.xml.
2025-02-12 11:06:37,376 [Worker-58: Updating Maven Dependencies] INFO  o.e.m.c.i.p.WorkspaceClassifierResolverManager - Resolving P/WishMessageService: RazorPay:WishMessageService:1.3 with classifier  to /WishMessageService/target/classes
2025-02-12 11:06:37,990 [Worker-53: Building] INFO  o.e.m.c.i.l.LifecycleMappingFactory - Using NULL lifecycle mapping for MavenProject: FlipkartApp:MavenMultiModule:1.1 @ D:\OctBatchMicroservices\mvnpractise\MavenMultiModule-08\pom.xml.
2025-02-12 11:06:38,012 [Worker-53: Building] INFO  o.e.m.c.i.l.LifecycleMappingFactory - Using org.maven.ide.eclipse.wtp.WarLifecycleMapping lifecycle mapping for MavenProject: UPIID:WishAppService:1.3 @ D:\MavenMultiModule\WishAppService\pom.xml.
2025-02-12 11:06:38,219 [Worker-58: Download sources and javadoc] INFO  o.e.m.c.i.e.AbstractTransferListenerAdapter - Downloading https://repo.maven.apache.org/maven2/javax/servlet/javax.servlet-api/3.0.1/javax.servlet-api-3.0.1-sources.jar
2025-02-12 11:06:38,394 [Worker-58: Download sources and javadoc] INFO  o.e.m.c.i.e.AbstractTransferListenerAdapter - Downloaded https://repo.maven.apache.org/maven2/javax/servlet/javax.servlet-api/3.0.1/javax.servlet-api-3.0.1-sources.jar
2025-02-12 11:06:38,396 [Worker-58: Download sources and javadoc] INFO  o.e.m.j.internal.DownloadSourcesJob - Downloaded sources for javax.servlet:javax.servlet-api:3.0.1
2025-02-12 11:06:39,110 [Worker-58: Download sources and javadoc] INFO  o.e.m.c.i.e.AbstractTransferListenerAdapter - Downloaded https://repo.maven.apache.org/maven2/RazorPay/WishMessageService/1.3/WishMessageService-1.3-sources.jar
2025-02-12 11:06:39,129 [Worker-53: Building] INFO  o.e.m.c.i.p.WorkspaceClassifierResolverManager - Resolving P/WishMessageService: RazorPay:WishMessageService:1.3 with classifier  to /WishMessageService/target/classes
2025-02-12 11:06:39,149 [Worker-53: Building] INFO  o.e.m.c.i.l.LifecycleMappingFactory - Using org.eclipse.m2e.jdt.JarLifecycleMapping lifecycle mapping for MavenProject: RazorPay:WishMessageService:1.3 @ D:\MavenMultiModule\WishMessageService\pom.xml.
2025-02-12 11:06:39,114 [Worker-58: Download sources and javadoc] ERROR o.e.m.j.internal.DownloadSourcesJob - Could not download sources for RazorPay:WishMessageService:1.3
org.eclipse.core.runtime.CoreException: Could not resolve artifact RazorPay:WishMessageService:jar:sources:1.3
	at org.eclipse.m2e.core.internal.embedder.MavenImpl.lambda$7(MavenImpl.java:540)
	at org.eclipse.m2e.core.internal.embedder.MavenExecutionContext.executeBare(MavenExecutionContext.java:458)
	at org.eclipse.m2e.core.internal.embedder.MavenExecutionContext.execute(MavenExecutionContext.java:292)
	at org.eclipse.m2e.core.internal.embedder.MavenExecutionContext.execute(MavenExecutionContext.java:278)
	at org.eclipse.m2e.core.internal.embedder.MavenImpl.resolve(MavenImpl.java:509)
	at org.eclipse.m2e.core.internal.embedder.MavenImpl.resolve(MavenImpl.java:494)
	at org.eclipse.m2e.jdt.internal.DownloadSourcesJob.download(DownloadSourcesJob.java:308)
	at org.eclipse.m2e.jdt.internal.DownloadSourcesJob.downloadAttachments(DownloadSourcesJob.java:282)
	at org.eclipse.m2e.jdt.internal.DownloadSourcesJob.downloadMaven(DownloadSourcesJob.java:252)
	at org.eclipse.m2e.jdt.internal.DownloadSourcesJob.downloadFilesAndPopulateToUpdate(DownloadSourcesJob.java:220)
	at org.eclipse.m2e.jdt.internal.DownloadSourcesJob.lambda$0(DownloadSourcesJob.java:149)
	at org.eclipse.m2e.core.internal.embedder.MavenExecutionContext.executeBare(MavenExecutionContext.java:458)
	at org.eclipse.m2e.core.internal.embedder.MavenExecutionContext.execute(MavenExecutionContext.java:339)
	at org.eclipse.m2e.core.internal.embedder.MavenExecutionContext.execute(MavenExecutionContext.java:278)
	at org.eclipse.m2e.core.embedder.IMaven.execute(IMaven.java:300)
	at org.eclipse.m2e.jdt.internal.DownloadSourcesJob.run(DownloadSourcesJob.java:149)
	at org.eclipse.core.internal.jobs.Worker.run(Worker.java:63)
2025-02-12 11:06:39,707 [Worker-58: Building] INFO  o.e.m.c.i.embedder.EclipseLogger - Using 'UTF-8' encoding to copy filtered resources.
2025-02-12 11:06:39,708 [Worker-58: Building] INFO  o.e.m.c.i.embedder.EclipseLogger - skip non existing resourceDirectory D:\MavenMultiModule\WishMessageService\src\main\resources
2025-02-12 11:06:39,708 [Worker-58: Building] INFO  o.e.m.c.i.embedder.EclipseLogger - Using 'UTF-8' encoding to copy filtered resources.
2025-02-12 11:06:39,709 [Worker-58: Building] INFO  o.e.m.c.i.embedder.EclipseLogger - skip non existing resourceDirectory D:\MavenMultiModule\WishMessageService\src\test\resources
2025-02-12 11:06:39,760 [Worker-58: Building] INFO  o.e.m.c.i.embedder.EclipseLogger - Using 'UTF-8' encoding to copy filtered resources.
2025-02-12 11:06:39,760 [Worker-58: Building] INFO  o.e.m.c.i.embedder.EclipseLogger - skip non existing resourceDirectory D:\MavenMultiModule\WishAppService\src\main\resources
2025-02-12 11:06:39,761 [Worker-58: Building] INFO  o.e.m.c.i.embedder.EclipseLogger - Using 'UTF-8' encoding to copy filtered resources.
2025-02-12 11:06:39,761 [Worker-58: Building] INFO  o.e.m.c.i.embedder.EclipseLogger - skip non existing resourceDirectory D:\MavenMultiModule\WishAppService\src\test\resources
2025-02-12 11:06:39,763 [Worker-58: Building] INFO  o.e.m.w.i.f.ResourceFilteringBuildParticipant - Changed resources require a complete clean of filtered resources of WishAppService
2025-02-12 11:06:39,763 [Worker-58: Building] INFO  o.e.m.w.i.f.ResourceFilteringBuildParticipant - Executing resource filtering for WishAppService
2025-02-12 11:06:43,628 [Worker-54: Updating Maven Dependencies] INFO  o.e.m.c.i.l.LifecycleMappingFactory - Using org.maven.ide.eclipse.wtp.WarLifecycleMapping lifecycle mapping for MavenProject: UPIID:WishAppService:1.3 @ D:\MavenMultiModule\WishAppService\pom.xml.
2025-02-12 11:06:43,640 [Worker-54: Updating Maven Dependencies] INFO  o.e.m.c.i.p.WorkspaceClassifierResolverManager - Resolving P/WishMessageService: RazorPay:WishMessageService:1.3 with classifier  to /WishMessageService/target/classes
2025-02-12 11:06:43,659 [Worker-54: Updating Maven Dependencies] INFO  o.e.m.c.i.l.LifecycleMappingFactory - Using org.eclipse.m2e.jdt.JarLifecycleMapping lifecycle mapping for MavenProject: RazorPay:WishMessageService:1.3 @ D:\MavenMultiModule\WishMessageService\pom.xml.
2025-02-12 11:06:56,236 [Worker-57: Building] INFO  o.e.m.c.i.l.LifecycleMappingFactory - Using org.eclipse.m2e.jdt.JarLifecycleMapping lifecycle mapping for MavenProject: pwskills:FlipkartApp:1.1 @ D:\FlipkartApp\pom.xml.
2025-02-12 11:06:56,417 [Worker-57: Building] INFO  o.e.m.c.i.e.AbstractTransferListenerAdapter - Downloading https://repo.maven.apache.org/maven2/org/springframework/spring-context/5.3.26/spring-context-5.3.26.pom
2025-02-12 11:06:56,446 [Worker-57: Building] INFO  o.e.m.c.i.e.AbstractTransferListenerAdapter - Downloaded https://repo.maven.apache.org/maven2/org/springframework/spring-context/5.3.26/spring-context-5.3.26.pom
2025-02-12 11:06:56,537 [Worker-57: Building] INFO  o.e.m.c.i.e.AbstractTransferListenerAdapter - Downloading https://repo.maven.apache.org/maven2/org/springframework/spring-aop/5.3.26/spring-aop-5.3.26.pom
2025-02-12 11:06:56,545 [Worker-57: Building] INFO  o.e.m.c.i.e.AbstractTransferListenerAdapter - Downloaded https://repo.maven.apache.org/maven2/org/springframework/spring-aop/5.3.26/spring-aop-5.3.26.pom
2025-02-12 11:06:56,633 [Worker-57: Building] INFO  o.e.m.c.i.e.AbstractTransferListenerAdapter - Downloading https://repo.maven.apache.org/maven2/org/springframework/spring-beans/5.3.26/spring-beans-5.3.26.pom
2025-02-12 11:06:56,643 [Worker-57: Building] INFO  o.e.m.c.i.e.AbstractTransferListenerAdapter - Downloaded https://repo.maven.apache.org/maven2/org/springframework/spring-beans/5.3.26/spring-beans-5.3.26.pom
2025-02-12 11:06:56,707 [Worker-57: Building] INFO  o.e.m.c.i.e.AbstractTransferListenerAdapter - Downloading https://repo.maven.apache.org/maven2/org/springframework/spring-core/5.3.26/spring-core-5.3.26.pom
2025-02-12 11:06:56,714 [Worker-57: Building] INFO  o.e.m.c.i.e.AbstractTransferListenerAdapter - Downloaded https://repo.maven.apache.org/maven2/org/springframework/spring-core/5.3.26/spring-core-5.3.26.pom
2025-02-12 11:06:56,754 [Worker-57: Building] INFO  o.e.m.c.i.e.AbstractTransferListenerAdapter - Downloading https://repo.maven.apache.org/maven2/org/springframework/spring-jcl/5.3.26/spring-jcl-5.3.26.pom
2025-02-12 11:06:56,761 [Worker-57: Building] INFO  o.e.m.c.i.e.AbstractTransferListenerAdapter - Downloaded https://repo.maven.apache.org/maven2/org/springframework/spring-jcl/5.3.26/spring-jcl-5.3.26.pom
2025-02-12 11:06:56,850 [Worker-57: Building] INFO  o.e.m.c.i.e.AbstractTransferListenerAdapter - Downloading https://repo.maven.apache.org/maven2/org/springframework/spring-expression/5.3.26/spring-expression-5.3.26.pom
2025-02-12 11:06:56,858 [Worker-57: Building] INFO  o.e.m.c.i.e.AbstractTransferListenerAdapter - Downloaded https://repo.maven.apache.org/maven2/org/springframework/spring-expression/5.3.26/spring-expression-5.3.26.pom
2025-02-12 11:06:56,920 [Worker-57: Building] INFO  o.e.m.c.i.e.AbstractTransferListenerAdapter - Downloading https://repo.maven.apache.org/maven2/org/springframework/spring-jdbc/5.3.26/spring-jdbc-5.3.26.pom
2025-02-12 11:06:56,932 [Worker-57: Building] INFO  o.e.m.c.i.e.AbstractTransferListenerAdapter - Downloaded https://repo.maven.apache.org/maven2/org/springframework/spring-jdbc/5.3.26/spring-jdbc-5.3.26.pom
2025-02-12 11:06:56,979 [Worker-57: Building] INFO  o.e.m.c.i.e.AbstractTransferListenerAdapter - Downloading https://repo.maven.apache.org/maven2/org/springframework/spring-tx/5.3.26/spring-tx-5.3.26.pom
2025-02-12 11:06:56,989 [Worker-57: Building] INFO  o.e.m.c.i.e.AbstractTransferListenerAdapter - Downloaded https://repo.maven.apache.org/maven2/org/springframework/spring-tx/5.3.26/spring-tx-5.3.26.pom
2025-02-12 11:06:57,033 [Worker-57: Building] INFO  o.e.m.c.i.e.AbstractTransferListenerAdapter - Downloading https://repo.maven.apache.org/maven2/org/springframework/spring-orm/5.3.26/spring-orm-5.3.26.pom
2025-02-12 11:06:57,045 [Worker-57: Building] INFO  o.e.m.c.i.e.AbstractTransferListenerAdapter - Downloaded https://repo.maven.apache.org/maven2/org/springframework/spring-orm/5.3.26/spring-orm-5.3.26.pom
2025-02-12 11:06:57,152 [Worker-57: Building] INFO  o.e.m.c.i.e.AbstractTransferListenerAdapter - Downloading https://repo.maven.apache.org/maven2/org/springframework/spring-webmvc/5.3.26/spring-webmvc-5.3.26.pom
2025-02-12 11:06:57,182 [Worker-57: Building] INFO  o.e.m.c.i.e.AbstractTransferListenerAdapter - Downloaded https://repo.maven.apache.org/maven2/org/springframework/spring-webmvc/5.3.26/spring-webmvc-5.3.26.pom
2025-02-12 11:06:57,235 [Worker-57: Building] INFO  o.e.m.c.i.e.AbstractTransferListenerAdapter - Downloading https://repo.maven.apache.org/maven2/org/springframework/spring-web/5.3.26/spring-web-5.3.26.pom
2025-02-12 11:06:57,243 [Worker-57: Building] INFO  o.e.m.c.i.e.AbstractTransferListenerAdapter - Downloaded https://repo.maven.apache.org/maven2/org/springframework/spring-web/5.3.26/spring-web-5.3.26.pom
2025-02-12 11:06:57,387 [Worker-57: Building] INFO  o.e.m.c.i.e.AbstractTransferListenerAdapter - Downloading https://repo.maven.apache.org/maven2/org/springframework/spring-context/5.3.26/spring-context-5.3.26.jar
2025-02-12 11:06:58,064 [Worker-57: Building] INFO  o.e.m.c.i.e.AbstractTransferListenerAdapter - Downloaded https://repo.maven.apache.org/maven2/org/springframework/spring-context/5.3.26/spring-context-5.3.26.jar
2025-02-12 11:06:58,107 [BasicRepositoryConnector-repo.maven.apache.org-3-0] INFO  o.e.m.c.i.e.AbstractTransferListenerAdapter - Downloading https://repo.maven.apache.org/maven2/org/springframework/spring-aop/5.3.26/spring-aop-5.3.26.jar
2025-02-12 11:06:58,264 [BasicRepositoryConnector-repo.maven.apache.org-3-2] INFO  o.e.m.c.i.e.AbstractTransferListenerAdapter - Downloading https://repo.maven.apache.org/maven2/org/springframework/spring-core/5.3.26/spring-core-5.3.26.jar
2025-02-12 11:06:58,285 [BasicRepositoryConnector-repo.maven.apache.org-3-3] INFO  o.e.m.c.i.e.AbstractTransferListenerAdapter - Downloading https://repo.maven.apache.org/maven2/org/springframework/spring-jcl/5.3.26/spring-jcl-5.3.26.jar
2025-02-12 11:06:58,381 [BasicRepositoryConnector-repo.maven.apache.org-3-4] INFO  o.e.m.c.i.e.AbstractTransferListenerAdapter - Downloading https://repo.maven.apache.org/maven2/org/springframework/spring-expression/5.3.26/spring-expression-5.3.26.jar
2025-02-12 11:06:58,381 [BasicRepositoryConnector-repo.maven.apache.org-3-1] INFO  o.e.m.c.i.e.AbstractTransferListenerAdapter - Downloading https://repo.maven.apache.org/maven2/org/springframework/spring-beans/5.3.26/spring-beans-5.3.26.jar
2025-02-12 11:06:58,390 [BasicRepositoryConnector-repo.maven.apache.org-3-3] INFO  o.e.m.c.i.e.AbstractTransferListenerAdapter - Downloaded https://repo.maven.apache.org/maven2/org/springframework/spring-jcl/5.3.26/spring-jcl-5.3.26.jar
2025-02-12 11:06:58,391 [BasicRepositoryConnector-repo.maven.apache.org-3-0] INFO  o.e.m.c.i.e.AbstractTransferListenerAdapter - Downloaded https://repo.maven.apache.org/maven2/org/springframework/spring-aop/5.3.26/spring-aop-5.3.26.jar
2025-02-12 11:06:58,508 [BasicRepositoryConnector-repo.maven.apache.org-3-3] INFO  o.e.m.c.i.e.AbstractTransferListenerAdapter - Downloading https://repo.maven.apache.org/maven2/org/springframework/spring-jdbc/5.3.26/spring-jdbc-5.3.26.jar
2025-02-12 11:06:58,512 [BasicRepositoryConnector-repo.maven.apache.org-3-0] INFO  o.e.m.c.i.e.AbstractTransferListenerAdapter - Downloading https://repo.maven.apache.org/maven2/org/springframework/spring-tx/5.3.26/spring-tx-5.3.26.jar
2025-02-12 11:06:58,763 [BasicRepositoryConnector-repo.maven.apache.org-3-3] INFO  o.e.m.c.i.e.AbstractTransferListenerAdapter - Downloaded https://repo.maven.apache.org/maven2/org/springframework/spring-jdbc/5.3.26/spring-jdbc-5.3.26.jar
2025-02-12 11:06:58,826 [BasicRepositoryConnector-repo.maven.apache.org-3-4] INFO  o.e.m.c.i.e.AbstractTransferListenerAdapter - Downloaded https://repo.maven.apache.org/maven2/org/springframework/spring-expression/5.3.26/spring-expression-5.3.26.jar
2025-02-12 11:06:58,868 [BasicRepositoryConnector-repo.maven.apache.org-3-3] INFO  o.e.m.c.i.e.AbstractTransferListenerAdapter - Downloading https://repo.maven.apache.org/maven2/org/springframework/spring-orm/5.3.26/spring-orm-5.3.26.jar
2025-02-12 11:06:58,913 [BasicRepositoryConnector-repo.maven.apache.org-3-4] INFO  o.e.m.c.i.e.AbstractTransferListenerAdapter - Downloading https://repo.maven.apache.org/maven2/org/springframework/spring-webmvc/5.3.26/spring-webmvc-5.3.26.jar
2025-02-12 11:06:59,007 [BasicRepositoryConnector-repo.maven.apache.org-3-3] INFO  o.e.m.c.i.e.AbstractTransferListenerAdapter - Downloaded https://repo.maven.apache.org/maven2/org/springframework/spring-orm/5.3.26/spring-orm-5.3.26.jar
2025-02-12 11:06:59,097 [BasicRepositoryConnector-repo.maven.apache.org-3-3] INFO  o.e.m.c.i.e.AbstractTransferListenerAdapter - Downloading https://repo.maven.apache.org/maven2/org/springframework/spring-web/5.3.26/spring-web-5.3.26.jar
2025-02-12 11:06:59,104 [BasicRepositoryConnector-repo.maven.apache.org-3-0] INFO  o.e.m.c.i.e.AbstractTransferListenerAdapter - Downloaded https://repo.maven.apache.org/maven2/org/springframework/spring-tx/5.3.26/spring-tx-5.3.26.jar
2025-02-12 11:06:59,451 [BasicRepositoryConnector-repo.maven.apache.org-3-1] INFO  o.e.m.c.i.e.AbstractTransferListenerAdapter - Downloaded https://repo.maven.apache.org/maven2/org/springframework/spring-beans/5.3.26/spring-beans-5.3.26.jar
2025-02-12 11:07:00,566 [BasicRepositoryConnector-repo.maven.apache.org-3-3] INFO  o.e.m.c.i.e.AbstractTransferListenerAdapter - Downloaded https://repo.maven.apache.org/maven2/org/springframework/spring-web/5.3.26/spring-web-5.3.26.jar
2025-02-12 11:07:00,639 [BasicRepositoryConnector-repo.maven.apache.org-3-4] INFO  o.e.m.c.i.e.AbstractTransferListenerAdapter - Downloaded https://repo.maven.apache.org/maven2/org/springframework/spring-webmvc/5.3.26/spring-webmvc-5.3.26.jar
2025-02-12 11:07:03,961 [BasicRepositoryConnector-repo.maven.apache.org-3-2] INFO  o.e.m.c.i.e.AbstractTransferListenerAdapter - Downloaded https://repo.maven.apache.org/maven2/org/springframework/spring-core/5.3.26/spring-core-5.3.26.jar
2025-02-12 11:07:04,013 [Worker-57: Building] INFO  o.e.m.c.i.embedder.EclipseLogger - Using 'UTF-8' encoding to copy filtered resources.
2025-02-12 11:07:04,013 [Worker-57: Building] INFO  o.e.m.c.i.embedder.EclipseLogger - skip non existing resourceDirectory D:\FlipkartApp\src\main\resources
2025-02-12 11:07:04,014 [Worker-57: Building] INFO  o.e.m.c.i.embedder.EclipseLogger - Using 'UTF-8' encoding to copy filtered resources.
2025-02-12 11:07:04,014 [Worker-57: Building] INFO  o.e.m.c.i.embedder.EclipseLogger - skip non existing resourceDirectory D:\FlipkartApp\src\test\resources
2025-02-12 11:07:04,370 [Worker-55: Building] INFO  o.e.m.c.i.embedder.EclipseLogger - Using 'UTF-8' encoding to copy filtered resources.
2025-02-12 11:07:04,371 [Worker-55: Building] INFO  o.e.m.c.i.embedder.EclipseLogger - skip non existing resourceDirectory D:\FlipkartApp\src\main\resources
2025-02-12 11:07:04,372 [Worker-55: Building] INFO  o.e.m.c.i.embedder.EclipseLogger - Using 'UTF-8' encoding to copy filtered resources.
2025-02-12 11:07:04,372 [Worker-55: Building] INFO  o.e.m.c.i.embedder.EclipseLogger - skip non existing resourceDirectory D:\FlipkartApp\src\test\resources
2025-02-12 11:07:05,080 [Worker-58: Updating Maven Dependencies] INFO  o.e.m.c.i.l.LifecycleMappingFactory - Using org.eclipse.m2e.jdt.JarLifecycleMapping lifecycle mapping for MavenProject: pwskills:FlipkartApp:1.1 @ D:\FlipkartApp\pom.xml.
2025-02-12 11:07:05,374 [Worker-57: Download sources and javadoc] INFO  o.e.m.c.i.e.AbstractTransferListenerAdapter - Downloading https://repo.maven.apache.org/maven2/org/springframework/spring-context/5.3.26/spring-context-5.3.26-sources.jar
2025-02-12 11:07:06,239 [Worker-57: Download sources and javadoc] INFO  o.e.m.c.i.e.AbstractTransferListenerAdapter - Downloaded https://repo.maven.apache.org/maven2/org/springframework/spring-context/5.3.26/spring-context-5.3.26-sources.jar
2025-02-12 11:07:06,241 [Worker-57: Download sources and javadoc] INFO  o.e.m.j.internal.DownloadSourcesJob - Downloaded sources for org.springframework:spring-context:5.3.26
2025-02-12 11:07:06,403 [Worker-57: Download sources and javadoc] INFO  o.e.m.c.i.e.AbstractTransferListenerAdapter - Downloading https://repo.maven.apache.org/maven2/org/springframework/spring-aop/5.3.26/spring-aop-5.3.26-sources.jar
2025-02-12 11:07:06,436 [Worker-50: Building] INFO  o.e.m.c.i.l.LifecycleMappingFactory - Using org.eclipse.m2e.jdt.JarLifecycleMapping lifecycle mapping for MavenProject: pwskills:FlipkartApp:1.1 @ D:\OctBatchMicroservices\mvnpractise\FlipkartApp-09\pom.xml.
2025-02-12 11:07:07,275 [Worker-57: Download sources and javadoc] INFO  o.e.m.c.i.e.AbstractTransferListenerAdapter - Downloaded https://repo.maven.apache.org/maven2/org/springframework/spring-aop/5.3.26/spring-aop-5.3.26-sources.jar
2025-02-12 11:07:07,279 [Worker-57: Download sources and javadoc] INFO  o.e.m.j.internal.DownloadSourcesJob - Downloaded sources for org.springframework:spring-aop:5.3.26
2025-02-12 11:07:07,451 [Worker-57: Download sources and javadoc] INFO  o.e.m.c.i.e.AbstractTransferListenerAdapter - Downloading https://repo.maven.apache.org/maven2/org/springframework/spring-beans/5.3.26/spring-beans-5.3.26-sources.jar
2025-02-12 11:07:07,621 [Worker-57: Download sources and javadoc] INFO  o.e.m.c.i.e.AbstractTransferListenerAdapter - Downloaded https://repo.maven.apache.org/maven2/org/springframework/spring-beans/5.3.26/spring-beans-5.3.26-sources.jar
2025-02-12 11:07:07,625 [Worker-57: Download sources and javadoc] INFO  o.e.m.j.internal.DownloadSourcesJob - Downloaded sources for org.springframework:spring-beans:5.3.26
2025-02-12 11:07:07,816 [Worker-57: Download sources and javadoc] INFO  o.e.m.c.i.e.AbstractTransferListenerAdapter - Downloading https://repo.maven.apache.org/maven2/org/springframework/spring-core/5.3.26/spring-core-5.3.26-sources.jar
2025-02-12 11:07:08,608 [Worker-57: Download sources and javadoc] INFO  o.e.m.c.i.e.AbstractTransferListenerAdapter - Downloaded https://repo.maven.apache.org/maven2/org/springframework/spring-core/5.3.26/spring-core-5.3.26-sources.jar
2025-02-12 11:07:08,611 [Worker-57: Download sources and javadoc] INFO  o.e.m.j.internal.DownloadSourcesJob - Downloaded sources for org.springframework:spring-core:5.3.26
2025-02-12 11:07:09,024 [Worker-57: Download sources and javadoc] INFO  o.e.m.c.i.e.AbstractTransferListenerAdapter - Downloading https://repo.maven.apache.org/maven2/org/springframework/spring-jcl/5.3.26/spring-jcl-5.3.26-sources.jar
2025-02-12 11:07:09,055 [Worker-57: Download sources and javadoc] INFO  o.e.m.c.i.e.AbstractTransferListenerAdapter - Downloaded https://repo.maven.apache.org/maven2/org/springframework/spring-jcl/5.3.26/spring-jcl-5.3.26-sources.jar
2025-02-12 11:07:09,060 [Worker-57: Download sources and javadoc] INFO  o.e.m.j.internal.DownloadSourcesJob - Downloaded sources for org.springframework:spring-jcl:5.3.26
2025-02-12 11:07:09,132 [Worker-50: Building] INFO  o.e.m.c.i.embedder.EclipseLogger - Using 'UTF-8' encoding to copy filtered resources.
2025-02-12 11:07:09,132 [Worker-50: Building] INFO  o.e.m.c.i.embedder.EclipseLogger - skip non existing resourceDirectory D:\OctBatchMicroservices\mvnpractise\FlipkartApp-09\src\main\resources
2025-02-12 11:07:09,133 [Worker-50: Building] INFO  o.e.m.c.i.embedder.EclipseLogger - Using 'UTF-8' encoding to copy filtered resources.
2025-02-12 11:07:09,133 [Worker-50: Building] INFO  o.e.m.c.i.embedder.EclipseLogger - skip non existing resourceDirectory D:\OctBatchMicroservices\mvnpractise\FlipkartApp-09\src\test\resources
2025-02-12 11:07:09,372 [Worker-52: Building] INFO  o.e.m.c.i.embedder.EclipseLogger - Using 'UTF-8' encoding to copy filtered resources.
2025-02-12 11:07:09,372 [Worker-52: Building] INFO  o.e.m.c.i.embedder.EclipseLogger - skip non existing resourceDirectory D:\OctBatchMicroservices\mvnpractise\FlipkartApp-09\src\main\resources
2025-02-12 11:07:09,375 [Worker-52: Building] INFO  o.e.m.c.i.embedder.EclipseLogger - Using 'UTF-8' encoding to copy filtered resources.
2025-02-12 11:07:09,375 [Worker-52: Building] INFO  o.e.m.c.i.embedder.EclipseLogger - skip non existing resourceDirectory D:\OctBatchMicroservices\mvnpractise\FlipkartApp-09\src\test\resources
2025-02-12 11:07:09,516 [Worker-57: Download sources and javadoc] INFO  o.e.m.c.i.e.AbstractTransferListenerAdapter - Downloading https://repo.maven.apache.org/maven2/org/springframework/spring-expression/5.3.26/spring-expression-5.3.26-sources.jar
2025-02-12 11:07:09,697 [Worker-57: Download sources and javadoc] INFO  o.e.m.c.i.e.AbstractTransferListenerAdapter - Downloaded https://repo.maven.apache.org/maven2/org/springframework/spring-expression/5.3.26/spring-expression-5.3.26-sources.jar
2025-02-12 11:07:09,700 [Worker-57: Download sources and javadoc] INFO  o.e.m.j.internal.DownloadSourcesJob - Downloaded sources for org.springframework:spring-expression:5.3.26
2025-02-12 11:07:10,150 [Worker-57: Download sources and javadoc] INFO  o.e.m.c.i.e.AbstractTransferListenerAdapter - Downloading https://repo.maven.apache.org/maven2/org/springframework/spring-jdbc/5.3.26/spring-jdbc-5.3.26-sources.jar
2025-02-12 11:07:10,189 [Worker-58: Updating Maven Dependencies] INFO  o.e.m.c.i.l.LifecycleMappingFactory - Using org.eclipse.m2e.jdt.JarLifecycleMapping lifecycle mapping for MavenProject: pwskills:FlipkartApp:1.1 @ D:\FlipkartApp\pom.xml.
2025-02-12 11:07:11,513 [Worker-57: Download sources and javadoc] INFO  o.e.m.c.i.e.AbstractTransferListenerAdapter - Downloaded https://repo.maven.apache.org/maven2/org/springframework/spring-jdbc/5.3.26/spring-jdbc-5.3.26-sources.jar
2025-02-12 11:07:11,516 [Worker-57: Download sources and javadoc] INFO  o.e.m.j.internal.DownloadSourcesJob - Downloaded sources for org.springframework:spring-jdbc:5.3.26
2025-02-12 11:07:11,843 [Worker-57: Download sources and javadoc] INFO  o.e.m.c.i.e.AbstractTransferListenerAdapter - Downloading https://repo.maven.apache.org/maven2/org/springframework/spring-tx/5.3.26/spring-tx-5.3.26-sources.jar
2025-02-12 11:07:12,690 [Worker-57: Download sources and javadoc] INFO  o.e.m.c.i.e.AbstractTransferListenerAdapter - Downloaded https://repo.maven.apache.org/maven2/org/springframework/spring-tx/5.3.26/spring-tx-5.3.26-sources.jar
2025-02-12 11:07:12,695 [Worker-57: Download sources and javadoc] INFO  o.e.m.j.internal.DownloadSourcesJob - Downloaded sources for org.springframework:spring-tx:5.3.26
2025-02-12 11:07:13,021 [Worker-57: Download sources and javadoc] INFO  o.e.m.c.i.e.AbstractTransferListenerAdapter - Downloading https://repo.maven.apache.org/maven2/org/springframework/spring-orm/5.3.26/spring-orm-5.3.26-sources.jar
2025-02-12 11:07:13,766 [Worker-57: Download sources and javadoc] INFO  o.e.m.c.i.e.AbstractTransferListenerAdapter - Downloaded https://repo.maven.apache.org/maven2/org/springframework/spring-orm/5.3.26/spring-orm-5.3.26-sources.jar
2025-02-12 11:07:13,770 [Worker-57: Download sources and javadoc] INFO  o.e.m.j.internal.DownloadSourcesJob - Downloaded sources for org.springframework:spring-orm:5.3.26
2025-02-12 11:07:13,771 [Worker-57: Download sources and javadoc] WARN  o.e.m.j.internal.DownloadSourcesJob - IPackageFragmentRoot is missing, skipping javadoc/source attachment for project P/FlipkartApp
2025-02-12 11:07:14,737 [Worker-57: Download sources and javadoc] INFO  o.e.m.c.i.e.AbstractTransferListenerAdapter - Downloading https://repo.maven.apache.org/maven2/org/springframework/spring-webmvc/5.3.26/spring-webmvc-5.3.26-sources.jar
2025-02-12 11:07:17,383 [Worker-57: Download sources and javadoc] INFO  o.e.m.c.i.e.AbstractTransferListenerAdapter - Downloaded https://repo.maven.apache.org/maven2/org/springframework/spring-webmvc/5.3.26/spring-webmvc-5.3.26-sources.jar
2025-02-12 11:07:17,387 [Worker-57: Download sources and javadoc] INFO  o.e.m.j.internal.DownloadSourcesJob - Downloaded sources for org.springframework:spring-webmvc:5.3.26
2025-02-12 11:07:17,387 [Worker-57: Download sources and javadoc] WARN  o.e.m.j.internal.DownloadSourcesJob - IPackageFragmentRoot is missing, skipping javadoc/source attachment for project P/FlipkartApp
2025-02-12 11:07:18,116 [Worker-57: Download sources and javadoc] INFO  o.e.m.c.i.e.AbstractTransferListenerAdapter - Downloading https://repo.maven.apache.org/maven2/org/springframework/spring-web/5.3.26/spring-web-5.3.26-sources.jar
2025-02-12 11:07:20,416 [Worker-57: Download sources and javadoc] INFO  o.e.m.c.i.e.AbstractTransferListenerAdapter - Downloaded https://repo.maven.apache.org/maven2/org/springframework/spring-web/5.3.26/spring-web-5.3.26-sources.jar
2025-02-12 11:07:20,419 [Worker-57: Download sources and javadoc] INFO  o.e.m.j.internal.DownloadSourcesJob - Downloaded sources for org.springframework:spring-web:5.3.26
2025-02-12 11:07:20,419 [Worker-57: Download sources and javadoc] WARN  o.e.m.j.internal.DownloadSourcesJob - IPackageFragmentRoot is missing, skipping javadoc/source attachment for project P/FlipkartApp
2025-02-12 11:07:20,422 [Worker-57: Download sources and javadoc] INFO  o.e.m.j.internal.DownloadSourcesJob - Downloaded sources for org.springframework:spring-expression:5.3.26
2025-02-12 11:07:20,426 [Worker-57: Download sources and javadoc] INFO  o.e.m.j.internal.DownloadSourcesJob - Downloaded sources for org.springframework:spring-jdbc:5.3.26
2025-02-12 11:07:20,429 [Worker-57: Download sources and javadoc] INFO  o.e.m.j.internal.DownloadSourcesJob - Downloaded sources for org.springframework:spring-tx:5.3.26
2025-02-12 11:07:20,432 [Worker-57: Download sources and javadoc] INFO  o.e.m.j.internal.DownloadSourcesJob - Downloaded sources for org.springframework:spring-orm:5.3.26
2025-02-12 11:07:20,434 [Worker-57: Download sources and javadoc] INFO  o.e.m.j.internal.DownloadSourcesJob - Downloaded sources for org.springframework:spring-webmvc:5.3.26
2025-02-12 11:07:20,436 [Worker-57: Download sources and javadoc] INFO  o.e.m.j.internal.DownloadSourcesJob - Downloaded sources for org.springframework:spring-web:5.3.26
2025-02-12 11:09:31,720 [main] ERROR o.e.m2e.editor.pom.MavenPomEditor - Cannot determine URI for '/ChildProject/pom.xml'.
org.eclipse.ui.PartInitException: Cannot determine URI for '/ChildProject/pom.xml'.
	at org.eclipse.ui.texteditor.AbstractTextEditor.internalInit(AbstractTextEditor.java:3202)
	at org.eclipse.ui.texteditor.AbstractTextEditor.init(AbstractTextEditor.java:3213)
	at org.eclipse.ui.part.MultiPageEditorPart.addPage(MultiPageEditorPart.java:224)
	at org.eclipse.ui.forms.editor.FormEditor.addPage(FormEditor.java:331)
	at org.eclipse.ui.part.MultiPageEditorPart.addPage(MultiPageEditorPart.java:203)
	at org.eclipse.ui.forms.editor.FormEditor.addPage(FormEditor.java:313)
	at org.eclipse.m2e.editor.pom.MavenPomEditor.addFallbackEditors(MavenPomEditor.java:361)
	at org.eclipse.m2e.editor.pom.MavenPomEditor.addPages(MavenPomEditor.java:337)
	at org.eclipse.ui.forms.editor.FormEditor.createPages(FormEditor.java:143)
	at org.eclipse.ui.part.MultiPageEditorPart.createPartControl(MultiPageEditorPart.java:332)
	at org.eclipse.ui.internal.e4.compatibility.CompatibilityPart.createPartControl(CompatibilityPart.java:158)
	at org.eclipse.ui.internal.e4.compatibility.CompatibilityEditor.createPartControl(CompatibilityEditor.java:96)
	at org.eclipse.ui.internal.e4.compatibility.CompatibilityPart.create(CompatibilityPart.java:365)
	at java.base/jdk.internal.reflect.DirectMethodHandleAccessor.invoke(DirectMethodHandleAccessor.java:103)
	at java.base/java.lang.reflect.Method.invoke(Method.java:580)
	at org.eclipse.e4.core.internal.di.MethodRequestor.execute(MethodRequestor.java:56)
	at org.eclipse.e4.core.internal.di.InjectorImpl.processAnnotated(InjectorImpl.java:977)
	at org.eclipse.e4.core.internal.di.InjectorImpl.processAnnotated(InjectorImpl.java:939)
	at org.eclipse.e4.core.internal.di.InjectorImpl.internalInject(InjectorImpl.java:139)
	at org.eclipse.e4.core.internal.di.InjectorImpl.internalMake(InjectorImpl.java:386)
	at org.eclipse.e4.core.internal.di.InjectorImpl.make(InjectorImpl.java:312)
	at org.eclipse.e4.core.contexts.ContextInjectionFactory.make(ContextInjectionFactory.java:203)
	at org.eclipse.e4.ui.internal.workbench.ReflectionContributionFactory.createFromBundle(ReflectionContributionFactory.java:90)
	at org.eclipse.e4.ui.internal.workbench.ReflectionContributionFactory.doCreate(ReflectionContributionFactory.java:59)
	at org.eclipse.e4.ui.internal.workbench.ReflectionContributionFactory.create(ReflectionContributionFactory.java:42)
	at org.eclipse.e4.ui.workbench.renderers.swt.ContributedPartRenderer.createWidget(ContributedPartRenderer.java:132)
	at org.eclipse.e4.ui.internal.workbench.swt.PartRenderingEngine.createWidget(PartRenderingEngine.java:991)
	at org.eclipse.e4.ui.internal.workbench.swt.PartRenderingEngine.safeCreateGui(PartRenderingEngine.java:658)
	at org.eclipse.e4.ui.internal.workbench.swt.PartRenderingEngine.safeCreateGui(PartRenderingEngine.java:762)
	at org.eclipse.e4.ui.internal.workbench.swt.PartRenderingEngine$2.run(PartRenderingEngine.java:727)
	at org.eclipse.core.runtime.SafeRunner.run(SafeRunner.java:47)
	at org.eclipse.e4.ui.internal.workbench.swt.PartRenderingEngine.createGui(PartRenderingEngine.java:711)
	at org.eclipse.e4.ui.internal.workbench.PartServiceImpl.lambda$0(PartServiceImpl.java:105)
	at org.eclipse.e4.ui.services.internal.events.UIEventHandler.lambda$0(UIEventHandler.java:38)
	at org.eclipse.swt.widgets.Synchronizer.syncExec(Synchronizer.java:183)
	at org.eclipse.ui.internal.UISynchronizer.syncExec(UISynchronizer.java:133)
	at org.eclipse.swt.widgets.Display.syncExec(Display.java:4855)
	at org.eclipse.e4.ui.workbench.swt.DisplayUISynchronize.syncExec(DisplayUISynchronize.java:34)
	at org.eclipse.e4.ui.services.internal.events.UIEventHandler.handleEvent(UIEventHandler.java:38)
	at org.eclipse.equinox.internal.event.EventHandlerWrapper.handleEvent(EventHandlerWrapper.java:206)
	at org.eclipse.equinox.internal.event.EventHandlerTracker.dispatchEvent(EventHandlerTracker.java:201)
	at org.eclipse.equinox.internal.event.EventHandlerTracker.dispatchEvent(EventHandlerTracker.java:1)
	at org.eclipse.osgi.framework.eventmgr.EventManager.dispatchEvent(EventManager.java:230)
	at org.eclipse.osgi.framework.eventmgr.ListenerQueue.dispatchEventSynchronous(ListenerQueue.java:151)
	at org.eclipse.equinox.internal.event.EventAdminImpl.dispatchEvent(EventAdminImpl.java:131)
	at org.eclipse.equinox.internal.event.EventAdminImpl.sendEvent(EventAdminImpl.java:73)
	at org.eclipse.equinox.internal.event.EventComponent.sendEvent(EventComponent.java:44)
	at org.eclipse.e4.ui.services.internal.events.EventBroker.send(EventBroker.java:55)
	at org.eclipse.e4.ui.internal.workbench.UIEventPublisher.notifyChanged(UIEventPublisher.java:60)
	at org.eclipse.emf.common.notify.impl.BasicNotifierImpl.eNotify(BasicNotifierImpl.java:424)
	at org.eclipse.e4.ui.model.application.ui.impl.ElementContainerImpl.setSelectedElementGen(ElementContainerImpl.java:168)
	at org.eclipse.e4.ui.model.application.ui.impl.ElementContainerImpl.setSelectedElement(ElementContainerImpl.java:187)
	at org.eclipse.e4.ui.internal.workbench.ModelServiceImpl.showElementInWindow(ModelServiceImpl.java:654)
	at org.eclipse.e4.ui.internal.workbench.ModelServiceImpl.bringToTop(ModelServiceImpl.java:618)
	at org.eclipse.e4.ui.internal.workbench.PartServiceImpl.delegateBringToTop(PartServiceImpl.java:796)
	at org.eclipse.e4.ui.internal.workbench.PartServiceImpl.showPart(PartServiceImpl.java:1268)
	at org.eclipse.ui.internal.WorkbenchPage.busyOpenEditor(WorkbenchPage.java:3228)
	at org.eclipse.ui.internal.WorkbenchPage.lambda$11(WorkbenchPage.java:3118)
	at org.eclipse.swt.custom.BusyIndicator.showWhile(BusyIndicator.java:67)
	at org.eclipse.ui.internal.WorkbenchPage.openEditor(WorkbenchPage.java:3116)
	at org.eclipse.ui.internal.WorkbenchPage.openEditor(WorkbenchPage.java:3086)
	at org.eclipse.ui.internal.WorkbenchPage.openEditor(WorkbenchPage.java:3069)
	at org.eclipse.ui.texteditor.GotoLastEditPositionAction.run(GotoLastEditPositionAction.java:97)
	at org.eclipse.ui.texteditor.GotoLastEditPositionAction.run(GotoLastEditPositionAction.java:67)
	at org.eclipse.ui.internal.PluginAction.runWithEvent(PluginAction.java:239)
	at org.eclipse.ui.internal.WWinPluginAction.runWithEvent(WWinPluginAction.java:218)
	at org.eclipse.jface.action.ActionContributionItem.handleWidgetSelection(ActionContributionItem.java:581)
	at org.eclipse.jface.action.ActionContributionItem.lambda$5(ActionContributionItem.java:454)
	at org.eclipse.swt.widgets.EventTable.sendEvent(EventTable.java:91)
	at org.eclipse.swt.widgets.Display.sendEvent(Display.java:4326)
	at org.eclipse.swt.widgets.Widget.sendEvent(Widget.java:1174)
	at org.eclipse.swt.widgets.Display.runDeferredEvents(Display.java:4124)
	at org.eclipse.swt.widgets.Display.readAndDispatch(Display.java:3712)
	at org.eclipse.e4.ui.internal.workbench.swt.PartRenderingEngine$5.run(PartRenderingEngine.java:1151)
	at org.eclipse.core.databinding.observable.Realm.runWithDefault(Realm.java:339)
	at org.eclipse.e4.ui.internal.workbench.swt.PartRenderingEngine.run(PartRenderingEngine.java:1042)
	at org.eclipse.e4.ui.internal.workbench.E4Workbench.createAndRunUI(E4Workbench.java:153)
	at org.eclipse.ui.internal.Workbench.lambda$3(Workbench.java:639)
	at org.eclipse.core.databinding.observable.Realm.runWithDefault(Realm.java:339)
	at org.eclipse.ui.internal.Workbench.createAndRunWorkbench(Workbench.java:546)
	at org.eclipse.ui.PlatformUI.createAndRunWorkbench(PlatformUI.java:173)
	at org.eclipse.ui.internal.ide.application.IDEApplication.start(IDEApplication.java:152)
	at org.eclipse.equinox.internal.app.EclipseAppHandle.run(EclipseAppHandle.java:208)
	at org.eclipse.core.runtime.internal.adaptor.EclipseAppLauncher.runApplication(EclipseAppLauncher.java:143)
	at org.eclipse.core.runtime.internal.adaptor.EclipseAppLauncher.start(EclipseAppLauncher.java:109)
	at org.eclipse.core.runtime.adaptor.EclipseStarter.run(EclipseStarter.java:439)
	at org.eclipse.core.runtime.adaptor.EclipseStarter.run(EclipseStarter.java:271)
	at java.base/jdk.internal.reflect.DirectMethodHandleAccessor.invoke(DirectMethodHandleAccessor.java:103)
	at java.base/java.lang.reflect.Method.invoke(Method.java:580)
	at org.eclipse.equinox.launcher.Main.invokeFramework(Main.java:668)
	at org.eclipse.equinox.launcher.Main.basicRun(Main.java:605)
	at org.eclipse.equinox.launcher.Main.run(Main.java:1481)
	at org.eclipse.equinox.launcher.Main.main(Main.java:1454)
Caused by: org.eclipse.core.runtime.CoreException: Cannot determine URI for '/ChildProject/pom.xml'.
	at org.eclipse.core.internal.filebuffers.ResourceFileBuffer.create(ResourceFileBuffer.java:239)
	at org.eclipse.core.internal.filebuffers.TextFileBufferManager.connect(TextFileBufferManager.java:116)
	at org.eclipse.ui.editors.text.TextFileDocumentProvider.createFileInfo(TextFileDocumentProvider.java:565)
	at org.eclipse.ui.editors.text.TextFileDocumentProvider.connect(TextFileDocumentProvider.java:481)
	at org.eclipse.ui.texteditor.AbstractTextEditor.doSetInput(AbstractTextEditor.java:4187)
	at org.eclipse.ui.texteditor.StatusTextEditor.doSetInput(StatusTextEditor.java:262)
	at org.eclipse.ui.texteditor.AbstractDecoratedTextEditor.doSetInput(AbstractDecoratedTextEditor.java:1521)
	at org.eclipse.ui.editors.text.TextEditor.doSetInput(TextEditor.java:153)
	at org.eclipse.ui.internal.genericeditor.ExtensionBasedTextEditor.doSetInput(ExtensionBasedTextEditor.java:92)
	at org.eclipse.ui.texteditor.AbstractTextEditor.lambda$1(AbstractTextEditor.java:3171)
	at org.eclipse.jface.operation.ModalContext.runInCurrentThread(ModalContext.java:434)
	at org.eclipse.jface.operation.ModalContext.run(ModalContext.java:354)
	at org.eclipse.ui.internal.WorkbenchWindow.lambda$7(WorkbenchWindow.java:2341)
	at org.eclipse.swt.custom.BusyIndicator.showWhile(BusyIndicator.java:67)
	at org.eclipse.ui.internal.WorkbenchWindow.run(WorkbenchWindow.java:2338)
	at org.eclipse.ui.texteditor.AbstractTextEditor.internalInit(AbstractTextEditor.java:3188)
	... 92 common frames omitted
2025-02-12 11:53:04,504 [Worker-70: Building] INFO  o.e.m.c.i.l.LifecycleMappingFactory - Using org.eclipse.m2e.jdt.JarLifecycleMapping lifecycle mapping for MavenProject: pwskills:FlipkartApp:1.1 @ D:\OctBatchMicroservices\mvnpractise\FlipkartApp-08\pom.xml.
2025-02-12 11:53:04,687 [Worker-70: Building] INFO  o.e.m.c.i.embedder.EclipseLogger - Using 'UTF-8' encoding to copy filtered resources.
2025-02-12 11:53:04,687 [Worker-70: Building] INFO  o.e.m.c.i.embedder.EclipseLogger - skip non existing resourceDirectory D:\OctBatchMicroservices\mvnpractise\FlipkartApp-08\src\main\resources
2025-02-12 11:53:04,688 [Worker-70: Building] INFO  o.e.m.c.i.embedder.EclipseLogger - Using 'UTF-8' encoding to copy filtered resources.
2025-02-12 11:53:04,688 [Worker-70: Building] INFO  o.e.m.c.i.embedder.EclipseLogger - skip non existing resourceDirectory D:\OctBatchMicroservices\mvnpractise\FlipkartApp-08\src\test\resources
2025-02-12 11:53:04,872 [Worker-69: Building] INFO  o.e.m.c.i.embedder.EclipseLogger - Using 'UTF-8' encoding to copy filtered resources.
2025-02-12 11:53:04,872 [Worker-69: Building] INFO  o.e.m.c.i.embedder.EclipseLogger - skip non existing resourceDirectory D:\OctBatchMicroservices\mvnpractise\FlipkartApp-08\src\main\resources
2025-02-12 11:53:04,873 [Worker-69: Building] INFO  o.e.m.c.i.embedder.EclipseLogger - Using 'UTF-8' encoding to copy filtered resources.
2025-02-12 11:53:04,873 [Worker-69: Building] INFO  o.e.m.c.i.embedder.EclipseLogger - skip non existing resourceDirectory D:\OctBatchMicroservices\mvnpractise\FlipkartApp-08\src\test\resources
2025-02-12 11:53:30,778 [Worker-71: Building] INFO  o.e.m.c.i.l.LifecycleMappingFactory - Using NULL lifecycle mapping for MavenProject: FlipkartApp:MavenMultiModule:1.1 @ D:\OctBatchMicroservices\mvnpractise\MavenMultiModule-09\pom.xml.
2025-02-12 11:57:20,859 [ModalContext] INFO  o.e.m.c.i.e.AbstractTransferListenerAdapter - Downloading https://repo.maven.apache.org/maven2/org/apache/maven/archetypes/maven-archetype-webapp/1.5/maven-archetype-webapp-1.5.pom
2025-02-12 11:57:20,888 [ModalContext] INFO  o.e.m.c.i.e.AbstractTransferListenerAdapter - Downloaded https://repo.maven.apache.org/maven2/org/apache/maven/archetypes/maven-archetype-webapp/1.5/maven-archetype-webapp-1.5.pom
2025-02-12 11:57:21,009 [ModalContext] INFO  o.e.m.c.i.e.AbstractTransferListenerAdapter - Downloading https://repo.maven.apache.org/maven2/org/apache/maven/archetypes/maven-archetype-webapp/1.5/maven-archetype-webapp-1.5.jar
2025-02-12 11:57:21,015 [ModalContext] INFO  o.e.m.c.i.e.AbstractTransferListenerAdapter - Downloaded https://repo.maven.apache.org/maven2/org/apache/maven/archetypes/maven-archetype-webapp/1.5/maven-archetype-webapp-1.5.jar
2025-02-12 11:58:16,385 [Worker-74: Launching mavenrun-56d0f4db-90f1-49b4-aafd-1f3b6c54452d] INFO  o.eclipse.m2e.core.internal.Bundles - getClasspathEntries(Bundle=org.eclipse.m2e.maven.runtime_3.9.900.20240824-1409 [640])
2025-02-12 11:58:16,387 [Worker-74: Launching mavenrun-56d0f4db-90f1-49b4-aafd-1f3b6c54452d] INFO  o.eclipse.m2e.core.internal.Bundles - 	Entry: C:\Users\akash\.p2\pool\plugins\org.eclipse.m2e.maven.runtime_3.9.900.20240824-1409
2025-02-12 11:58:16,388 [Worker-74: Launching mavenrun-56d0f4db-90f1-49b4-aafd-1f3b6c54452d] INFO  o.eclipse.m2e.core.internal.Bundles - 	Entry: C:\Users\akash\.p2\pool\plugins\org.eclipse.m2e.maven.runtime_3.9.900.20240824-1409\jars\aopalliance-1.0.jar
2025-02-12 11:58:16,388 [Worker-74: Launching mavenrun-56d0f4db-90f1-49b4-aafd-1f3b6c54452d] INFO  o.eclipse.m2e.core.internal.Bundles - 	Entry: C:\Users\akash\.p2\pool\plugins\org.eclipse.m2e.maven.runtime_3.9.900.20240824-1409\jars\guice-5.1.0.jar
2025-02-12 11:58:16,388 [Worker-74: Launching mavenrun-56d0f4db-90f1-49b4-aafd-1f3b6c54452d] INFO  o.eclipse.m2e.core.internal.Bundles - 	Entry: C:\Users\akash\.p2\pool\plugins\org.eclipse.m2e.maven.runtime_3.9.900.20240824-1409\jars\httpclient-4.5.14.jar
2025-02-12 11:58:16,388 [Worker-74: Launching mavenrun-56d0f4db-90f1-49b4-aafd-1f3b6c54452d] INFO  o.eclipse.m2e.core.internal.Bundles - 	Entry: C:\Users\akash\.p2\pool\plugins\org.eclipse.m2e.maven.runtime_3.9.900.20240824-1409\jars\httpcore-4.4.16.jar
2025-02-12 11:58:16,388 [Worker-74: Launching mavenrun-56d0f4db-90f1-49b4-aafd-1f3b6c54452d] INFO  o.eclipse.m2e.core.internal.Bundles - 	Entry: C:\Users\akash\.p2\pool\plugins\org.eclipse.m2e.maven.runtime_3.9.900.20240824-1409\jars\jansi-2.4.1.jar
2025-02-12 11:58:16,388 [Worker-74: Launching mavenrun-56d0f4db-90f1-49b4-aafd-1f3b6c54452d] INFO  o.eclipse.m2e.core.internal.Bundles - 	Entry: C:\Users\akash\.p2\pool\plugins\org.eclipse.m2e.maven.runtime_3.9.900.20240824-1409\jars\jcl-over-slf4j-1.7.36.jar
2025-02-12 11:58:16,388 [Worker-74: Launching mavenrun-56d0f4db-90f1-49b4-aafd-1f3b6c54452d] INFO  o.eclipse.m2e.core.internal.Bundles - 	Entry: C:\Users\akash\.p2\pool\plugins\org.eclipse.m2e.maven.runtime_3.9.900.20240824-1409\jars\maven-artifact-3.9.9.jar
2025-02-12 11:58:16,388 [Worker-74: Launching mavenrun-56d0f4db-90f1-49b4-aafd-1f3b6c54452d] INFO  o.eclipse.m2e.core.internal.Bundles - 	Entry: C:\Users\akash\.p2\pool\plugins\org.eclipse.m2e.maven.runtime_3.9.900.20240824-1409\jars\maven-builder-support-3.9.9.jar
2025-02-12 11:58:16,388 [Worker-74: Launching mavenrun-56d0f4db-90f1-49b4-aafd-1f3b6c54452d] INFO  o.eclipse.m2e.core.internal.Bundles - 	Entry: C:\Users\akash\.p2\pool\plugins\org.eclipse.m2e.maven.runtime_3.9.900.20240824-1409\jars\maven-compat-3.9.9.jar
2025-02-12 11:58:16,388 [Worker-74: Launching mavenrun-56d0f4db-90f1-49b4-aafd-1f3b6c54452d] INFO  o.eclipse.m2e.core.internal.Bundles - 	Entry: C:\Users\akash\.p2\pool\plugins\org.eclipse.m2e.maven.runtime_3.9.900.20240824-1409\jars\maven-core-3.9.9.jar
2025-02-12 11:58:16,388 [Worker-74: Launching mavenrun-56d0f4db-90f1-49b4-aafd-1f3b6c54452d] INFO  o.eclipse.m2e.core.internal.Bundles - 	Entry: C:\Users\akash\.p2\pool\plugins\org.eclipse.m2e.maven.runtime_3.9.900.20240824-1409\jars\maven-embedder-3.9.9.jar
2025-02-12 11:58:16,388 [Worker-74: Launching mavenrun-56d0f4db-90f1-49b4-aafd-1f3b6c54452d] INFO  o.eclipse.m2e.core.internal.Bundles - 	Entry: C:\Users\akash\.p2\pool\plugins\org.eclipse.m2e.maven.runtime_3.9.900.20240824-1409\jars\maven-model-3.9.9.jar
2025-02-12 11:58:16,388 [Worker-74: Launching mavenrun-56d0f4db-90f1-49b4-aafd-1f3b6c54452d] INFO  o.eclipse.m2e.core.internal.Bundles - 	Entry: C:\Users\akash\.p2\pool\plugins\org.eclipse.m2e.maven.runtime_3.9.900.20240824-1409\jars\maven-model-builder-3.9.9.jar
2025-02-12 11:58:16,388 [Worker-74: Launching mavenrun-56d0f4db-90f1-49b4-aafd-1f3b6c54452d] INFO  o.eclipse.m2e.core.internal.Bundles - 	Entry: C:\Users\akash\.p2\pool\plugins\org.eclipse.m2e.maven.runtime_3.9.900.20240824-1409\jars\maven-plugin-api-3.9.9.jar
2025-02-12 11:58:16,388 [Worker-74: Launching mavenrun-56d0f4db-90f1-49b4-aafd-1f3b6c54452d] INFO  o.eclipse.m2e.core.internal.Bundles - 	Entry: C:\Users\akash\.p2\pool\plugins\org.eclipse.m2e.maven.runtime_3.9.900.20240824-1409\jars\maven-repository-metadata-3.9.9.jar
2025-02-12 11:58:16,388 [Worker-74: Launching mavenrun-56d0f4db-90f1-49b4-aafd-1f3b6c54452d] INFO  o.eclipse.m2e.core.internal.Bundles - 	Entry: C:\Users\akash\.p2\pool\plugins\org.eclipse.m2e.maven.runtime_3.9.900.20240824-1409\jars\maven-resolver-api-1.9.22.jar
2025-02-12 11:58:16,389 [Worker-74: Launching mavenrun-56d0f4db-90f1-49b4-aafd-1f3b6c54452d] INFO  o.eclipse.m2e.core.internal.Bundles - 	Entry: C:\Users\akash\.p2\pool\plugins\org.eclipse.m2e.maven.runtime_3.9.900.20240824-1409\jars\maven-resolver-connector-basic-1.9.22.jar
2025-02-12 11:58:16,389 [Worker-74: Launching mavenrun-56d0f4db-90f1-49b4-aafd-1f3b6c54452d] INFO  o.eclipse.m2e.core.internal.Bundles - 	Entry: C:\Users\akash\.p2\pool\plugins\org.eclipse.m2e.maven.runtime_3.9.900.20240824-1409\jars\maven-resolver-impl-1.9.22.jar
2025-02-12 11:58:16,389 [Worker-74: Launching mavenrun-56d0f4db-90f1-49b4-aafd-1f3b6c54452d] INFO  o.eclipse.m2e.core.internal.Bundles - 	Entry: C:\Users\akash\.p2\pool\plugins\org.eclipse.m2e.maven.runtime_3.9.900.20240824-1409\jars\maven-resolver-named-locks-1.9.22.jar
2025-02-12 11:58:16,389 [Worker-74: Launching mavenrun-56d0f4db-90f1-49b4-aafd-1f3b6c54452d] INFO  o.eclipse.m2e.core.internal.Bundles - 	Entry: C:\Users\akash\.p2\pool\plugins\org.eclipse.m2e.maven.runtime_3.9.900.20240824-1409\jars\maven-resolver-provider-3.9.9.jar
2025-02-12 11:58:16,389 [Worker-74: Launching mavenrun-56d0f4db-90f1-49b4-aafd-1f3b6c54452d] INFO  o.eclipse.m2e.core.internal.Bundles - 	Entry: C:\Users\akash\.p2\pool\plugins\org.eclipse.m2e.maven.runtime_3.9.900.20240824-1409\jars\maven-resolver-spi-1.9.22.jar
2025-02-12 11:58:16,389 [Worker-74: Launching mavenrun-56d0f4db-90f1-49b4-aafd-1f3b6c54452d] INFO  o.eclipse.m2e.core.internal.Bundles - 	Entry: C:\Users\akash\.p2\pool\plugins\org.eclipse.m2e.maven.runtime_3.9.900.20240824-1409\jars\maven-resolver-transport-file-1.9.22.jar
2025-02-12 11:58:16,389 [Worker-74: Launching mavenrun-56d0f4db-90f1-49b4-aafd-1f3b6c54452d] INFO  o.eclipse.m2e.core.internal.Bundles - 	Entry: C:\Users\akash\.p2\pool\plugins\org.eclipse.m2e.maven.runtime_3.9.900.20240824-1409\jars\maven-resolver-transport-http-1.9.22.jar
2025-02-12 11:58:16,389 [Worker-74: Launching mavenrun-56d0f4db-90f1-49b4-aafd-1f3b6c54452d] INFO  o.eclipse.m2e.core.internal.Bundles - 	Entry: C:\Users\akash\.p2\pool\plugins\org.eclipse.m2e.maven.runtime_3.9.900.20240824-1409\jars\maven-resolver-transport-wagon-1.9.22.jar
2025-02-12 11:58:16,389 [Worker-74: Launching mavenrun-56d0f4db-90f1-49b4-aafd-1f3b6c54452d] INFO  o.eclipse.m2e.core.internal.Bundles - 	Entry: C:\Users\akash\.p2\pool\plugins\org.eclipse.m2e.maven.runtime_3.9.900.20240824-1409\jars\maven-resolver-util-1.9.22.jar
2025-02-12 11:58:16,389 [Worker-74: Launching mavenrun-56d0f4db-90f1-49b4-aafd-1f3b6c54452d] INFO  o.eclipse.m2e.core.internal.Bundles - 	Entry: C:\Users\akash\.p2\pool\plugins\org.eclipse.m2e.maven.runtime_3.9.900.20240824-1409\jars\maven-settings-3.9.9.jar
2025-02-12 11:58:16,389 [Worker-74: Launching mavenrun-56d0f4db-90f1-49b4-aafd-1f3b6c54452d] INFO  o.eclipse.m2e.core.internal.Bundles - 	Entry: C:\Users\akash\.p2\pool\plugins\org.eclipse.m2e.maven.runtime_3.9.900.20240824-1409\jars\maven-settings-builder-3.9.9.jar
2025-02-12 11:58:16,389 [Worker-74: Launching mavenrun-56d0f4db-90f1-49b4-aafd-1f3b6c54452d] INFO  o.eclipse.m2e.core.internal.Bundles - 	Entry: C:\Users\akash\.p2\pool\plugins\org.eclipse.m2e.maven.runtime_3.9.900.20240824-1409\jars\maven-shared-utils-3.4.2.jar
2025-02-12 11:58:16,389 [Worker-74: Launching mavenrun-56d0f4db-90f1-49b4-aafd-1f3b6c54452d] INFO  o.eclipse.m2e.core.internal.Bundles - 	Entry: C:\Users\akash\.p2\pool\plugins\org.eclipse.m2e.maven.runtime_3.9.900.20240824-1409\jars\org.eclipse.sisu.inject-0.9.0.M3.jar
2025-02-12 11:58:16,389 [Worker-74: Launching mavenrun-56d0f4db-90f1-49b4-aafd-1f3b6c54452d] INFO  o.eclipse.m2e.core.internal.Bundles - 	Entry: C:\Users\akash\.p2\pool\plugins\org.eclipse.m2e.maven.runtime_3.9.900.20240824-1409\jars\org.eclipse.sisu.plexus-0.9.0.M3.jar
2025-02-12 11:58:16,389 [Worker-74: Launching mavenrun-56d0f4db-90f1-49b4-aafd-1f3b6c54452d] INFO  o.eclipse.m2e.core.internal.Bundles - 	Entry: C:\Users\akash\.p2\pool\plugins\org.eclipse.m2e.maven.runtime_3.9.900.20240824-1409\jars\plexus-build-api-0.0.7.jar
2025-02-12 11:58:16,389 [Worker-74: Launching mavenrun-56d0f4db-90f1-49b4-aafd-1f3b6c54452d] INFO  o.eclipse.m2e.core.internal.Bundles - 	Entry: C:\Users\akash\.p2\pool\plugins\org.eclipse.m2e.maven.runtime_3.9.900.20240824-1409\jars\plexus-build-api-1.2.0.jar
2025-02-12 11:58:16,389 [Worker-74: Launching mavenrun-56d0f4db-90f1-49b4-aafd-1f3b6c54452d] INFO  o.eclipse.m2e.core.internal.Bundles - 	Entry: C:\Users\akash\.p2\pool\plugins\org.eclipse.m2e.maven.runtime_3.9.900.20240824-1409\jars\plexus-cipher-2.0.jar
2025-02-12 11:58:16,389 [Worker-74: Launching mavenrun-56d0f4db-90f1-49b4-aafd-1f3b6c54452d] INFO  o.eclipse.m2e.core.internal.Bundles - 	Entry: C:\Users\akash\.p2\pool\plugins\org.eclipse.m2e.maven.runtime_3.9.900.20240824-1409\jars\plexus-classworlds-2.8.0.jar
2025-02-12 11:58:16,389 [Worker-74: Launching mavenrun-56d0f4db-90f1-49b4-aafd-1f3b6c54452d] INFO  o.eclipse.m2e.core.internal.Bundles - 	Entry: C:\Users\akash\.p2\pool\plugins\org.eclipse.m2e.maven.runtime_3.9.900.20240824-1409\jars\plexus-component-annotations-2.1.0.jar
2025-02-12 11:58:16,389 [Worker-74: Launching mavenrun-56d0f4db-90f1-49b4-aafd-1f3b6c54452d] INFO  o.eclipse.m2e.core.internal.Bundles - 	Entry: C:\Users\akash\.p2\pool\plugins\org.eclipse.m2e.maven.runtime_3.9.900.20240824-1409\jars\plexus-interpolation-1.27.jar
2025-02-12 11:58:16,389 [Worker-74: Launching mavenrun-56d0f4db-90f1-49b4-aafd-1f3b6c54452d] INFO  o.eclipse.m2e.core.internal.Bundles - 	Entry: C:\Users\akash\.p2\pool\plugins\org.eclipse.m2e.maven.runtime_3.9.900.20240824-1409\jars\plexus-sec-dispatcher-2.0.jar
2025-02-12 11:58:16,389 [Worker-74: Launching mavenrun-56d0f4db-90f1-49b4-aafd-1f3b6c54452d] INFO  o.eclipse.m2e.core.internal.Bundles - 	Entry: C:\Users\akash\.p2\pool\plugins\org.eclipse.m2e.maven.runtime_3.9.900.20240824-1409\jars\plexus-utils-3.5.1.jar
2025-02-12 11:58:16,389 [Worker-74: Launching mavenrun-56d0f4db-90f1-49b4-aafd-1f3b6c54452d] INFO  o.eclipse.m2e.core.internal.Bundles - 	Entry: C:\Users\akash\.p2\pool\plugins\org.eclipse.m2e.maven.runtime_3.9.900.20240824-1409\jars\plexus-xml-3.0.1.jar
2025-02-12 11:58:16,390 [Worker-74: Launching mavenrun-56d0f4db-90f1-49b4-aafd-1f3b6c54452d] INFO  o.eclipse.m2e.core.internal.Bundles - 	Entry: C:\Users\akash\.p2\pool\plugins\org.eclipse.m2e.maven.runtime_3.9.900.20240824-1409\jars\wagon-file-3.5.3.jar
2025-02-12 11:58:16,390 [Worker-74: Launching mavenrun-56d0f4db-90f1-49b4-aafd-1f3b6c54452d] INFO  o.eclipse.m2e.core.internal.Bundles - 	Entry: C:\Users\akash\.p2\pool\plugins\org.eclipse.m2e.maven.runtime_3.9.900.20240824-1409\jars\wagon-http-3.5.3.jar
2025-02-12 11:58:16,390 [Worker-74: Launching mavenrun-56d0f4db-90f1-49b4-aafd-1f3b6c54452d] INFO  o.eclipse.m2e.core.internal.Bundles - 	Entry: C:\Users\akash\.p2\pool\plugins\org.eclipse.m2e.maven.runtime_3.9.900.20240824-1409\jars\wagon-http-shared-3.5.3.jar
2025-02-12 11:58:16,390 [Worker-74: Launching mavenrun-56d0f4db-90f1-49b4-aafd-1f3b6c54452d] INFO  o.eclipse.m2e.core.internal.Bundles - 	Entry: C:\Users\akash\.p2\pool\plugins\org.eclipse.m2e.maven.runtime_3.9.900.20240824-1409\jars\wagon-provider-api-3.5.3.jar
2025-02-12 11:58:16,390 [Worker-74: Launching mavenrun-56d0f4db-90f1-49b4-aafd-1f3b6c54452d] INFO  o.eclipse.m2e.core.internal.Bundles - getClasspathEntries(Bundle=com.google.guava_33.3.0.jre [16])
2025-02-12 11:58:16,390 [Worker-74: Launching mavenrun-56d0f4db-90f1-49b4-aafd-1f3b6c54452d] INFO  o.eclipse.m2e.core.internal.Bundles - 	Entry: C:\Users\akash\.p2\pool\plugins\com.google.guava_33.3.0.jre.jar
2025-02-12 11:58:16,390 [Worker-74: Launching mavenrun-56d0f4db-90f1-49b4-aafd-1f3b6c54452d] INFO  o.eclipse.m2e.core.internal.Bundles - getClasspathEntries(Bundle=slf4j.api_2.0.16 [1005])
2025-02-12 11:58:16,390 [Worker-74: Launching mavenrun-56d0f4db-90f1-49b4-aafd-1f3b6c54452d] INFO  o.eclipse.m2e.core.internal.Bundles - 	Entry: C:\Users\akash\.p2\pool\plugins\slf4j.api_2.0.16.jar
2025-02-12 11:58:16,390 [Worker-74: Launching mavenrun-56d0f4db-90f1-49b4-aafd-1f3b6c54452d] INFO  o.eclipse.m2e.core.internal.Bundles - getClasspathEntries(Bundle=jakarta.inject.jakarta.inject-api_1.0.5 [34])
2025-02-12 11:58:16,390 [Worker-74: Launching mavenrun-56d0f4db-90f1-49b4-aafd-1f3b6c54452d] INFO  o.eclipse.m2e.core.internal.Bundles - 	Entry: C:\Users\akash\.p2\pool\plugins\jakarta.inject.jakarta.inject-api_1.0.5.jar
2025-02-12 11:58:16,390 [Worker-74: Launching mavenrun-56d0f4db-90f1-49b4-aafd-1f3b6c54452d] INFO  o.eclipse.m2e.core.internal.Bundles - getClasspathEntries(Bundle=jakarta.annotation-api_1.3.5 [29])
2025-02-12 11:58:16,391 [Worker-74: Launching mavenrun-56d0f4db-90f1-49b4-aafd-1f3b6c54452d] INFO  o.eclipse.m2e.core.internal.Bundles - 	Entry: C:\Users\akash\.p2\pool\plugins\jakarta.annotation-api_1.3.5.jar
2025-02-12 11:58:16,391 [Worker-74: Launching mavenrun-56d0f4db-90f1-49b4-aafd-1f3b6c54452d] INFO  o.eclipse.m2e.core.internal.Bundles - getClasspathEntries(Bundle=org.apache.commons.cli_1.9.0 [78])
2025-02-12 11:58:16,391 [Worker-74: Launching mavenrun-56d0f4db-90f1-49b4-aafd-1f3b6c54452d] INFO  o.eclipse.m2e.core.internal.Bundles - 	Entry: C:\Users\akash\.p2\pool\plugins\org.apache.commons.cli_1.9.0.jar
2025-02-12 11:58:16,391 [Worker-74: Launching mavenrun-56d0f4db-90f1-49b4-aafd-1f3b6c54452d] INFO  o.eclipse.m2e.core.internal.Bundles - getClasspathEntries(Bundle=org.apache.commons.commons-codec_1.16.0 [81])
2025-02-12 11:58:16,391 [Worker-74: Launching mavenrun-56d0f4db-90f1-49b4-aafd-1f3b6c54452d] INFO  o.eclipse.m2e.core.internal.Bundles - 	Entry: C:\Users\akash\.p2\pool\plugins\org.apache.commons.commons-codec_1.16.0.jar
2025-02-12 11:58:16,391 [Worker-74: Launching mavenrun-56d0f4db-90f1-49b4-aafd-1f3b6c54452d] INFO  o.eclipse.m2e.core.internal.Bundles - getClasspathEntries(Bundle=com.google.guava.failureaccess_1.0.2 [17])
2025-02-12 11:58:16,391 [Worker-74: Launching mavenrun-56d0f4db-90f1-49b4-aafd-1f3b6c54452d] INFO  o.eclipse.m2e.core.internal.Bundles - 	Entry: C:\Users\akash\.p2\pool\plugins\com.google.guava.failureaccess_1.0.2.jar
2025-02-12 11:58:16,412 [Worker-74: Launching mavenrun-56d0f4db-90f1-49b4-aafd-1f3b6c54452d] INFO  o.e.m.i.launch.MavenLaunchDelegate - Run build in "C:\Users\akash\AppData\Local\Temp\m2e-archetypeGenerator11597056056121183469":
2025-02-12 11:58:16,412 [Worker-74: Launching mavenrun-56d0f4db-90f1-49b4-aafd-1f3b6c54452d] INFO  o.e.m.i.launch.MavenLaunchDelegate -  mvn  -DarchetypeGroupId=org.apache.maven.archetypes -DarchetypeArtifactId=maven-archetype-webapp -DarchetypeVersion=1.5 -DgroupId=pwskills -DartifactId=WishApps -Dversion=1.1.RELEASE -Dpackage=pwskills.WishApps -DoutputDirectory=D:\OctBatchMicroservices\mvnpractise -B -Dstyle.color=always -U archetype:generate
2025-02-12 11:58:49,240 [Worker-72: Creating maven-archetype-webapp] INFO  o.e.m.c.i.p.ProjectConfigurationManager - Collecting project info '/pom.xml' D:\OctBatchMicroservices\mvnpractise\WishApps\pom.xml
2025-02-12 11:58:49,446 [Worker-72: Creating maven-archetype-webapp] INFO  o.e.m.c.i.l.LifecycleMappingFactory - Using org.maven.ide.eclipse.wtp.WarLifecycleMapping lifecycle mapping for MavenProject: pwskills:WishApps:1.1.RELEASE @ D:\OctBatchMicroservices\mvnpractise\WishApps\pom.xml.
2025-02-12 11:58:49,885 [Worker-72: Creating maven-archetype-webapp] INFO  o.e.m.c.i.e.AbstractTransferListenerAdapter - Downloading https://repo.maven.apache.org/maven2/junit/junit/4.13.1/junit-4.13.1.pom
2025-02-12 11:58:49,898 [Worker-72: Creating maven-archetype-webapp] INFO  o.e.m.c.i.e.AbstractTransferListenerAdapter - Downloaded https://repo.maven.apache.org/maven2/junit/junit/4.13.1/junit-4.13.1.pom
2025-02-12 11:58:49,951 [Worker-72: Creating maven-archetype-webapp] INFO  o.e.m.c.i.e.AbstractTransferListenerAdapter - Downloading https://repo.maven.apache.org/maven2/junit/junit/4.13.1/junit-4.13.1.jar
2025-02-12 11:58:50,142 [Worker-72: Creating maven-archetype-webapp] INFO  o.e.m.c.i.e.AbstractTransferListenerAdapter - Downloaded https://repo.maven.apache.org/maven2/junit/junit/4.13.1/junit-4.13.1.jar
2025-02-12 11:58:51,403 [Worker-72: Creating maven-archetype-webapp] INFO  o.e.m.j.i.AbstractJavaProjectConfigurator - Adding source folder /WishApps/src/main/java
2025-02-12 11:58:51,404 [Worker-72: Creating maven-archetype-webapp] INFO  o.e.m.j.i.AbstractJavaProjectConfigurator - Adding resource folder /WishApps/src/main/resources
2025-02-12 11:58:51,405 [Worker-72: Creating maven-archetype-webapp] INFO  o.e.m.j.i.AbstractJavaProjectConfigurator - Adding source folder /WishApps/src/test/java
2025-02-12 11:58:51,405 [Worker-72: Creating maven-archetype-webapp] INFO  o.e.m.j.i.AbstractJavaProjectConfigurator - Adding resource folder /WishApps/src/test/resources
2025-02-12 11:58:52,300 [Worker-72: Creating maven-archetype-webapp] INFO  o.e.m.c.i.e.AbstractTransferListenerAdapter - Downloading https://repo.maven.apache.org/maven2/org/apache/maven/plugins/maven-clean-plugin/3.4.0/maven-clean-plugin-3.4.0.pom
2025-02-12 11:58:52,306 [Worker-72: Creating maven-archetype-webapp] INFO  o.e.m.c.i.e.AbstractTransferListenerAdapter - Downloaded https://repo.maven.apache.org/maven2/org/apache/maven/plugins/maven-clean-plugin/3.4.0/maven-clean-plugin-3.4.0.pom
2025-02-12 11:58:52,351 [Worker-72: Creating maven-archetype-webapp] INFO  o.e.m.c.i.p.ProjectConfigurationManager - Imported and configured 1 project(s) in 3 sec
2025-02-12 11:58:52,494 [Worker-75: Download sources and javadoc] INFO  o.e.m.c.i.e.AbstractTransferListenerAdapter - Downloading https://repo.maven.apache.org/maven2/junit/junit/4.13.1/junit-4.13.1-sources.jar
2025-02-12 11:58:52,840 [Worker-75: Download sources and javadoc] INFO  o.e.m.c.i.e.AbstractTransferListenerAdapter - Downloaded https://repo.maven.apache.org/maven2/junit/junit/4.13.1/junit-4.13.1-sources.jar
2025-02-12 11:58:52,845 [Worker-75: Download sources and javadoc] INFO  o.e.m.j.internal.DownloadSourcesJob - Downloaded sources for junit:junit:4.13.1
2025-02-12 11:58:52,880 [Worker-78: Building] INFO  o.a.m.s.f.DefaultMavenResourcesFiltering - skip non existing resourceDirectory D:\OctBatchMicroservices\mvnpractise\WishApps\src\main\resources
2025-02-12 11:58:52,887 [Worker-78: Building] INFO  o.a.m.s.f.DefaultMavenResourcesFiltering - skip non existing resourceDirectory D:\OctBatchMicroservices\mvnpractise\WishApps\src\test\resources
2025-02-12 11:58:53,844 [Worker-78: Building] INFO  o.a.m.s.f.DefaultMavenResourcesFiltering - skip non existing resourceDirectory D:\OctBatchMicroservices\mvnpractise\WishApps\src\main\resources
2025-02-12 11:58:53,846 [Worker-78: Building] INFO  o.a.m.s.f.DefaultMavenResourcesFiltering - skip non existing resourceDirectory D:\OctBatchMicroservices\mvnpractise\WishApps\src\test\resources
2025-02-12 12:04:11,505 [Worker-78: Building] INFO  o.a.m.s.f.DefaultMavenResourcesFiltering - Copying 0 resource from src\main\resources to target\classes
2025-02-12 12:04:11,514 [Worker-78: Building] INFO  o.a.m.s.f.DefaultMavenResourcesFiltering - Copying 0 resource from src\test\resources to target\test-classes
2025-02-12 12:05:05,678 [Worker-78: Building] INFO  o.a.m.s.f.DefaultMavenResourcesFiltering - Copying 0 resource from src\main\resources to target\classes
2025-02-12 12:05:05,680 [Worker-78: Building] INFO  o.a.m.s.f.DefaultMavenResourcesFiltering - Copying 0 resource from src\test\resources to target\test-classes
2025-02-12 12:06:31,583 [Worker-78: Building] INFO  o.a.m.s.f.DefaultMavenResourcesFiltering - Copying 0 resource from src\main\resources to target\classes
2025-02-12 12:06:31,586 [Worker-78: Building] INFO  o.a.m.s.f.DefaultMavenResourcesFiltering - Copying 0 resource from src\test\resources to target\test-classes
2025-02-12 12:06:38,980 [Worker-78: Building] INFO  o.a.m.s.f.DefaultMavenResourcesFiltering - Copying 0 resource from src\main\resources to target\classes
2025-02-12 12:06:38,983 [Worker-78: Building] INFO  o.a.m.s.f.DefaultMavenResourcesFiltering - Copying 0 resource from src\test\resources to target\test-classes
2025-02-12 12:07:22,454 [Worker-80: Building] INFO  o.e.m.c.i.l.LifecycleMappingFactory - Using org.maven.ide.eclipse.wtp.WarLifecycleMapping lifecycle mapping for MavenProject: pwskills:WishApps:1.1.RELEASE @ D:\OctBatchMicroservices\mvnpractise\WishApps\pom.xml.
2025-02-12 12:07:22,595 [Worker-80: Building] INFO  o.a.m.s.f.DefaultMavenResourcesFiltering - Copying 0 resource from src\main\resources to target\classes
2025-02-12 12:07:22,597 [Worker-80: Building] INFO  o.a.m.s.f.DefaultMavenResourcesFiltering - Copying 0 resource from src\test\resources to target\test-classes
2025-02-12 12:07:22,597 [Worker-80: Building] INFO  o.e.m.w.i.f.ResourceFilteringBuildParticipant - Changed resources require a complete clean of filtered resources of WishApps
2025-02-12 12:07:22,597 [Worker-80: Building] INFO  o.e.m.w.i.f.ResourceFilteringBuildParticipant - Executing resource filtering for WishApps
2025-02-12 13:40:41,766 [Worker-97: Building] INFO  o.e.m.c.i.l.LifecycleMappingFactory - Using org.maven.ide.eclipse.wtp.WarLifecycleMapping lifecycle mapping for MavenProject: pwskills:WishApp:1.1.RELEASE @ D:\WishApp\pom.xml.
2025-02-12 13:40:42,169 [Worker-97: Building] INFO  o.e.m.c.i.embedder.EclipseLogger - Using 'UTF-8' encoding to copy filtered resources.
2025-02-12 13:40:42,169 [Worker-97: Building] INFO  o.e.m.c.i.embedder.EclipseLogger - skip non existing resourceDirectory D:\WishApp\src\main\resources
2025-02-12 13:40:42,170 [Worker-97: Building] INFO  o.e.m.c.i.embedder.EclipseLogger - Using 'UTF-8' encoding to copy filtered resources.
2025-02-12 13:40:42,170 [Worker-97: Building] INFO  o.e.m.c.i.embedder.EclipseLogger - skip non existing resourceDirectory D:\WishApp\src\test\resources
2025-02-12 13:40:42,413 [Worker-99: Building] INFO  o.e.m.c.i.embedder.EclipseLogger - Using 'UTF-8' encoding to copy filtered resources.
2025-02-12 13:40:42,413 [Worker-99: Building] INFO  o.e.m.c.i.embedder.EclipseLogger - skip non existing resourceDirectory D:\WishApp\src\main\resources
2025-02-12 13:40:42,414 [Worker-99: Building] INFO  o.e.m.c.i.embedder.EclipseLogger - Using 'UTF-8' encoding to copy filtered resources.
2025-02-12 13:40:42,414 [Worker-99: Building] INFO  o.e.m.c.i.embedder.EclipseLogger - skip non existing resourceDirectory D:\WishApp\src\test\resources
2025-02-12 13:40:42,415 [Worker-99: Building] INFO  o.e.m.w.i.f.ResourceFilteringBuildParticipant - Changed resources require a complete clean of filtered resources of WishApp
2025-02-12 13:40:42,415 [Worker-99: Building] INFO  o.e.m.w.i.f.ResourceFilteringBuildParticipant - Executing resource filtering for WishApp
2025-02-12 13:40:42,423 [Worker-94: Updating Maven Dependencies] INFO  o.e.m.c.i.l.LifecycleMappingFactory - Using org.maven.ide.eclipse.wtp.WarLifecycleMapping lifecycle mapping for MavenProject: pwskills:WishApp:1.1.RELEASE @ D:\WishApp\pom.xml.
2025-02-12 13:42:07,546 [Worker-99: Building] INFO  o.e.m.c.i.l.LifecycleMappingFactory - Using org.maven.ide.eclipse.wtp.WarLifecycleMapping lifecycle mapping for MavenProject: pwskills:WishApp:1.1.RELEASE @ D:\WishApp\pom.xml.
2025-02-12 13:42:07,769 [Worker-99: Building] INFO  o.e.m.c.i.embedder.EclipseLogger - Using 'UTF-8' encoding to copy filtered resources.
2025-02-12 13:42:07,769 [Worker-99: Building] INFO  o.e.m.c.i.embedder.EclipseLogger - skip non existing resourceDirectory D:\WishApp\src\main\resources
2025-02-12 13:42:07,770 [Worker-99: Building] INFO  o.e.m.c.i.embedder.EclipseLogger - Using 'UTF-8' encoding to copy filtered resources.
2025-02-12 13:42:07,770 [Worker-99: Building] INFO  o.e.m.c.i.embedder.EclipseLogger - skip non existing resourceDirectory D:\WishApp\src\test\resources
2025-02-12 13:42:07,995 [Worker-92: Building] INFO  o.e.m.c.i.embedder.EclipseLogger - Using 'UTF-8' encoding to copy filtered resources.
2025-02-12 13:42:07,995 [Worker-92: Building] INFO  o.e.m.c.i.embedder.EclipseLogger - skip non existing resourceDirectory D:\WishApp\src\main\resources
2025-02-12 13:42:07,995 [Worker-92: Building] INFO  o.e.m.c.i.embedder.EclipseLogger - Using 'UTF-8' encoding to copy filtered resources.
2025-02-12 13:42:07,995 [Worker-92: Building] INFO  o.e.m.c.i.embedder.EclipseLogger - skip non existing resourceDirectory D:\WishApp\src\test\resources
2025-02-12 13:42:07,996 [Worker-92: Building] INFO  o.e.m.w.i.f.ResourceFilteringBuildParticipant - Changed resources require a complete clean of filtered resources of WishApp
2025-02-12 13:42:07,996 [Worker-92: Building] INFO  o.e.m.w.i.f.ResourceFilteringBuildParticipant - Executing resource filtering for WishApp
2025-02-12 13:42:08,374 [Worker-92: Updating Maven Dependencies] INFO  o.e.m.c.i.l.LifecycleMappingFactory - Using org.maven.ide.eclipse.wtp.WarLifecycleMapping lifecycle mapping for MavenProject: pwskills:WishApp:1.1.RELEASE @ D:\WishApp\pom.xml.
2025-02-12 13:42:25,096 [Worker-97: Building] INFO  o.e.m.c.i.l.LifecycleMappingFactory - Using org.maven.ide.eclipse.wtp.WarLifecycleMapping lifecycle mapping for MavenProject: pwskills:WishApps:1.1.RELEASE @ D:\OctBatchMicroservices\mvnpractise\WishApps\pom.xml.
2025-02-12 13:42:25,245 [Worker-97: Building] INFO  o.a.m.s.f.DefaultMavenResourcesFiltering - Copying 0 resource from src\main\resources to target\classes
2025-02-12 13:42:25,247 [Worker-97: Building] INFO  o.a.m.s.f.DefaultMavenResourcesFiltering - Copying 0 resource from src\test\resources to target\test-classes
2025-02-12 13:42:25,500 [Worker-99: Building] INFO  o.a.m.s.f.DefaultMavenResourcesFiltering - Copying 0 resource from src\main\resources to target\classes
2025-02-12 13:42:25,502 [Worker-99: Building] INFO  o.a.m.s.f.DefaultMavenResourcesFiltering - Copying 0 resource from src\test\resources to target\test-classes
2025-02-12 13:42:25,502 [Worker-99: Building] INFO  o.e.m.w.i.f.ResourceFilteringBuildParticipant - Changed resources require a complete clean of filtered resources of WishApps
2025-02-12 13:42:25,502 [Worker-99: Building] INFO  o.e.m.w.i.f.ResourceFilteringBuildParticipant - Executing resource filtering for WishApps
2025-02-12 13:42:51,477 [Worker-92: Building] INFO  o.e.m.c.i.l.LifecycleMappingFactory - Using org.maven.ide.eclipse.wtp.WarLifecycleMapping lifecycle mapping for MavenProject: pwskills:WishApps:1.1.RELEASE @ D:\OctBatchMicroservices\mvnpractise\WishApp\pom.xml.
2025-02-12 13:42:51,604 [Worker-92: Building] INFO  o.a.m.s.f.DefaultMavenResourcesFiltering - Copying 0 resource from src\main\resources to target\classes
2025-02-12 13:42:51,606 [Worker-92: Building] INFO  o.a.m.s.f.DefaultMavenResourcesFiltering - Copying 0 resource from src\test\resources to target\test-classes
2025-02-12 14:11:40,666 [Worker-112: Launching Executing test in D__OctBatchMicroservices_mvnpractise_MavenMultiModule-09] INFO  o.eclipse.m2e.core.internal.Bundles - getClasspathEntries(Bundle=org.eclipse.m2e.maven.runtime_3.9.900.20240824-1409 [640])
2025-02-12 14:11:40,667 [Worker-112: Launching Executing test in D__OctBatchMicroservices_mvnpractise_MavenMultiModule-09] INFO  o.eclipse.m2e.core.internal.Bundles - 	Entry: C:\Users\akash\.p2\pool\plugins\org.eclipse.m2e.maven.runtime_3.9.900.20240824-1409
2025-02-12 14:11:40,667 [Worker-112: Launching Executing test in D__OctBatchMicroservices_mvnpractise_MavenMultiModule-09] INFO  o.eclipse.m2e.core.internal.Bundles - 	Entry: C:\Users\akash\.p2\pool\plugins\org.eclipse.m2e.maven.runtime_3.9.900.20240824-1409\jars\aopalliance-1.0.jar
2025-02-12 14:11:40,667 [Worker-112: Launching Executing test in D__OctBatchMicroservices_mvnpractise_MavenMultiModule-09] INFO  o.eclipse.m2e.core.internal.Bundles - 	Entry: C:\Users\akash\.p2\pool\plugins\org.eclipse.m2e.maven.runtime_3.9.900.20240824-1409\jars\guice-5.1.0.jar
2025-02-12 14:11:40,667 [Worker-112: Launching Executing test in D__OctBatchMicroservices_mvnpractise_MavenMultiModule-09] INFO  o.eclipse.m2e.core.internal.Bundles - 	Entry: C:\Users\akash\.p2\pool\plugins\org.eclipse.m2e.maven.runtime_3.9.900.20240824-1409\jars\httpclient-4.5.14.jar
2025-02-12 14:11:40,667 [Worker-112: Launching Executing test in D__OctBatchMicroservices_mvnpractise_MavenMultiModule-09] INFO  o.eclipse.m2e.core.internal.Bundles - 	Entry: C:\Users\akash\.p2\pool\plugins\org.eclipse.m2e.maven.runtime_3.9.900.20240824-1409\jars\httpcore-4.4.16.jar
2025-02-12 14:11:40,667 [Worker-112: Launching Executing test in D__OctBatchMicroservices_mvnpractise_MavenMultiModule-09] INFO  o.eclipse.m2e.core.internal.Bundles - 	Entry: C:\Users\akash\.p2\pool\plugins\org.eclipse.m2e.maven.runtime_3.9.900.20240824-1409\jars\jansi-2.4.1.jar
2025-02-12 14:11:40,667 [Worker-112: Launching Executing test in D__OctBatchMicroservices_mvnpractise_MavenMultiModule-09] INFO  o.eclipse.m2e.core.internal.Bundles - 	Entry: C:\Users\akash\.p2\pool\plugins\org.eclipse.m2e.maven.runtime_3.9.900.20240824-1409\jars\jcl-over-slf4j-1.7.36.jar
2025-02-12 14:11:40,667 [Worker-112: Launching Executing test in D__OctBatchMicroservices_mvnpractise_MavenMultiModule-09] INFO  o.eclipse.m2e.core.internal.Bundles - 	Entry: C:\Users\akash\.p2\pool\plugins\org.eclipse.m2e.maven.runtime_3.9.900.20240824-1409\jars\maven-artifact-3.9.9.jar
2025-02-12 14:11:40,667 [Worker-112: Launching Executing test in D__OctBatchMicroservices_mvnpractise_MavenMultiModule-09] INFO  o.eclipse.m2e.core.internal.Bundles - 	Entry: C:\Users\akash\.p2\pool\plugins\org.eclipse.m2e.maven.runtime_3.9.900.20240824-1409\jars\maven-builder-support-3.9.9.jar
2025-02-12 14:11:40,667 [Worker-112: Launching Executing test in D__OctBatchMicroservices_mvnpractise_MavenMultiModule-09] INFO  o.eclipse.m2e.core.internal.Bundles - 	Entry: C:\Users\akash\.p2\pool\plugins\org.eclipse.m2e.maven.runtime_3.9.900.20240824-1409\jars\maven-compat-3.9.9.jar
2025-02-12 14:11:40,667 [Worker-112: Launching Executing test in D__OctBatchMicroservices_mvnpractise_MavenMultiModule-09] INFO  o.eclipse.m2e.core.internal.Bundles - 	Entry: C:\Users\akash\.p2\pool\plugins\org.eclipse.m2e.maven.runtime_3.9.900.20240824-1409\jars\maven-core-3.9.9.jar
2025-02-12 14:11:40,667 [Worker-112: Launching Executing test in D__OctBatchMicroservices_mvnpractise_MavenMultiModule-09] INFO  o.eclipse.m2e.core.internal.Bundles - 	Entry: C:\Users\akash\.p2\pool\plugins\org.eclipse.m2e.maven.runtime_3.9.900.20240824-1409\jars\maven-embedder-3.9.9.jar
2025-02-12 14:11:40,667 [Worker-112: Launching Executing test in D__OctBatchMicroservices_mvnpractise_MavenMultiModule-09] INFO  o.eclipse.m2e.core.internal.Bundles - 	Entry: C:\Users\akash\.p2\pool\plugins\org.eclipse.m2e.maven.runtime_3.9.900.20240824-1409\jars\maven-model-3.9.9.jar
2025-02-12 14:11:40,667 [Worker-112: Launching Executing test in D__OctBatchMicroservices_mvnpractise_MavenMultiModule-09] INFO  o.eclipse.m2e.core.internal.Bundles - 	Entry: C:\Users\akash\.p2\pool\plugins\org.eclipse.m2e.maven.runtime_3.9.900.20240824-1409\jars\maven-model-builder-3.9.9.jar
2025-02-12 14:11:40,667 [Worker-112: Launching Executing test in D__OctBatchMicroservices_mvnpractise_MavenMultiModule-09] INFO  o.eclipse.m2e.core.internal.Bundles - 	Entry: C:\Users\akash\.p2\pool\plugins\org.eclipse.m2e.maven.runtime_3.9.900.20240824-1409\jars\maven-plugin-api-3.9.9.jar
2025-02-12 14:11:40,667 [Worker-112: Launching Executing test in D__OctBatchMicroservices_mvnpractise_MavenMultiModule-09] INFO  o.eclipse.m2e.core.internal.Bundles - 	Entry: C:\Users\akash\.p2\pool\plugins\org.eclipse.m2e.maven.runtime_3.9.900.20240824-1409\jars\maven-repository-metadata-3.9.9.jar
2025-02-12 14:11:40,667 [Worker-112: Launching Executing test in D__OctBatchMicroservices_mvnpractise_MavenMultiModule-09] INFO  o.eclipse.m2e.core.internal.Bundles - 	Entry: C:\Users\akash\.p2\pool\plugins\org.eclipse.m2e.maven.runtime_3.9.900.20240824-1409\jars\maven-resolver-api-1.9.22.jar
2025-02-12 14:11:40,667 [Worker-112: Launching Executing test in D__OctBatchMicroservices_mvnpractise_MavenMultiModule-09] INFO  o.eclipse.m2e.core.internal.Bundles - 	Entry: C:\Users\akash\.p2\pool\plugins\org.eclipse.m2e.maven.runtime_3.9.900.20240824-1409\jars\maven-resolver-connector-basic-1.9.22.jar
2025-02-12 14:11:40,667 [Worker-112: Launching Executing test in D__OctBatchMicroservices_mvnpractise_MavenMultiModule-09] INFO  o.eclipse.m2e.core.internal.Bundles - 	Entry: C:\Users\akash\.p2\pool\plugins\org.eclipse.m2e.maven.runtime_3.9.900.20240824-1409\jars\maven-resolver-impl-1.9.22.jar
2025-02-12 14:11:40,668 [Worker-112: Launching Executing test in D__OctBatchMicroservices_mvnpractise_MavenMultiModule-09] INFO  o.eclipse.m2e.core.internal.Bundles - 	Entry: C:\Users\akash\.p2\pool\plugins\org.eclipse.m2e.maven.runtime_3.9.900.20240824-1409\jars\maven-resolver-named-locks-1.9.22.jar
2025-02-12 14:11:40,668 [Worker-112: Launching Executing test in D__OctBatchMicroservices_mvnpractise_MavenMultiModule-09] INFO  o.eclipse.m2e.core.internal.Bundles - 	Entry: C:\Users\akash\.p2\pool\plugins\org.eclipse.m2e.maven.runtime_3.9.900.20240824-1409\jars\maven-resolver-provider-3.9.9.jar
2025-02-12 14:11:40,668 [Worker-112: Launching Executing test in D__OctBatchMicroservices_mvnpractise_MavenMultiModule-09] INFO  o.eclipse.m2e.core.internal.Bundles - 	Entry: C:\Users\akash\.p2\pool\plugins\org.eclipse.m2e.maven.runtime_3.9.900.20240824-1409\jars\maven-resolver-spi-1.9.22.jar
2025-02-12 14:11:40,668 [Worker-112: Launching Executing test in D__OctBatchMicroservices_mvnpractise_MavenMultiModule-09] INFO  o.eclipse.m2e.core.internal.Bundles - 	Entry: C:\Users\akash\.p2\pool\plugins\org.eclipse.m2e.maven.runtime_3.9.900.20240824-1409\jars\maven-resolver-transport-file-1.9.22.jar
2025-02-12 14:11:40,668 [Worker-112: Launching Executing test in D__OctBatchMicroservices_mvnpractise_MavenMultiModule-09] INFO  o.eclipse.m2e.core.internal.Bundles - 	Entry: C:\Users\akash\.p2\pool\plugins\org.eclipse.m2e.maven.runtime_3.9.900.20240824-1409\jars\maven-resolver-transport-http-1.9.22.jar
2025-02-12 14:11:40,668 [Worker-112: Launching Executing test in D__OctBatchMicroservices_mvnpractise_MavenMultiModule-09] INFO  o.eclipse.m2e.core.internal.Bundles - 	Entry: C:\Users\akash\.p2\pool\plugins\org.eclipse.m2e.maven.runtime_3.9.900.20240824-1409\jars\maven-resolver-transport-wagon-1.9.22.jar
2025-02-12 14:11:40,668 [Worker-112: Launching Executing test in D__OctBatchMicroservices_mvnpractise_MavenMultiModule-09] INFO  o.eclipse.m2e.core.internal.Bundles - 	Entry: C:\Users\akash\.p2\pool\plugins\org.eclipse.m2e.maven.runtime_3.9.900.20240824-1409\jars\maven-resolver-util-1.9.22.jar
2025-02-12 14:11:40,668 [Worker-112: Launching Executing test in D__OctBatchMicroservices_mvnpractise_MavenMultiModule-09] INFO  o.eclipse.m2e.core.internal.Bundles - 	Entry: C:\Users\akash\.p2\pool\plugins\org.eclipse.m2e.maven.runtime_3.9.900.20240824-1409\jars\maven-settings-3.9.9.jar
2025-02-12 14:11:40,668 [Worker-112: Launching Executing test in D__OctBatchMicroservices_mvnpractise_MavenMultiModule-09] INFO  o.eclipse.m2e.core.internal.Bundles - 	Entry: C:\Users\akash\.p2\pool\plugins\org.eclipse.m2e.maven.runtime_3.9.900.20240824-1409\jars\maven-settings-builder-3.9.9.jar
2025-02-12 14:11:40,668 [Worker-112: Launching Executing test in D__OctBatchMicroservices_mvnpractise_MavenMultiModule-09] INFO  o.eclipse.m2e.core.internal.Bundles - 	Entry: C:\Users\akash\.p2\pool\plugins\org.eclipse.m2e.maven.runtime_3.9.900.20240824-1409\jars\maven-shared-utils-3.4.2.jar
2025-02-12 14:11:40,668 [Worker-112: Launching Executing test in D__OctBatchMicroservices_mvnpractise_MavenMultiModule-09] INFO  o.eclipse.m2e.core.internal.Bundles - 	Entry: C:\Users\akash\.p2\pool\plugins\org.eclipse.m2e.maven.runtime_3.9.900.20240824-1409\jars\org.eclipse.sisu.inject-0.9.0.M3.jar
2025-02-12 14:11:40,668 [Worker-112: Launching Executing test in D__OctBatchMicroservices_mvnpractise_MavenMultiModule-09] INFO  o.eclipse.m2e.core.internal.Bundles - 	Entry: C:\Users\akash\.p2\pool\plugins\org.eclipse.m2e.maven.runtime_3.9.900.20240824-1409\jars\org.eclipse.sisu.plexus-0.9.0.M3.jar
2025-02-12 14:11:40,668 [Worker-112: Launching Executing test in D__OctBatchMicroservices_mvnpractise_MavenMultiModule-09] INFO  o.eclipse.m2e.core.internal.Bundles - 	Entry: C:\Users\akash\.p2\pool\plugins\org.eclipse.m2e.maven.runtime_3.9.900.20240824-1409\jars\plexus-build-api-0.0.7.jar
2025-02-12 14:11:40,668 [Worker-112: Launching Executing test in D__OctBatchMicroservices_mvnpractise_MavenMultiModule-09] INFO  o.eclipse.m2e.core.internal.Bundles - 	Entry: C:\Users\akash\.p2\pool\plugins\org.eclipse.m2e.maven.runtime_3.9.900.20240824-1409\jars\plexus-build-api-1.2.0.jar
2025-02-12 14:11:40,668 [Worker-112: Launching Executing test in D__OctBatchMicroservices_mvnpractise_MavenMultiModule-09] INFO  o.eclipse.m2e.core.internal.Bundles - 	Entry: C:\Users\akash\.p2\pool\plugins\org.eclipse.m2e.maven.runtime_3.9.900.20240824-1409\jars\plexus-cipher-2.0.jar
2025-02-12 14:11:40,668 [Worker-112: Launching Executing test in D__OctBatchMicroservices_mvnpractise_MavenMultiModule-09] INFO  o.eclipse.m2e.core.internal.Bundles - 	Entry: C:\Users\akash\.p2\pool\plugins\org.eclipse.m2e.maven.runtime_3.9.900.20240824-1409\jars\plexus-classworlds-2.8.0.jar
2025-02-12 14:11:40,668 [Worker-112: Launching Executing test in D__OctBatchMicroservices_mvnpractise_MavenMultiModule-09] INFO  o.eclipse.m2e.core.internal.Bundles - 	Entry: C:\Users\akash\.p2\pool\plugins\org.eclipse.m2e.maven.runtime_3.9.900.20240824-1409\jars\plexus-component-annotations-2.1.0.jar
2025-02-12 14:11:40,668 [Worker-112: Launching Executing test in D__OctBatchMicroservices_mvnpractise_MavenMultiModule-09] INFO  o.eclipse.m2e.core.internal.Bundles - 	Entry: C:\Users\akash\.p2\pool\plugins\org.eclipse.m2e.maven.runtime_3.9.900.20240824-1409\jars\plexus-interpolation-1.27.jar
2025-02-12 14:11:40,668 [Worker-112: Launching Executing test in D__OctBatchMicroservices_mvnpractise_MavenMultiModule-09] INFO  o.eclipse.m2e.core.internal.Bundles - 	Entry: C:\Users\akash\.p2\pool\plugins\org.eclipse.m2e.maven.runtime_3.9.900.20240824-1409\jars\plexus-sec-dispatcher-2.0.jar
2025-02-12 14:11:40,668 [Worker-112: Launching Executing test in D__OctBatchMicroservices_mvnpractise_MavenMultiModule-09] INFO  o.eclipse.m2e.core.internal.Bundles - 	Entry: C:\Users\akash\.p2\pool\plugins\org.eclipse.m2e.maven.runtime_3.9.900.20240824-1409\jars\plexus-utils-3.5.1.jar
2025-02-12 14:11:40,668 [Worker-112: Launching Executing test in D__OctBatchMicroservices_mvnpractise_MavenMultiModule-09] INFO  o.eclipse.m2e.core.internal.Bundles - 	Entry: C:\Users\akash\.p2\pool\plugins\org.eclipse.m2e.maven.runtime_3.9.900.20240824-1409\jars\plexus-xml-3.0.1.jar
2025-02-12 14:11:40,668 [Worker-112: Launching Executing test in D__OctBatchMicroservices_mvnpractise_MavenMultiModule-09] INFO  o.eclipse.m2e.core.internal.Bundles - 	Entry: C:\Users\akash\.p2\pool\plugins\org.eclipse.m2e.maven.runtime_3.9.900.20240824-1409\jars\wagon-file-3.5.3.jar
2025-02-12 14:11:40,668 [Worker-112: Launching Executing test in D__OctBatchMicroservices_mvnpractise_MavenMultiModule-09] INFO  o.eclipse.m2e.core.internal.Bundles - 	Entry: C:\Users\akash\.p2\pool\plugins\org.eclipse.m2e.maven.runtime_3.9.900.20240824-1409\jars\wagon-http-3.5.3.jar
2025-02-12 14:11:40,668 [Worker-112: Launching Executing test in D__OctBatchMicroservices_mvnpractise_MavenMultiModule-09] INFO  o.eclipse.m2e.core.internal.Bundles - 	Entry: C:\Users\akash\.p2\pool\plugins\org.eclipse.m2e.maven.runtime_3.9.900.20240824-1409\jars\wagon-http-shared-3.5.3.jar
2025-02-12 14:11:40,669 [Worker-112: Launching Executing test in D__OctBatchMicroservices_mvnpractise_MavenMultiModule-09] INFO  o.eclipse.m2e.core.internal.Bundles - 	Entry: C:\Users\akash\.p2\pool\plugins\org.eclipse.m2e.maven.runtime_3.9.900.20240824-1409\jars\wagon-provider-api-3.5.3.jar
2025-02-12 14:11:40,669 [Worker-112: Launching Executing test in D__OctBatchMicroservices_mvnpractise_MavenMultiModule-09] INFO  o.eclipse.m2e.core.internal.Bundles - getClasspathEntries(Bundle=com.google.guava_33.3.0.jre [16])
2025-02-12 14:11:40,669 [Worker-112: Launching Executing test in D__OctBatchMicroservices_mvnpractise_MavenMultiModule-09] INFO  o.eclipse.m2e.core.internal.Bundles - 	Entry: C:\Users\akash\.p2\pool\plugins\com.google.guava_33.3.0.jre.jar
2025-02-12 14:11:40,669 [Worker-112: Launching Executing test in D__OctBatchMicroservices_mvnpractise_MavenMultiModule-09] INFO  o.eclipse.m2e.core.internal.Bundles - getClasspathEntries(Bundle=slf4j.api_2.0.16 [1005])
2025-02-12 14:11:40,669 [Worker-112: Launching Executing test in D__OctBatchMicroservices_mvnpractise_MavenMultiModule-09] INFO  o.eclipse.m2e.core.internal.Bundles - 	Entry: C:\Users\akash\.p2\pool\plugins\slf4j.api_2.0.16.jar
2025-02-12 14:11:40,669 [Worker-112: Launching Executing test in D__OctBatchMicroservices_mvnpractise_MavenMultiModule-09] INFO  o.eclipse.m2e.core.internal.Bundles - getClasspathEntries(Bundle=jakarta.inject.jakarta.inject-api_1.0.5 [34])
2025-02-12 14:11:40,669 [Worker-112: Launching Executing test in D__OctBatchMicroservices_mvnpractise_MavenMultiModule-09] INFO  o.eclipse.m2e.core.internal.Bundles - 	Entry: C:\Users\akash\.p2\pool\plugins\jakarta.inject.jakarta.inject-api_1.0.5.jar
2025-02-12 14:11:40,669 [Worker-112: Launching Executing test in D__OctBatchMicroservices_mvnpractise_MavenMultiModule-09] INFO  o.eclipse.m2e.core.internal.Bundles - getClasspathEntries(Bundle=jakarta.annotation-api_1.3.5 [29])
2025-02-12 14:11:40,669 [Worker-112: Launching Executing test in D__OctBatchMicroservices_mvnpractise_MavenMultiModule-09] INFO  o.eclipse.m2e.core.internal.Bundles - 	Entry: C:\Users\akash\.p2\pool\plugins\jakarta.annotation-api_1.3.5.jar
2025-02-12 14:11:40,669 [Worker-112: Launching Executing test in D__OctBatchMicroservices_mvnpractise_MavenMultiModule-09] INFO  o.eclipse.m2e.core.internal.Bundles - getClasspathEntries(Bundle=org.apache.commons.cli_1.9.0 [78])
2025-02-12 14:11:40,669 [Worker-112: Launching Executing test in D__OctBatchMicroservices_mvnpractise_MavenMultiModule-09] INFO  o.eclipse.m2e.core.internal.Bundles - 	Entry: C:\Users\akash\.p2\pool\plugins\org.apache.commons.cli_1.9.0.jar
2025-02-12 14:11:40,669 [Worker-112: Launching Executing test in D__OctBatchMicroservices_mvnpractise_MavenMultiModule-09] INFO  o.eclipse.m2e.core.internal.Bundles - getClasspathEntries(Bundle=org.apache.commons.commons-codec_1.16.0 [81])
2025-02-12 14:11:40,670 [Worker-112: Launching Executing test in D__OctBatchMicroservices_mvnpractise_MavenMultiModule-09] INFO  o.eclipse.m2e.core.internal.Bundles - 	Entry: C:\Users\akash\.p2\pool\plugins\org.apache.commons.commons-codec_1.16.0.jar
2025-02-12 14:11:40,670 [Worker-112: Launching Executing test in D__OctBatchMicroservices_mvnpractise_MavenMultiModule-09] INFO  o.eclipse.m2e.core.internal.Bundles - getClasspathEntries(Bundle=com.google.guava.failureaccess_1.0.2 [17])
2025-02-12 14:11:40,670 [Worker-112: Launching Executing test in D__OctBatchMicroservices_mvnpractise_MavenMultiModule-09] INFO  o.eclipse.m2e.core.internal.Bundles - 	Entry: C:\Users\akash\.p2\pool\plugins\com.google.guava.failureaccess_1.0.2.jar
2025-02-12 14:11:40,670 [Worker-112: Launching Executing test in D__OctBatchMicroservices_mvnpractise_MavenMultiModule-09] INFO  o.e.m.i.launch.MavenLaunchDelegate - Run build in "D:\OctBatchMicroservices\mvnpractise\MavenMultiModule-09":
2025-02-12 14:11:40,670 [Worker-112: Launching Executing test in D__OctBatchMicroservices_mvnpractise_MavenMultiModule-09] INFO  o.e.m.i.launch.MavenLaunchDelegate -  mvn  -B -Dstyle.color=always test
2025-02-12 14:15:27,106 [Worker-107: Building] INFO  o.e.m.c.i.l.LifecycleMappingFactory - Using NULL lifecycle mapping for MavenProject: FlipkartApp:MavenMultiModule:1.1 @ D:\MavenMultiModule\pom.xml.
2025-02-12 14:15:27,173 [Worker-107: Building] INFO  o.e.m.c.i.l.LifecycleMappingFactory - Using org.maven.ide.eclipse.wtp.WarLifecycleMapping lifecycle mapping for MavenProject: UPIID:WishAppService:1.3 @ D:\MavenMultiModule\WishAppService\pom.xml.
2025-02-12 14:15:27,184 [Worker-107: Building] WARN  o.e.m.c.i.embedder.EclipseLogger - The POM for RazorPay:WishMessageService:jar:1.3 is missing, no dependency information available
2025-02-12 14:15:27,520 [Worker-107: Building] INFO  o.e.m.c.i.embedder.EclipseLogger - Using 'UTF-8' encoding to copy filtered resources.
2025-02-12 14:15:27,520 [Worker-107: Building] INFO  o.e.m.c.i.embedder.EclipseLogger - skip non existing resourceDirectory D:\MavenMultiModule\WishAppService\src\main\resources
2025-02-12 14:15:27,521 [Worker-107: Building] INFO  o.e.m.c.i.embedder.EclipseLogger - Using 'UTF-8' encoding to copy filtered resources.
2025-02-12 14:15:27,521 [Worker-107: Building] INFO  o.e.m.c.i.embedder.EclipseLogger - skip non existing resourceDirectory D:\MavenMultiModule\WishAppService\src\test\resources
2025-02-12 14:15:27,691 [Worker-107: Building] INFO  o.e.m.c.i.embedder.EclipseLogger - Using 'UTF-8' encoding to copy filtered resources.
2025-02-12 14:15:27,691 [Worker-107: Building] INFO  o.e.m.c.i.embedder.EclipseLogger - skip non existing resourceDirectory D:\MavenMultiModule\WishAppService\src\main\resources
2025-02-12 14:15:27,692 [Worker-107: Building] INFO  o.e.m.c.i.embedder.EclipseLogger - Using 'UTF-8' encoding to copy filtered resources.
2025-02-12 14:15:27,692 [Worker-107: Building] INFO  o.e.m.c.i.embedder.EclipseLogger - skip non existing resourceDirectory D:\MavenMultiModule\WishAppService\src\test\resources
2025-02-12 14:15:27,692 [Worker-107: Building] INFO  o.e.m.w.i.f.ResourceFilteringBuildParticipant - Changed resources require a complete clean of filtered resources of WishAppService
2025-02-12 14:15:27,692 [Worker-107: Building] INFO  o.e.m.w.i.f.ResourceFilteringBuildParticipant - Executing resource filtering for WishAppService
2025-02-12 14:15:27,767 [Worker-107: Building] INFO  o.e.m.c.i.l.LifecycleMappingFactory - Using org.eclipse.m2e.jdt.JarLifecycleMapping lifecycle mapping for MavenProject: RazorPay:WishMessageService:1.3 @ D:\MavenMultiModule\WishMessageService\pom.xml.
2025-02-12 14:15:27,798 [Worker-107: Building] INFO  o.e.m.c.i.l.LifecycleMappingFactory - Using org.maven.ide.eclipse.wtp.WarLifecycleMapping lifecycle mapping for MavenProject: UPIID:WishAppService:1.3 @ D:\MavenMultiModule\WishAppService\pom.xml.
2025-02-12 14:15:27,805 [Worker-107: Building] INFO  o.e.m.c.i.p.WorkspaceClassifierResolverManager - Resolving P/WishMessageService: RazorPay:WishMessageService:1.3 with classifier  to /WishMessageService/target/classes
2025-02-12 14:15:27,825 [Worker-107: Building] INFO  o.e.m.c.i.embedder.EclipseLogger - Using 'UTF-8' encoding to copy filtered resources.
2025-02-12 14:15:27,825 [Worker-107: Building] INFO  o.e.m.c.i.embedder.EclipseLogger - skip non existing resourceDirectory D:\MavenMultiModule\WishMessageService\src\main\resources
2025-02-12 14:15:27,826 [Worker-107: Building] INFO  o.e.m.c.i.embedder.EclipseLogger - Using 'UTF-8' encoding to copy filtered resources.
2025-02-12 14:15:27,826 [Worker-107: Building] INFO  o.e.m.c.i.embedder.EclipseLogger - skip non existing resourceDirectory D:\MavenMultiModule\WishMessageService\src\test\resources
2025-02-12 14:15:27,974 [Worker-115: Building] INFO  o.e.m.c.i.embedder.EclipseLogger - Using 'UTF-8' encoding to copy filtered resources.
2025-02-12 14:15:27,974 [Worker-115: Building] INFO  o.e.m.c.i.embedder.EclipseLogger - skip non existing resourceDirectory D:\MavenMultiModule\WishAppService\src\main\resources
2025-02-12 14:15:27,975 [Worker-115: Building] INFO  o.e.m.c.i.embedder.EclipseLogger - Using 'UTF-8' encoding to copy filtered resources.
2025-02-12 14:15:27,975 [Worker-115: Building] INFO  o.e.m.c.i.embedder.EclipseLogger - skip non existing resourceDirectory D:\MavenMultiModule\WishAppService\src\test\resources
2025-02-12 14:15:27,995 [Worker-115: Building] INFO  o.e.m.c.i.embedder.EclipseLogger - Using 'UTF-8' encoding to copy filtered resources.
2025-02-12 14:15:27,995 [Worker-115: Building] INFO  o.e.m.c.i.embedder.EclipseLogger - skip non existing resourceDirectory D:\MavenMultiModule\WishMessageService\src\main\resources
2025-02-12 14:15:27,996 [Worker-115: Building] INFO  o.e.m.c.i.embedder.EclipseLogger - Using 'UTF-8' encoding to copy filtered resources.
2025-02-12 14:15:27,996 [Worker-115: Building] INFO  o.e.m.c.i.embedder.EclipseLogger - skip non existing resourceDirectory D:\MavenMultiModule\WishMessageService\src\test\resources
2025-02-12 14:15:28,802 [Worker-115: Updating Maven Dependencies] INFO  o.e.m.c.i.l.LifecycleMappingFactory - Using org.maven.ide.eclipse.wtp.WarLifecycleMapping lifecycle mapping for MavenProject: UPIID:WishAppService:1.3 @ D:\MavenMultiModule\WishAppService\pom.xml.
2025-02-12 14:15:31,316 [Worker-114: Download sources and javadoc] INFO  o.e.m.c.i.e.AbstractTransferListenerAdapter - Downloaded https://repo.maven.apache.org/maven2/RazorPay/WishMessageService/1.3/WishMessageService-1.3-javadoc.jar
2025-02-12 14:15:31,318 [Worker-114: Download sources and javadoc] ERROR o.e.m.j.internal.DownloadSourcesJob - Could not download javadoc for RazorPay:WishMessageService:1.3
org.eclipse.core.runtime.CoreException: Could not resolve artifact RazorPay:WishMessageService:jar:javadoc:1.3
	at org.eclipse.m2e.core.internal.embedder.MavenImpl.lambda$7(MavenImpl.java:540)
	at org.eclipse.m2e.core.internal.embedder.MavenExecutionContext.executeBare(MavenExecutionContext.java:458)
	at org.eclipse.m2e.core.internal.embedder.MavenExecutionContext.execute(MavenExecutionContext.java:292)
	at org.eclipse.m2e.core.internal.embedder.MavenExecutionContext.execute(MavenExecutionContext.java:278)
	at org.eclipse.m2e.core.internal.embedder.MavenImpl.resolve(MavenImpl.java:509)
	at org.eclipse.m2e.core.internal.embedder.MavenImpl.resolve(MavenImpl.java:494)
	at org.eclipse.m2e.jdt.internal.DownloadSourcesJob.download(DownloadSourcesJob.java:308)
	at org.eclipse.m2e.jdt.internal.DownloadSourcesJob.downloadAttachments(DownloadSourcesJob.java:294)
	at org.eclipse.m2e.jdt.internal.DownloadSourcesJob.downloadMaven(DownloadSourcesJob.java:252)
	at org.eclipse.m2e.jdt.internal.DownloadSourcesJob.downloadFilesAndPopulateToUpdate(DownloadSourcesJob.java:220)
	at org.eclipse.m2e.jdt.internal.DownloadSourcesJob.lambda$0(DownloadSourcesJob.java:149)
	at org.eclipse.m2e.core.internal.embedder.MavenExecutionContext.executeBare(MavenExecutionContext.java:458)
	at org.eclipse.m2e.core.internal.embedder.MavenExecutionContext.execute(MavenExecutionContext.java:339)
	at org.eclipse.m2e.core.internal.embedder.MavenExecutionContext.execute(MavenExecutionContext.java:278)
	at org.eclipse.m2e.core.embedder.IMaven.execute(IMaven.java:300)
	at org.eclipse.m2e.jdt.internal.DownloadSourcesJob.run(DownloadSourcesJob.java:149)
	at org.eclipse.core.internal.jobs.Worker.run(Worker.java:63)
2025-02-12 14:15:31,322 [Worker-115: Updating Maven Dependencies] INFO  o.e.m.c.i.p.WorkspaceClassifierResolverManager - Resolving P/WishMessageService: RazorPay:WishMessageService:1.3 with classifier  to /WishMessageService/target/classes
2025-02-12 14:15:31,323 [Worker-115: Updating Maven Dependencies] INFO  o.e.m.c.i.l.LifecycleMappingFactory - Using NULL lifecycle mapping for MavenProject: FlipkartApp:MavenMultiModule:1.1 @ D:\MavenMultiModule\pom.xml.
2025-02-12 14:15:31,340 [Worker-115: Updating Maven Dependencies] INFO  o.e.m.c.i.l.LifecycleMappingFactory - Using org.eclipse.m2e.jdt.JarLifecycleMapping lifecycle mapping for MavenProject: RazorPay:WishMessageService:1.3 @ D:\MavenMultiModule\WishMessageService\pom.xml.
2025-02-12 14:17:33,317 [Worker-117: Building] INFO  o.e.m.c.i.l.LifecycleMappingFactory - Using NULL lifecycle mapping for MavenProject: FlipkartApp:MavenMultiModule:1.1 @ D:\OctBatchMicroservices\mvnpractise\MavenMultiModule-09\pom.xml.
2025-02-12 14:17:33,335 [Worker-117: Building] INFO  o.e.m.c.i.l.LifecycleMappingFactory - Using org.maven.ide.eclipse.wtp.WarLifecycleMapping lifecycle mapping for MavenProject: UPIID:WishAppService:1.3 @ D:\MavenMultiModule\WishAppService\pom.xml.
2025-02-12 14:17:33,343 [Worker-117: Building] INFO  o.e.m.c.i.p.WorkspaceClassifierResolverManager - Resolving P/WishMessageService: RazorPay:WishMessageService:1.3 with classifier  to /WishMessageService/target/classes
2025-02-12 14:17:33,359 [Worker-117: Building] INFO  o.e.m.c.i.l.LifecycleMappingFactory - Using org.eclipse.m2e.jdt.JarLifecycleMapping lifecycle mapping for MavenProject: RazorPay:WishMessageService:1.3 @ D:\MavenMultiModule\WishMessageService\pom.xml.
2025-02-12 14:17:47,642 [Worker-107: Updating Maven Dependencies] INFO  o.e.m.c.i.l.LifecycleMappingFactory - Using org.maven.ide.eclipse.wtp.WarLifecycleMapping lifecycle mapping for MavenProject: UPIID:WishAppService:1.3 @ D:\MavenMultiModule\WishAppService\pom.xml.
2025-02-12 14:17:47,656 [Worker-107: Updating Maven Dependencies] INFO  o.e.m.c.i.p.WorkspaceClassifierResolverManager - Resolving P/WishMessageService: RazorPay:WishMessageService:1.3 with classifier  to /WishMessageService/target/classes
2025-02-12 14:17:47,680 [Worker-107: Updating Maven Dependencies] INFO  o.e.m.c.i.l.LifecycleMappingFactory - Using org.eclipse.m2e.jdt.JarLifecycleMapping lifecycle mapping for MavenProject: RazorPay:WishMessageService:1.3 @ D:\MavenMultiModule\WishMessageService\pom.xml.
2025-02-12 15:28:47,918 [Worker-7: Loading available Gradle versions] INFO  o.e.b.c.i.u.g.PublishedGradleVersions - Gradle version information cache is up-to-date. Trying to read.
2025-02-23 11:56:08,570 [Worker-0: Loading available Gradle versions] INFO  o.e.b.c.i.u.g.PublishedGradleVersions - Gradle version information cache is up-to-date. Trying to read.
2025-03-02 15:24:14,007 [Worker-2: Loading available Gradle versions] INFO  o.e.b.c.i.u.g.PublishedGradleVersions - Gradle version information cache is up-to-date. Trying to read.
2026-09-14 14:56:17,920 [Worker-4: Loading available Gradle versions] INFO  o.e.b.c.i.u.g.PublishedGradleVersions - Gradle version information cache is not available. Remote download required.
2026-09-14 14:56:21,524 [Worker-1: Building] INFO  o.e.m.c.i.embedder.EclipseLogger - Using 'UTF-8' encoding to copy filtered resources.
2026-09-14 14:56:21,524 [Worker-1: Building] INFO  o.e.m.c.i.embedder.EclipseLogger - skip non existing resourceDirectory D:\OctBatchMicroservices\mvnpractise\ChildProject-07\src\main\resources
2026-09-14 14:56:21,537 [Worker-1: Building] INFO  o.e.m.c.i.embedder.EclipseLogger - Using 'UTF-8' encoding to copy filtered resources.
2026-09-14 14:56:21,537 [Worker-1: Building] INFO  o.e.m.c.i.embedder.EclipseLogger - skip non existing resourceDirectory D:\OctBatchMicroservices\mvnpractise\ChildProject-07\src\test\resources
2026-09-14 14:56:22,176 [Worker-5: Building] INFO  o.e.m.c.i.embedder.EclipseLogger - Using 'UTF-8' encoding to copy filtered resources.
2026-09-14 14:56:22,176 [Worker-5: Building] INFO  o.e.m.c.i.embedder.EclipseLogger - skip non existing resourceDirectory D:\OctBatchMicroservices\mvnpractise\FlipkartApp-08\src\main\resources
2026-09-14 14:56:22,178 [Worker-5: Building] INFO  o.e.m.c.i.embedder.EclipseLogger - Using 'UTF-8' encoding to copy filtered resources.
2026-09-14 14:56:22,178 [Worker-5: Building] INFO  o.e.m.c.i.embedder.EclipseLogger - skip non existing resourceDirectory D:\OctBatchMicroservices\mvnpractise\FlipkartApp-08\src\test\resources
2026-09-14 14:56:23,096 [Worker-5: Building] INFO  o.e.m.c.i.l.LifecycleMappingFactory - Using org.eclipse.m2e.jdt.JarLifecycleMapping lifecycle mapping for MavenProject: pwskills:HibernateProject:1.0.FINAL @ D:\OctBatchMicroservices\mvnpractise\HibernateProject-05\pom.xml.
2026-09-14 14:56:23,260 [Worker-5: Building] INFO  o.e.m.c.i.embedder.EclipseLogger - Using 'UTF-8' encoding to copy filtered resources.
2026-09-14 14:56:23,260 [Worker-5: Building] INFO  o.e.m.c.i.embedder.EclipseLogger - skip non existing resourceDirectory D:\OctBatchMicroservices\mvnpractise\HibernateProject-05\src\main\resources
2026-09-14 14:56:23,262 [Worker-5: Building] INFO  o.e.m.c.i.embedder.EclipseLogger - Using 'UTF-8' encoding to copy filtered resources.
2026-09-14 14:56:23,262 [Worker-5: Building] INFO  o.e.m.c.i.embedder.EclipseLogger - skip non existing resourceDirectory D:\OctBatchMicroservices\mvnpractise\HibernateProject-05\src\test\resources
2026-09-14 14:56:23,606 [Worker-5: Building] WARN  o.a.m.s.f.DefaultMavenResourcesFiltering - Using platform encoding (UTF-8 actually) to copy filtered resources, i.e. build is platform dependent!
2026-09-14 14:56:23,606 [Worker-5: Building] INFO  o.a.m.s.f.DefaultMavenResourcesFiltering - skip non existing resourceDirectory D:\OctBatchMicroservices\mvnpractise\Maven-App-01\src\main\resources
2026-09-14 14:56:23,620 [Worker-5: Building] WARN  o.a.m.s.f.DefaultMavenResourcesFiltering - Using platform encoding (UTF-8 actually) to copy filtered resources, i.e. build is platform dependent!
2026-09-14 14:56:23,621 [Worker-5: Building] INFO  o.a.m.s.f.DefaultMavenResourcesFiltering - skip non existing resourceDirectory D:\OctBatchMicroservices\mvnpractise\Maven-App-01\src\test\resources
2026-09-14 14:56:24,089 [Worker-5: Building] WARN  o.a.m.s.f.DefaultMavenResourcesFiltering - Using platform encoding (UTF-8 actually) to copy filtered resources, i.e. build is platform dependent!
2026-09-14 14:56:24,089 [Worker-5: Building] INFO  o.a.m.s.f.DefaultMavenResourcesFiltering - skip non existing resourceDirectory D:\OctBatchMicroservices\mvnpractise\Maven-App-02\src\main\resources
2026-09-14 14:56:24,091 [Worker-5: Building] WARN  o.a.m.s.f.DefaultMavenResourcesFiltering - Using platform encoding (UTF-8 actually) to copy filtered resources, i.e. build is platform dependent!
2026-09-14 14:56:24,091 [Worker-5: Building] INFO  o.a.m.s.f.DefaultMavenResourcesFiltering - skip non existing resourceDirectory D:\OctBatchMicroservices\mvnpractise\Maven-App-02\src\test\resources
2026-09-14 14:56:24,163 [Worker-5: Building] INFO  o.e.m.c.i.p.WorkspaceClassifierResolverManager - Resolving P/Maven-App-02: pwskills:02-Maven-App:1.4 with classifier  to /Maven-App-02/target/classes
2026-09-14 14:56:24,168 [Worker-5: Building] WARN  o.a.m.s.f.DefaultMavenResourcesFiltering - Using platform encoding (UTF-8 actually) to copy filtered resources, i.e. build is platform dependent!
2026-09-14 14:56:24,168 [Worker-5: Building] INFO  o.a.m.s.f.DefaultMavenResourcesFiltering - skip non existing resourceDirectory D:\OctBatchMicroservices\mvnpractise\Maven-JDBC-App-03\src\main\resources
2026-09-14 14:56:24,170 [Worker-5: Building] WARN  o.a.m.s.f.DefaultMavenResourcesFiltering - Using platform encoding (UTF-8 actually) to copy filtered resources, i.e. build is platform dependent!
2026-09-14 14:56:24,170 [Worker-5: Building] INFO  o.a.m.s.f.DefaultMavenResourcesFiltering - skip non existing resourceDirectory D:\OctBatchMicroservices\mvnpractise\Maven-JDBC-App-03\src\test\resources
2026-09-14 14:56:24,257 [Worker-5: Building] WARN  o.a.m.s.f.DefaultMavenResourcesFiltering - Using platform encoding (UTF-8 actually) to copy filtered resources, i.e. build is platform dependent!
2026-09-14 14:56:24,261 [Worker-5: Building] INFO  o.a.m.s.f.DefaultMavenResourcesFiltering - Copying 0 resource from src\main\resources to target\classes
2026-09-14 14:56:24,263 [Worker-5: Building] WARN  o.a.m.s.f.DefaultMavenResourcesFiltering - Using platform encoding (UTF-8 actually) to copy filtered resources, i.e. build is platform dependent!
2026-09-14 14:56:24,264 [Worker-5: Building] INFO  o.a.m.s.f.DefaultMavenResourcesFiltering - skip non existing resourceDirectory D:\OctBatchMicroservices\mvnpractise\Maven-webApp-04\src\test\resources
2026-09-14 14:56:25,177 [Worker-5: Building] INFO  o.a.m.s.f.DefaultMavenResourcesFiltering - Copying 0 resource from src\main\resources to target\classes
2026-09-14 14:56:25,180 [Worker-5: Building] INFO  o.a.m.s.f.DefaultMavenResourcesFiltering - Copying 0 resource from src\test\resources to target\test-classes
2026-09-14 14:56:25,292 [Worker-5: Building] INFO  o.e.m.c.i.embedder.EclipseLogger - Using 'UTF-8' encoding to copy filtered resources.
2026-09-14 14:56:25,292 [Worker-5: Building] INFO  o.e.m.c.i.embedder.EclipseLogger - skip non existing resourceDirectory D:\MavenMultiModule\WishMessageService\src\main\resources
2026-09-14 14:56:25,295 [Worker-5: Building] INFO  o.e.m.c.i.embedder.EclipseLogger - Using 'UTF-8' encoding to copy filtered resources.
2026-09-14 14:56:25,295 [Worker-5: Building] INFO  o.e.m.c.i.embedder.EclipseLogger - skip non existing resourceDirectory D:\MavenMultiModule\WishMessageService\src\test\resources
2026-09-14 14:56:25,345 [Worker-5: Building] INFO  o.e.m.c.i.p.WorkspaceClassifierResolverManager - Resolving P/WishMessageService: RazorPay:WishMessageService:1.3 with classifier  to /WishMessageService/target/classes
2026-09-14 14:56:25,377 [Worker-5: Building] INFO  o.e.m.c.i.embedder.EclipseLogger - Using 'UTF-8' encoding to copy filtered resources.
2026-09-14 14:56:25,377 [Worker-5: Building] INFO  o.e.m.c.i.embedder.EclipseLogger - skip non existing resourceDirectory D:\MavenMultiModule\WishAppService\src\main\resources
2026-09-14 14:56:25,379 [Worker-5: Building] INFO  o.e.m.c.i.embedder.EclipseLogger - Using 'UTF-8' encoding to copy filtered resources.
2026-09-14 14:56:25,379 [Worker-5: Building] INFO  o.e.m.c.i.embedder.EclipseLogger - skip non existing resourceDirectory D:\MavenMultiModule\WishAppService\src\test\resources
2026-09-14 14:57:14,086 [Worker-3: Launching App] WARN  o.a.m.s.f.DefaultMavenResourcesFiltering - Using platform encoding (UTF-8 actually) to copy filtered resources, i.e. build is platform dependent!
2026-09-14 14:57:14,086 [Worker-3: Launching App] INFO  o.a.m.s.f.DefaultMavenResourcesFiltering - skip non existing resourceDirectory D:\OctBatchMicroservices\mvnpractise\Maven-App-01\src\main\resources
2026-09-14 14:57:14,090 [Worker-3: Launching App] WARN  o.a.m.s.f.DefaultMavenResourcesFiltering - Using platform encoding (UTF-8 actually) to copy filtered resources, i.e. build is platform dependent!
2026-09-14 14:57:14,091 [Worker-3: Launching App] INFO  o.a.m.s.f.DefaultMavenResourcesFiltering - skip non existing resourceDirectory D:\OctBatchMicroservices\mvnpractise\Maven-App-01\src\test\resources
2026-09-14 14:58:57,579 [Worker-3: Loading available Gradle versions] INFO  o.e.b.c.i.u.g.PublishedGradleVersions - Gradle version information cache is up-to-date. Trying to read.
2026-09-14 14:58:59,804 [Worker-8: Building] INFO  o.e.m.c.i.p.WorkspaceClassifierResolverManager - Resolving P/WishMessageService: RazorPay:WishMessageService:1.3 with classifier  to /WishMessageService/target/classes
